Metric,Value
Best Accuracy,0.8029953917050692
Best Macro F1,0.8079808520804239
Optimal Radius,18.0
Learning Rate,0.027483432604745766
Max Depth,4.0
Number of Estimators,300.0
Reg Lambda,3.0479676575489965
