PDB_Code,Label,Ranking_Score,Isoelectric_Point,Charge,Shannon_Entropy,Avg_Native,Avg_Decoy,Avg_F_index,Global_pLDDT,Global_PAE,Avg_MW,NCD,RCO,Norm_ALA,Weight_ALA,Norm_ARG,Weight_ARG,Norm_ASN,Weight_ASN,Norm_ASP,Weight_ASP,Norm_CYS,Weight_CYS,Norm_GLN,Weight_GLN,Norm_GLU,Weight_GLU,Norm_GLY,Weight_GLY,Norm_HIS,Weight_HIS,Norm_ILE,Weight_ILE,Norm_LEU,Weight_LEU,Norm_LYS,Weight_LYS,Norm_MET,Weight_MET,Norm_PHE,Weight_PHE,Norm_PRO,Weight_PRO,Norm_SER,Weight_SER,Norm_THR,Weight_THR,Norm_TRP,Weight_TRP,Norm_TYR,Weight_TYR,Norm_VAL,Weight_VAL,target
8Z44,1,0.98,8.339646339416507,4,4.120666617899706,0.0,0.0,0.0,96.41733553467107,1.9407421177870314,117.76631578947368,11.08421052631579,0.5162793022442145,0.06315789473684211,0.0003734873316716403,0.042105263157894736,0.00033715402241796255,0.042105263157894736,0.00041106357821263373,0.031578947368421054,0.002194630214944482,0.010526315789473684,7.080111390678212e-05,0.031578947368421054,0.0011712810955941677,0.06315789473684211,0.00045561714796349406,0.07368421052631578,0.00047947937855497,0.07368421052631578,0.0005993350059725344,0.010526315789473684,0.00026420154608786106,0.11578947368421053,0.001170816016383469,0.042105263157894736,0.0005853080656379461,0.031578947368421054,0.0002091919450322166,0.07368421052631578,0.0005798321799375117,0.010526315789473684,0.00033819436794146895,0.05263157894736842,0.0005095634260214865,0.07368421052631578,0.00034837823477573693,0.05263157894736842,0.00036376871867105365,0.042105263157894736,0.0004154705966357142,0.06315789473684211,0.0003571069100871682,1
7OG7,3,0.91,5.45935115814209,-4,4.205070375076223,0.0,0.0,0.0,93.55187969924812,2.3362497215415456,112.99000000000001,10.598130841121495,0.14651634277802503,0.06542056074766354,0.0005498251994140446,0.028037383177570093,0.0003440873115323484,0.028037383177570093,0.0002602064632810652,0.056074766355140186,0.0004693462688010186,0.028037383177570093,0.0002483159478288144,0.04672897196261682,0.00023256581334862858,0.056074766355140186,0.00043339066905900836,0.06542056074766354,0.0011774577433243394,0.037383177570093455,0.00040827831253409386,0.04672897196261682,0.0004799175076186657,0.08411214953271028,0.0007765875197947025,0.056074766355140186,0.0006691706948913634,0.028037383177570093,0.0001896000758279115,0.08411214953271028,0.0009257604251615703,0.037383177570093455,0.0005112485378049314,0.07476635514018691,0.0008668272057548165,0.056074766355140186,0.001361723174341023,0.018691588785046728,0.00014250475214794278,0.028037383177570093,0.0003171706630382687,0.07476635514018691,0.0010389009257778525,3
2FT7,3,0.94,5.722117805480957,-2,4.068665189122291,0.0,0.0,0.0,96.6951554126474,1.6111797903789307,111.75052631578949,10.263157894736842,0.23173009446693657,0.042105263157894736,0.0003799815021920949,0.010526315789473684,6.619464693358168e-05,0.05263157894736842,0.0006634859601035714,0.08421052631578947,0.0005008777370676398,0.010526315789473684,0.000332904135575518,0.05263157894736842,0.0003097256412729621,0.010526315789473684,4.677807737607509e-05,0.06315789473684211,0.00046963655040599406,0.042105263157894736,0.0006725831772200763,0.042105263157894736,0.0004060184583067894,0.08421052631578947,0.0009906608611345291,0.07368421052631578,0.0005445805145427585,0.06315789473684211,0.0005228655063547194,0.05263157894736842,0.0011384444078430533,0.031578947368421054,0.0002078820252791047,0.05263157894736842,0.00043286362779326737,0.10526315789473684,0.0009918990544974804,0.010526315789473684,0.0029617780819535255,0.021052631578947368,0.00016811500245239586,0.09473684210526316,0.0023436665069311857,3
3P6N,0,0.97,5.235689735412596,-16,3.998446488238181,0.0,0.0,0.0,95.48004688965301,1.9728513135967063,111.88734693877547,11.622448979591837,0.5266882872552006,0.030612244897959183,0.00031150016002357006,0.05102040816326531,0.0003103893541265279,0.01020408163265306,0.00018196291057392955,0.030612244897959183,0.0004131522437091917,0.02040816326530612,0.00015915899712126702,0.05102040816326531,0.0003710714227054268,0.04081632653061224,0.00020093575585633516,0.09183673469387756,0.0008929190807975829,0.05102040816326531,0.00027841125847771764,0.04081632653061224,0.00032063142862170935,0.16326530612244897,0.0013200039975345135,0.02040816326530612,0.0001123970650951378,0.030612244897959183,0.00023003181559033692,0.08163265306122448,0.0007123269024305046,0.05102040816326531,0.00028076794114895165,0.061224489795918366,0.000594833109062165,0.07142857142857142,0.0012434632517397404,0.01020408163265306,4.367995643406175e-05,0.01020408163265306,4.721912046079524e-05,0.08163265306122448,0.0014701689360663295,0
1FT7,2,0.98,4.544641304016113,-17,3.9818702150016407,0.0,0.0,0.0,97.61522840343737,1.380418275646249,106.93151260504197,13.008403361344538,0.3258473932208542,0.15966386554621848,0.001400744542479515,0.01680672268907563,7.799150625942275e-05,0.008403361344537815,5.3997307986719534e-05,0.05042016806722689,0.0006026470218785107,0.008403361344537815,4.22221164626535e-05,0.03361344537815126,0.00048303973744623363,0.04201680672268908,0.0002615577250253409,0.06722689075630252,0.0022847577929496765,0.03361344537815126,0.00033104512840509415,0.09243697478991597,0.0010108851129189134,0.08403361344537816,0.0012662375811487436,0.025210084033613446,0.00013897486496716738,0.04201680672268908,0.00047452590661123395,0.04201680672268908,0.0003955583379138261,0.01680672268907563,0.00012304533447604626,0.06722689075630252,0.0004831544647458941,0.06722689075630252,0.0005257199518382549,0.025210084033613446,0.00013185848365537822,0.025210084033613446,0.00019931413407903165,0.09243697478991597,0.0008776534232310951,2
3WEC,0,0.93,5.242112541198729,-17,3.936450499578227,0.0,0.0,0.0,88.68370201691606,4.110176553628398,106.53090909090905,11.090909090909092,0.402421298596162,0.09090909090909091,0.0012430940987542272,0.04040404040404041,0.00027381806285120547,0.06060606060606061,0.0004069073766004294,0.010101010101010102,0.00010518592171138152,0.020202020202020204,0.00018102645117323846,0.010101010101010102,0.00016382351168431342,0.050505050505050504,0.0005437824875116348,0.09090909090909091,0.0009436607360839844,0.030303030303030304,0.00025857664877548814,0.030303030303030304,0.00022728067415300757,0.16161616161616163,0.0012097267899662256,0.020202020202020204,9.675421460997313e-05,0.050505050505050504,0.00028198465588502586,0.04040404040404041,0.000184402204467915,0.0707070707070707,0.000654904986731708,0.06060606060606061,0.0005110076745040715,0.050505050505050504,0.001293530804105103,0.0,0.0,0.020202020202020204,0.00019604628323577344,0.09090909090909091,0.0005730189150199294,0
1A8Z,3,0.95,8.64948139190674,2,3.9620367802537526,0.0,0.0,0.0,96.5744224137931,1.8029091375112138,112.18555555555552,11.037037037037036,0.22269606015411383,0.046296296296296294,0.0010490769054740667,0.0,0.0,0.037037037037037035,0.000360645615728572,0.06481481481481481,0.0005242234910838306,0.009259259259259259,0.00013031602429691702,0.027777777777777776,0.0001520282676210627,0.009259259259259259,0.00016515090828761458,0.06481481481481481,0.0005404874100349844,0.046296296296296294,0.0003382973081897944,0.06481481481481481,0.000550351629499346,0.037037037037037035,0.0002740799682214856,0.06481481481481481,0.000394437403883785,0.018518518518518517,0.00014926234143786132,0.09259259259259259,0.0013676239177584648,0.05555555555555555,0.00031144829699769616,0.037037037037037035,0.0003512091643642634,0.12037037037037036,0.0008759709890000522,0.018518518518518517,0.00010524234676267952,0.046296296296296294,0.0005377483321353793,0.1388888888888889,0.0013480016496032476,3
4NVN,0,0.96,5.095752143859862,-11,4.0136498545036545,0.0,0.0,0.0,95.38317439862543,2.296722979849379,109.75842105263159,11.37719298245614,0.2584033329275386,0.07017543859649122,0.0009704172261990607,0.02631578947368421,0.0006345237488858402,0.05263157894736842,0.00027369605959393084,0.03508771929824561,0.00016480599879287183,0.0,0.0,0.02631578947368421,0.00013816978025715798,0.043859649122807015,0.0002675522700883448,0.13157894736842105,0.0011146536562591791,0.017543859649122806,0.0003126645169686526,0.03508771929824561,0.00025335801183246076,0.11403508771929824,0.001256717718206346,0.043859649122807015,0.0002450905740261078,0.02631578947368421,0.00019714355585165322,0.10526315789473684,0.0007026217645034194,0.03508771929824561,0.0002812831080518663,0.06140350877192982,0.0005124681047163904,0.05263157894736842,0.00028564504464156926,0.02631578947368421,0.0010040397755801678,0.02631578947368421,0.0001408591924700886,0.07017543859649122,0.0011776364408433437,0
6UGR,2,0.97,6.906471824645997,-1,4.045788910722165,0.0,0.0,0.0,97.45949243533431,1.7036594043815956,115.67807339449536,11.944954128440367,0.3412181682379966,0.045871559633027525,0.00037552558933384717,0.027522935779816515,0.00015582970809191465,0.03669724770642202,0.0002516484528314322,0.01834862385321101,8.751122368266806e-05,0.009174311926605505,4.7159530367935076e-05,0.03669724770642202,0.00023116836382541806,0.045871559633027525,0.0004985222476534545,0.06422018348623854,0.000608704227488488,0.05504587155963303,0.0032083257101476192,0.05504587155963303,0.00044449474080465734,0.14678899082568808,0.001728388131596148,0.027522935779816515,0.00012870335194747895,0.009174311926605505,3.668364297482185e-05,0.06422018348623854,0.0008187173516489565,0.07339449541284404,0.0004211830091662705,0.027522935779816515,0.00025579804787412286,0.045871559633027525,0.00038042094092816114,0.045871559633027525,0.0003720340901054442,0.045871559633027525,0.0002173073880840093,0.11926605504587157,0.0009882708545774221,2
7G3B,2,0.97,7.231136131286622,-3,4.017341818785796,0.0,0.0,0.0,94.32532640269073,3.6632144980465453,113.0092592592593,11.787037037037036,0.7845858427162433,0.037037037037037035,0.00022618469665758312,0.037037037037037035,0.0005806331755593419,0.07407407407407407,0.000776240136474371,0.037037037037037035,0.0002802701492328197,0.0,0.0,0.009259259259259259,7.049961277516559e-05,0.046296296296296294,0.0006446632323786616,0.08333333333333333,0.0005313192959874868,0.06481481481481481,0.00047265435568988323,0.037037037037037035,0.0003892699023708701,0.1111111111111111,0.0008879663073457778,0.037037037037037035,0.00030649371910840273,0.027777777777777776,0.00020024366676807404,0.046296296296296294,0.00031108094844967127,0.07407407407407407,0.0006899405270814896,0.046296296296296294,0.00023044169938657433,0.09259259259259259,0.0007158222142606974,0.0,0.0,0.07407407407407407,0.0007192002958618104,0.06481481481481481,0.0006715271738357842,2
5MSZ,3,0.94,4.924496269226074,-11,4.200503440624771,0.0,0.0,0.0,94.78700527704488,2.463484549638396,116.0481481481481,11.601851851851851,0.29101268067748515,0.027777777777777776,0.00022335301036946476,0.05555555555555555,0.0011087475577369332,0.046296296296296294,0.0010183281265199184,0.08333333333333333,0.0005435323691926897,0.06481481481481481,0.0008651326061226428,0.05555555555555555,0.0009036455303430557,0.07407407407407407,0.0006628825212828815,0.06481481481481481,0.0005428894073702395,0.046296296296296294,0.00035349238896742463,0.037037037037037035,0.0001859143958427012,0.10185185185185185,0.0009707343997433782,0.018518518518518517,8.063345740083605e-05,0.027777777777777776,0.00022046614321880043,0.05555555555555555,0.001185082015581429,0.037037037037037035,0.00023593481455463916,0.05555555555555555,0.0003326790756545961,0.046296296296296294,0.0002542110451031476,0.018518518518518517,0.0023288140073418617,0.037037037037037035,0.00034275741199962795,0.046296296296296294,0.0003428457130212337,3
8Z45,1,0.98,8.339646339416507,4,4.120666617899706,0.0,0.0,0.0,96.41733553467107,1.9407421177870314,117.76631578947368,11.08421052631579,0.5162793022442145,0.06315789473684211,0.0003734873316716403,0.042105263157894736,0.00033715402241796255,0.042105263157894736,0.00041106357821263373,0.031578947368421054,0.002194630214944482,0.010526315789473684,7.080111390678212e-05,0.031578947368421054,0.0011712810955941677,0.06315789473684211,0.00045561714796349406,0.07368421052631578,0.00047947937855497,0.07368421052631578,0.0005993350059725344,0.010526315789473684,0.00026420154608786106,0.11578947368421053,0.001170816016383469,0.042105263157894736,0.0005853080656379461,0.031578947368421054,0.0002091919450322166,0.07368421052631578,0.0005798321799375117,0.010526315789473684,0.00033819436794146895,0.05263157894736842,0.0005095634260214865,0.07368421052631578,0.00034837823477573693,0.05263157894736842,0.00036376871867105365,0.042105263157894736,0.0004154705966357142,0.06315789473684211,0.0003571069100871682,1
1YSO,2,0.96,5.627821922302245,-5,3.9208661235563653,0.0,0.0,0.0,97.48901446654612,1.2655175359904312,102.27421052631581,11.75438596491228,0.2526512175962294,0.08771929824561403,0.0005990403587929904,0.03508771929824561,0.0003023682511411607,0.03508771929824561,0.0002565406321082264,0.05263157894736842,0.0004658047982957214,0.017543859649122806,0.00017405125254299492,0.008771929824561403,5.605426849797368e-05,0.03508771929824561,0.00022666965378448367,0.14912280701754385,0.0012848158366978168,0.05263157894736842,0.0023946883156895638,0.043859649122807015,0.001048706122674048,0.043859649122807015,0.00026841010549105704,0.06140350877192982,0.0003655453328974545,0.008771929824561403,0.0002966792380902916,0.043859649122807015,0.0008873653714545071,0.05263157894736842,0.0003288047737441957,0.07017543859649122,0.0004886467359028757,0.06140350877192982,0.0003287961590103805,0.0,0.0,0.008771929824561403,8.547234756406397e-05,0.13157894736842105,0.0016771795926615596,2
7RKR,0,0.95,8.84810848236084,4,4.006004041467822,0.0,0.0,0.0,92.35519526952694,3.0161656039055846,108.66276595744677,10.904255319148936,0.4012558380902958,0.09574468085106383,0.0009658068884164095,0.010638297872340425,6.219012720976025e-05,0.010638297872340425,7.681550778215751e-05,0.02127659574468085,0.00010650972399162129,0.02127659574468085,0.00018988970259670168,0.02127659574468085,0.00029366390663199127,0.031914893617021274,0.00023155445524025708,0.05319148936170213,0.0008145342580974102,0.031914893617021274,0.0004036217287648469,0.11702127659574468,0.0008089691400527954,0.10638297872340426,0.0008686563232913613,0.031914893617021274,0.0001921019284054637,0.06382978723404255,0.00034291186602786183,0.0425531914893617,0.000459869799669832,0.06382978723404255,0.0007528675487264991,0.10638297872340426,0.0009802485583350062,0.0425531914893617,0.0015755888307467103,0.010638297872340425,6.541612674482167e-05,0.0425531914893617,0.00022144094691611826,0.07446808510638298,0.0005725230439566076,0
7OR2,1,0.95,6.274820137023925,-2,3.9569718634478717,0.0,0.0,0.0,95.33158333333334,2.149128723507295,108.01582417582414,11.274725274725276,0.3747402694771116,0.06593406593406594,0.0008698041783645749,0.02197802197802198,0.00021931242372374982,0.07692307692307693,0.0008775984751991928,0.04395604395604396,0.0002741162315942347,0.01098901098901099,4.500034629018046e-05,0.02197802197802198,0.00030715836328454316,0.054945054945054944,0.00040256130159832537,0.12087912087912088,0.001232097391039133,0.0,0.0,0.054945054945054944,0.0007743205060251057,0.13186813186813187,0.0008558561094105244,0.03296703296703297,0.00022356600675266236,0.02197802197802198,0.00020694250997621566,0.07692307692307693,0.00046191850560717285,0.08791208791208792,0.0008133718511089683,0.04395604395604396,0.0005344742094166577,0.02197802197802198,0.00021782492694910616,0.01098901098901099,0.00010967194975819439,0.03296703296703297,0.00019304727902635932,0.06593406593406594,0.00038253163802437484,1
4MAI,3,0.9,5.763780784606933,-2,4.118044872119559,0.0,0.0,0.0,84.8474147551147,6.023304612482854,111.60925233644862,11.654205607476635,0.33174946975545044,0.07476635514018691,0.0008102590218186378,0.018691588785046728,8.269634417956695e-05,0.056074766355140186,0.0003825147286988795,0.018691588785046728,7.896465103840455e-05,0.037383177570093455,0.0005764221423305571,0.018691588785046728,0.0007701799622736871,0.028037383177570093,0.00017294927965849638,0.04672897196261682,0.0002674096613191068,0.009345794392523364,3.7656762287952006e-05,0.07476635514018691,0.0005852721515111625,0.056074766355140186,0.000571287062484771,0.037383177570093455,0.00032053817994892597,0.06542056074766354,0.000667093729134649,0.06542056074766354,0.000488429912365973,0.12149532710280374,0.0007977292989380658,0.08411214953271028,0.0008986191242001951,0.056074766355140186,0.0008652118849568069,0.028037383177570093,0.0019625024870038033,0.04672897196261682,0.00036248620017431676,0.056074766355140186,0.0016472791321575642,3
8EWQ,0,0.96,8.598293495178225,6,3.824572105962698,0.0,0.0,0.0,92.41947481243301,3.544582381074734,108.0503448275862,10.172413793103448,0.5031495551659199,0.04597701149425287,0.0008802399388514459,0.05747126436781609,0.0003615742898546159,0.034482758620689655,0.00023119525576476008,0.0,0.0,0.022988505747126436,0.0002468038583174348,0.022988505747126436,0.00013089388085063547,0.034482758620689655,0.00029282906325533986,0.06896551724137931,0.0006299854721873999,0.011494252873563218,4.591233664541505e-05,0.11494252873563218,0.0009701487724669278,0.10344827586206896,0.0007623424753546715,0.022988505747126436,9.552503615850583e-05,0.05747126436781609,0.0004666004970204085,0.10344827586206896,0.0008555941167287529,0.04597701149425287,0.0004366154607851058,0.09195402298850575,0.0006523705087602139,0.04597701149425287,0.0008277224260382354,0.0,0.0,0.034482758620689655,0.00024778966326266527,0.034482758620689655,0.00024669370031915605,0
3NT0,3,0.97,6.069119834899902,-12,4.085973803920277,0.0,0.0,0.0,92.2632518022657,4.653895892559553,111.85581818181817,12.763636363636364,0.49362211862211863,0.06363636363636363,0.00040715120849199593,0.045454545454545456,0.00038391025736927986,0.03636363636363636,0.00040394216193817556,0.045454545454545456,0.0003879295545630157,0.01818181818181818,0.0002412617177469656,0.03636363636363636,0.00020728909294120967,0.045454545454545456,0.0007009068503975868,0.12727272727272726,0.007908658124506474,0.09090909090909091,0.0010931314900517464,0.02727272727272727,0.00019809261721093208,0.11818181818181818,0.0010710334172472358,0.02727272727272727,0.00019156848429702222,0.03636363636363636,0.000577154743950814,0.05454545454545454,0.000413677713368088,0.03636363636363636,0.0003060756716877222,0.02727272727272727,0.00025528157129883766,0.045454545454545456,0.0004058265476487577,0.03636363636363636,0.00030529359355568886,0.00909090909090909,3.7710127799073234e-05,0.07272727272727272,0.000535578525159508,3
1BXA,3,0.93,5.688412284851075,-4,4.06014739597677,0.0,0.0,0.0,96.32473358116481,1.5188027210884356,111.07595744680849,10.063829787234043,0.21044937249786336,0.09574468085106383,0.0006140468758530915,0.02127659574468085,0.00014819271746091545,0.02127659574468085,0.00030200296896509826,0.0425531914893617,0.00033861686824820936,0.010638297872340425,0.00011748538963729516,0.010638297872340425,7.664987788302824e-05,0.07446808510638298,0.00041909777792170644,0.05319148936170213,0.00045927168685011566,0.05319148936170213,0.0005229680682532489,0.0425531914893617,0.00046443575411103666,0.0425531914893617,0.0005417102947831154,0.07446808510638298,0.0005210707895457745,0.0425531914893617,0.00031006126664578915,0.0425531914893617,0.0003328686289023608,0.07446808510638298,0.0005286555388011038,0.031914893617021274,0.0004352591058705002,0.0851063829787234,0.0008984953165054321,0.010638297872340425,0.0004706207546405494,0.0425531914893617,0.0006595213199034333,0.1276595744680851,0.0015973846893757582,3
4DPC,3,0.92,4.33661060333252,-9,3.9141248553006807,0.0,0.0,0.0,96.37925474254743,1.6343638404244467,106.87415730337074,9.865168539325843,0.1992782370556167,0.06741573033707865,0.00044011150021106005,0.0,0.0,0.0449438202247191,0.0004180484393145889,0.056179775280898875,0.00037614256143569946,0.011235955056179775,0.0002230000391136855,0.011235955056179775,8.47053452162072e-05,0.0898876404494382,0.000607986468821764,0.0898876404494382,0.000657418102491647,0.02247191011235955,0.0002006842551054433,0.06741573033707865,0.0011254071723669767,0.06741573033707865,0.0006122805643826723,0.056179775280898875,0.0004908256814815104,0.02247191011235955,0.0002587309281807393,0.07865168539325842,0.0014232221292331815,0.0449438202247191,0.00029045026167295873,0.12359550561797752,0.0010110513539984822,0.02247191011235955,0.0001751592062646523,0.0,0.0,0.02247191011235955,0.0004323710163589567,0.10112359550561797,0.0013116670306771994,3
7UHI,2,0.99,6.036153221130371,-5,3.7499925749991974,0.0,0.0,0.0,95.58017614494213,1.84169536271809,105.01256880733946,12.284403669724771,0.19185205993792437,0.1743119266055046,0.0014672853285446763,0.0,0.0,0.01834862385321101,9.067395876627415e-05,0.03669724770642202,0.0008512595668435097,0.009174311926605505,4.05820865125861e-05,0.009174311926605505,6.278810906223953e-05,0.01834862385321101,8.78416103660129e-05,0.08256880733944955,0.0006924396147951484,0.05504587155963303,0.0009948730003088713,0.045871559633027525,0.00025600549997761846,0.1651376146788991,0.0016236300580203533,0.0,0.0,0.027522935779816515,0.0001824981445679441,0.01834862385321101,0.00010663527064025402,0.06422018348623854,0.0008521736017428339,0.05504587155963303,0.0013280526036396623,0.08256880733944955,0.000889106304384768,0.045871559633027525,0.00029665097827091813,0.03669724770642202,0.00028509553521871567,0.05504587155963303,0.00029537364025600255,2
3QM8,0,0.56,8.996965980529787,3,3.9617660291406165,0.0,0.0,0.0,81.04124080882353,13.41614744351962,110.31454545454547,10.383838383838384,0.14908815784302165,0.09090909090909091,0.0004891120479442179,0.020202020202020204,0.00014354473387356848,0.04040404040404041,0.000283097819192335,0.020202020202020204,9.482315363129601e-05,0.010101010101010102,4.214491855236702e-05,0.030303030303030304,0.00014546114834956825,0.050505050505050504,0.00034062136546708643,0.06060606060606061,0.0005913918721489608,0.050505050505050504,0.0003043097967747599,0.08080808080808081,0.000884360633790493,0.16161616161616163,0.0017607237678021193,0.09090909090909091,0.0006740223616361618,0.020202020202020204,0.00020264920021872967,0.04040404040404041,0.0003977032611146569,0.030303030303030304,0.00014079899119678885,0.030303030303030304,0.00040839126450009644,0.06060606060606061,0.00039357252535410225,0.010101010101010102,5.7537617976777256e-05,0.010101010101010102,7.426458614645526e-05,0.09090909090909091,0.0010467132087796926,0
1H3N,2,0.94,5.814651679992676,-17,4.002730649635854,0.0,0.0,0.0,93.25872373213785,4.887011534809388,117.1372972972973,10.22972972972973,1.0190831518440502,0.04054054054054054,0.001015320303849876,0.02702702702702703,0.00014766950334887952,0.04054054054054054,0.0002457170048728585,0.0,0.0,0.0,0.0,0.06756756756756757,0.000529013981577009,0.08108108108108109,0.0010618770029395819,0.08108108108108109,0.0014234884874895215,0.04054054054054054,0.001030786195769906,0.02702702702702703,0.0002276272716699168,0.10810810810810811,0.0010359167354181409,0.04054054054054054,0.00036985645419918,0.05405405405405406,0.000453608256066218,0.06756756756756757,0.00048271918785758317,0.05405405405405406,0.00036867440212517977,0.04054054054054054,0.0002252937265438959,0.013513513513513514,0.00042063865112140775,0.04054054054054054,0.00027721395599655807,0.05405405405405406,0.00032923303660936654,0.12162162162162163,0.003796274308115244,2
2CAK,3,0.95,8.95531940460205,3,3.9476836674545024,0.0,0.0,0.0,96.76220120378332,1.7086144375105414,112.04616822429902,11.046728971962617,0.22702689880924143,0.04672897196261682,0.0010431845439597964,0.0,0.0,0.037383177570093455,0.0003628850681707263,0.056074766355140186,0.00047263482701964676,0.009345794392523364,0.0001328212529188022,0.028037383177570093,0.00015412415086757392,0.009345794392523364,0.0001625914592295885,0.07476635514018691,0.0006036575068719685,0.04672897196261682,0.0003426857874728739,0.07476635514018691,0.0006076137651689351,0.037383177570093455,0.0002743701043073088,0.06542056074766354,0.0003949493693653494,0.018691588785046728,0.00014995777746662498,0.09345794392523364,0.00139338499866426,0.04672897196261682,0.0002750014828052372,0.028037383177570093,0.0003168726107105613,0.1308411214953271,0.0009277946082875133,0.018691588785046728,0.00010764165199361742,0.04672897196261682,0.0005487502785399556,0.1308411214953271,0.00131220743060112,3
1D3S,0,0.92,6.345982551574706,-1,3.959437909092448,0.0,0.0,0.0,92.19535014005602,3.0178638941398868,115.15118181818178,11.3,0.2733416221750896,0.1,0.0011968713952228427,0.01818181818181818,9.296729695051908e-05,0.05454545454545454,0.0002855915226973593,0.08181818181818182,0.0004791563842445612,0.03636363636363636,0.0002366169064771384,0.01818181818181818,7.533989992225543e-05,0.01818181818181818,0.0001714388927211985,0.03636363636363636,0.00019854106358252466,0.02727272727272727,0.0002878665109165013,0.02727272727272727,0.00026412116130813956,0.12727272727272726,0.001267534913495183,0.08181818181818182,0.00040882331086322665,0.00909090909090909,6.282705726334825e-05,0.045454545454545456,0.0003695386985782534,0.00909090909090909,3.9457008824683726e-05,0.045454545454545456,0.0002455869398545474,0.06363636363636363,0.000605110835749656,0.00909090909090909,0.00013799103908240795,0.11818181818181818,0.001014768029563129,0.07272727272727272,0.0006655658944509923,0
2YYM,1,0.99,5.909856986999511,-6,4.087577050270251,0.0,0.0,0.0,95.74312598840275,2.401934008897677,113.35404040404045,11.212121212121213,0.37037037037037035,0.12121212121212122,0.0008451236644759774,0.050505050505050504,0.000935023243073374,0.04040404040404041,0.00023696545395068824,0.050505050505050504,0.00033153154072351754,0.010101010101010102,4.735882976092398e-05,0.030303030303030304,0.00027565425261855125,0.050505050505050504,0.00037976872408762574,0.050505050505050504,0.0011927360901609063,0.030303030303030304,0.0002434734342386946,0.020202020202020204,9.060086449608207e-05,0.12121212121212122,0.0008139688288792968,0.030303030303030304,0.000237625339650549,0.050505050505050504,0.0005841213278472424,0.06060606060606061,0.000638774421531707,0.04040404040404041,0.00029090518364682794,0.030303030303030304,0.0003335429937578738,0.08080808080808081,0.0005851323367096484,0.010101010101010102,6.67596104904078e-05,0.06060606060606061,0.0006114483694545925,0.06060606060606061,0.0005460073589347303,1
2XV2,3,0.93,5.722117805480957,-2,4.062095869127685,0.0,0.0,0.0,96.22228480340064,1.8570368000000002,110.39597938144328,10.350515463917526,0.22439109541216576,0.08247422680412371,0.0008056553779169917,0.010309278350515464,6.463768659159541e-05,0.05154639175257732,0.0006350257317535579,0.08247422680412371,0.00048341977526433766,0.020618556701030927,0.00035646773176267743,0.05154639175257732,0.00030673545552417636,0.010309278350515464,4.5318331103771925e-05,0.061855670103092786,0.00045435369247570634,0.041237113402061855,0.0006524061900563538,0.041237113402061855,0.00039723998634144664,0.08247422680412371,0.000984558486379683,0.07216494845360824,0.0005267772357910872,0.061855670103092786,0.0005117408582009375,0.05154639175257732,0.0011469540186226368,0.010309278350515464,4.2219635361107066e-05,0.05154639175257732,0.00042802756070159376,0.09278350515463918,0.0008116057724691927,0.010309278350515464,0.002578807296231389,0.020618556701030927,0.00016426101501565427,0.09278350515463918,0.0021988239604979753,3
7PQ1,0,0.92,7.25301914215088,-1,3.968806747233481,0.0,0.0,0.0,89.07584682440847,4.305492916845535,107.25878787878783,11.252525252525253,0.4072865096204414,0.09090909090909091,0.001075982698239386,0.020202020202020204,0.00016687551396898925,0.050505050505050504,0.00031148752896115184,0.010101010101010102,0.00011404033284634352,0.020202020202020204,0.00019199572852812707,0.030303030303030304,0.00021331384778022766,0.030303030303030304,0.0003506583452690393,0.06060606060606061,0.0004919489147141576,0.030303030303030304,0.00015159316535573453,0.09090909090909091,0.0005366450059227645,0.1414141414141414,0.000988813815638423,0.030303030303030304,0.00024241016944870353,0.020202020202020204,9.258375212084502e-05,0.050505050505050504,0.0004047719412483275,0.04040404040404041,0.0011447403812780976,0.09090909090909091,0.0007383104530163109,0.08080808080808081,0.0007867902750149369,0.0,0.0,0.030303030303030304,0.00019883191271219403,0.08080808080808081,0.0009336363873444498,0
1YZP,0,0.97,4.6576940536499025,-18,3.8947820783369593,0.0,0.0,0.0,97.5391403575504,1.795391097615517,106.20579439252333,11.962616822429906,0.3490946261682243,0.17757009345794392,0.001449672388844192,0.04672897196261682,0.0006610340205952525,0.028037383177570093,0.00014719173486810178,0.07476635514018691,0.0004256046377122402,0.018691588785046728,0.000152486318256706,0.018691588785046728,0.00011022463877452537,0.056074766355140186,0.00039967134944163263,0.037383177570093455,0.00028950104024261236,0.028037383177570093,0.0006103516207076609,0.04672897196261682,0.0006436190451495349,0.06542056074766354,0.000787894066888839,0.018691588785046728,8.153497037710622e-05,0.028037383177570093,0.00018163812637794763,0.08411214953271028,0.0006937094149179757,0.06542056074766354,0.0003892120730597526,0.08411214953271028,0.0012216870673000813,0.037383177570093455,0.00031749263871461153,0.0,0.0,0.0,0.0,0.08411214953271028,0.000742889940738678,0
6KM5,2,0.97,6.867537117004395,-1,4.045788910722165,0.0,0.0,0.0,97.18821237213835,1.8717850489754222,115.67807339449539,11.954128440366972,0.3431108169573391,0.045871559633027525,0.0003730698663275689,0.027522935779816515,0.00015562665066681802,0.03669724770642202,0.00025041800108738244,0.01834862385321101,8.676707511767745e-05,0.009174311926605505,4.756960697704926e-05,0.03669724770642202,0.00023180493735708296,0.045871559633027525,0.0004914993769489229,0.06422018348623854,0.0006080345483496785,0.05504587155963303,0.003314089262858033,0.05504587155963303,0.00044468551641330123,0.14678899082568808,0.0017319669714197516,0.027522935779816515,0.00012775581853929907,0.009174311926605505,3.6344732507131994e-05,0.06422018348623854,0.0008132499642670155,0.07339449541284404,0.0004205314035061747,0.027522935779816515,0.0002543010050430894,0.045871559633027525,0.00038035924080759287,0.045871559633027525,0.0003707738360390067,0.045871559633027525,0.00021688250126317143,0.11926605504587157,0.0009986537043005228,2
3P6U,0,0.93,5.235689735412596,-15,4.01931814658518,0.0,0.0,0.0,92.36434239300219,3.232343850022862,112.4054545454545,11.595959595959595,0.5215394361735826,0.030303030303030304,0.0003098442975897342,0.050505050505050504,0.00030838605016469955,0.010101010101010102,0.000179910974111408,0.030303030303030304,0.0004032721626572311,0.020202020202020204,0.00015697722847107798,0.050505050505050504,0.0003676203778013587,0.04040404040404041,0.000198708672542125,0.09090909090909091,0.0008844527183100581,0.050505050505050504,0.0002758630143944174,0.04040404040404041,0.0003183631633874029,0.16161616161616163,0.0013099460629746318,0.020202020202020204,0.00011191509838681668,0.030303030303030304,0.00022854861163068563,0.08080808080808081,0.0007069812854751945,0.050505050505050504,0.00027941749431192875,0.06060606060606061,0.0005911151529289782,0.0707070707070707,0.0012246518163010478,0.010101010101010102,4.368984809843823e-05,0.020202020202020204,8.642829925520346e-05,0.08080808080808081,0.0014663477195426822,0
5NS5,2,0.99,6.132438468933105,-12,4.014067397717173,0.0,0.0,0.0,96.85019614361703,1.7593968076825042,110.22344827586203,12.775862068965518,0.341488668621155,0.0603448275862069,0.0003457556013017893,0.04310344827586207,0.0003004141617566347,0.04310344827586207,0.00026651888038031757,0.05172413793103448,0.00060822389787063,0.008620689655172414,5.803307794849388e-05,0.034482758620689655,0.00022491092386189848,0.034482758620689655,0.0002914846409112215,0.09482758620689655,0.0013071511639282107,0.0603448275862069,0.0006678080535493791,0.10344827586206896,0.001056011999025941,0.11206896551724138,0.0007672711508348584,0.0,0.0,0.04310344827586207,0.00036989300861023366,0.05172413793103448,0.0005059695686213672,0.02586206896551724,0.0001346002973150462,0.06896551724137931,0.0009689205326139927,0.034482758620689655,0.00039823021506890655,0.008620689655172414,0.00015025032917037606,0.02586206896551724,0.0005543318693526089,0.09482758620689655,0.0008636811398901045,2
2J18,0,0.93,4.474388313293456,-23,4.104878547979043,0.0,0.0,0.0,89.09952093223997,4.860297983244035,113.76709090909095,11.209090909090909,0.2513160805131608,0.11818181818181818,0.000965197803452611,0.05454545454545454,0.0003853063681162894,0.07272727272727272,0.0004948734422214329,0.045454545454545456,0.00023607633193023503,0.00909090909090909,0.0005354909226298332,0.01818181818181818,0.00015466415788978338,0.05454545454545454,0.0005489495815709233,0.02727272727272727,0.00015491581871174276,0.03636363636363636,0.00021786811703350395,0.06363636363636363,0.00046720533282496035,0.09090909090909091,0.0006154309376142919,0.02727272727272727,0.00016500813944730908,0.01818181818181818,0.00010141855455003679,0.08181818181818182,0.0008395106415264308,0.05454545454545454,0.0007896724273450673,0.08181818181818182,0.0006762201664969325,0.045454545454545456,0.00024687786935828626,0.02727272727272727,0.00023283498012460768,0.02727272727272727,0.0001335001434199512,0.045454545454545456,0.0003059311129618436,0
1REO,1,0.97,6.553899574279785,-3,4.096272821249235,0.0,0.0,0.0,95.71472774193548,2.264816269380507,109.10270000000003,11.44,0.6283479020979021,0.05,0.0003595743328332901,0.06,0.0005172209930606186,0.02,0.00011330432607792318,0.06,0.0003499151498544961,0.01,4.324216570239514e-05,0.02,9.038057032739744e-05,0.06,0.00042643153574317694,0.15,0.0027759072836488485,0.05,0.0005516486708074808,0.07,0.0008396155317313969,0.04,0.00026258875732310116,0.04,0.00020470524032134563,0.04,0.0003083603805862367,0.04,0.0002056691300822422,0.04,0.00041052495362237096,0.08,0.0005066600861027837,0.08,0.0006858666311018169,0.02,0.0005912539782002568,0.03,0.0001859947806224227,0.04,0.00026454858016222715,1
1E1L,1,0.96,6.8039342880249025,0,3.980890768744412,0.0,0.0,0.0,94.78711269614834,2.457796884434247,104.76562500000001,11.239583333333334,0.5472756410256411,0.09375,0.0008107037865556777,0.052083333333333336,0.0004813099803868681,0.03125,0.00026099561364389956,0.03125,0.0002492476487532258,0.0,0.0,0.03125,0.00015958455333020538,0.03125,0.00024092175590340048,0.15625,0.0017596733523532748,0.020833333333333332,0.00016465026419609785,0.0625,0.0003537144511938095,0.052083333333333336,0.000604099128395319,0.03125,0.00020865764236077666,0.010416666666666666,4.554127008304931e-05,0.052083333333333336,0.00045456652878783643,0.0625,0.00045436457730829716,0.07291666666666667,0.00047162329428829253,0.052083333333333336,0.0003407828917261213,0.020833333333333332,0.0001763174805091694,0.03125,0.00033353432081639767,0.10416666666666667,0.001156542683020234,1
1PHA,0,0.97,5.235689735412596,-16,4.01931814658518,0.0,0.0,0.0,95.8972849127182,1.8820917543057458,112.4054545454545,11.595959595959595,0.5190317812269032,0.030303030303030304,0.00030900168349035084,0.050505050505050504,0.00030649700784124434,0.010101010101010102,0.00018294733308721334,0.030303030303030304,0.00041331539978273213,0.020202020202020204,0.0001558249059598893,0.050505050505050504,0.0003686249547172338,0.04040404040404041,0.00019840073946397752,0.09090909090909091,0.000883819826412946,0.050505050505050504,0.00027465325547382236,0.04040404040404041,0.00032098041265271604,0.16161616161616163,0.0013094688765704632,0.020202020202020204,0.00011226593778701499,0.030303030303030304,0.00023052470351103693,0.08080808080808081,0.0007043618825264275,0.050505050505050504,0.00027984267217107117,0.06060606060606061,0.0005924912402406335,0.0707070707070707,0.0012216389877721667,0.010101010101010102,4.382807310321368e-05,0.020202020202020204,8.68898569024168e-05,0.08080808080808081,0.001478128950111568,0
2AW1,2,0.97,6.8566808700561515,-1,4.0572536219218325,0.0,0.0,0.0,96.93758353510898,2.006885705341304,115.70138888888881,11.925925925925926,0.34427478720956983,0.046296296296296294,0.0003777507517952472,0.027777777777777776,0.00015648301632609218,0.037037037037037035,0.00025620206724852324,0.018518518518518517,8.842931856634095e-05,0.009259259259259259,4.746077684103511e-05,0.037037037037037035,0.00023265068011824042,0.046296296296296294,0.0004969510482624173,0.06481481481481481,0.0005911446642130613,0.05555555555555555,0.002829603385180235,0.05555555555555555,0.00043449088116176426,0.1388888888888889,0.001648637349717319,0.027777777777777776,0.0001274023379664868,0.009259259259259259,3.735841528396122e-05,0.06481481481481481,0.0008238218142651021,0.07407407407407407,0.00042216398287564516,0.027777777777777776,0.00025813005049712956,0.046296296296296294,0.0003867284976877272,0.046296296296296294,0.000372443872038275,0.046296296296296294,0.0002156972186639905,0.12037037037037036,0.0009736736537888646,2
8JDY,1,0.95,5.864783668518065,-11,3.90233710222237,0.0,0.0,0.0,94.37888823873611,2.7984749528041033,102.2490625,11.8125,0.42917768959435626,0.07291666666666667,0.0016033680876716971,0.041666666666666664,0.0002418703370494768,0.041666666666666664,0.00024702740483917296,0.0625,0.0005271458649076521,0.041666666666666664,0.00024165348440874368,0.0,0.0,0.052083333333333336,0.000796778651420027,0.1875,0.001996440812945366,0.041666666666666664,0.0006138730677776039,0.020833333333333332,0.00012661585060413927,0.03125,0.00018136727157980204,0.020833333333333332,9.928218059940264e-05,0.020833333333333332,0.0004057635960634798,0.041666666666666664,0.0002103648876072839,0.03125,0.00047739455476403236,0.052083333333333336,0.0007105597178451717,0.09375,0.0009638526826165617,0.010416666666666666,5.2033090469194576e-05,0.020833333333333332,9.63115380727686e-05,0.11458333333333333,0.0007428207318298519,1
2CAL,3,0.94,8.02581424713135,1,3.940870713194645,0.0,0.0,0.0,96.3461658031088,1.8776410782177793,111.90100917431194,11.01834862385321,0.21985501378820402,0.045871559633027525,0.0010471977293491364,0.0,0.0,0.027522935779816515,0.0002763892407529056,0.06422018348623854,0.0005500116385519505,0.009174311926605505,0.00012862769654020667,0.009174311926605505,6.577484600711614e-05,0.027522935779816515,0.00025660343817435205,0.07339449541284404,0.0005741220084019005,0.03669724770642202,0.0002844227710738778,0.06422018348623854,0.0005465834983624518,0.03669724770642202,0.00027116405544802547,0.07339449541284404,0.0004350127128418535,0.027522935779816515,0.00019932966097258031,0.09174311926605505,0.0013590295566245914,0.05504587155963303,0.00030811745091341436,0.027522935779816515,0.00031021691393107176,0.12844036697247707,0.0009069108637049794,0.01834862385321101,0.00010411812399979681,0.045871559633027525,0.000535973347723484,0.13761467889908258,0.0013364150654524565,3
3ORJ,2,0.9,4.3088163375854505,-31,3.848677856354424,0.0,0.0,0.0,93.20600355239787,5.625566492494332,109.50391304347826,11.565217391304348,0.6270022883295194,0.07246376811594203,0.0005003713304176927,0.0,0.0,0.028985507246376812,0.00017592431686352938,0.0,0.0,0.028985507246376812,0.0002052873169304803,0.028985507246376812,0.00016623493866063654,0.08695652173913043,0.0004602079570759088,0.08695652173913043,0.0007125181145966053,0.0,0.0,0.08695652173913043,0.0014118645340204239,0.028985507246376812,0.0002730600826907903,0.028985507246376812,0.0016494500450789928,0.028985507246376812,0.00013581897655967623,0.08695652173913043,0.00048814626643434167,0.07246376811594203,0.0006866324110887945,0.08695652173913043,0.0010737334378063679,0.057971014492753624,0.004257493652403355,0.0,0.0,0.08695652173913043,0.0008863547700457275,0.10144927536231885,0.0007345826015807688,2
8A1H,1,0.96,7.392729377746583,-1,4.138394552205151,0.0,0.0,0.0,95.96968242597897,2.4285067754341685,119.76680412371134,11.649484536082474,0.4855213940333911,0.07216494845360824,0.0008902186527848244,0.07216494845360824,0.0005863825790584087,0.030927835051546393,0.00036775029730051756,0.05154639175257732,0.000602845277171582,0.0,0.0,0.07216494845360824,0.00037359059206210077,0.041237113402061855,0.0006689665606245399,0.061855670103092786,0.00040428689680993557,0.05154639175257732,0.0004482886870391667,0.07216494845360824,0.000699032039847225,0.10309278350515463,0.0007934640161693096,0.020618556701030927,0.00012188779510324821,0.030927835051546393,0.0001754998229444027,0.05154639175257732,0.00032932867179624736,0.030927835051546393,0.00020238335127942264,0.05154639175257732,0.0004555729974526912,0.020618556701030927,0.00019034168508369476,0.061855670103092786,0.0004176267539151013,0.05154639175257732,0.0006155023584142327,0.05154639175257732,0.0005763142253272235,1
8Z3G,1,0.98,8.339646339416507,3,4.111991957335839,0.0,0.0,0.0,96.62271384928718,1.9116214052538356,117.40821052631576,11.063157894736841,0.5189043016675847,0.06315789473684211,0.0003716839128173888,0.042105263157894736,0.00033767116838134825,0.042105263157894736,0.00040728849126026034,0.031578947368421054,0.002247471595183015,0.010526315789473684,7.14986163075082e-05,0.031578947368421054,0.0011766760144382715,0.06315789473684211,0.0004551807069219649,0.07368421052631578,0.00048185570631176233,0.07368421052631578,0.0005963056464679539,0.010526315789473684,0.0002691491972655058,0.12631578947368421,0.0012120044557377696,0.042105263157894736,0.000593248347286135,0.031578947368421054,0.0002079935511574149,0.06315789473684211,0.0005404709954746068,0.010526315789473684,0.000346175191225484,0.05263157894736842,0.0005133081576786935,0.07368421052631578,0.00034845201298594475,0.05263157894736842,0.0003630580031313002,0.042105263157894736,0.00041581038385629654,0.06315789473684211,0.00035853692679665983,1
4CXO,2,0.97,5.906389808654786,-11,4.0515210325357955,0.0,0.0,0.0,96.10371277617675,2.1114497245179065,110.52093457943923,11.878504672897197,0.3195144010529644,0.12149532710280374,0.0008062749984674156,0.028037383177570093,0.0002794040192384273,0.018691588785046728,7.72448765928857e-05,0.037383177570093455,0.0013700921554118395,0.037383177570093455,0.0003123077913187444,0.04672897196261682,0.0005416450439952314,0.037383177570093455,0.00026027948479168117,0.07476635514018691,0.00628282967954874,0.06542056074766354,0.0012732562609016895,0.11214953271028037,0.0011932911584153771,0.102803738317757,0.0008178860880434513,0.028037383177570093,0.00017009297152981162,0.009345794392523364,0.000527705589774996,0.018691588785046728,0.00043071742402389646,0.028037383177570093,0.00024005485465750098,0.07476635514018691,0.0004987625288777053,0.018691588785046728,0.00010090364958159626,0.037383177570093455,0.0003813855873886496,0.04672897196261682,0.00036041054408997297,0.056074766355140186,0.0004955161712132394,2
5GRT,1,0.97,7.0252084732055655,-1,3.8876769562692455,0.0,0.0,0.0,96.99490872789502,1.833762781089869,101.94593023255814,11.255813953488373,0.46940467038247163,0.08139534883720931,0.0006051873206160963,0.023255813953488372,0.00015595417062286288,0.023255813953488372,0.0001102825190173462,0.03488372093023256,0.0002437353105051443,0.03488372093023256,0.00043467062641866505,0.0,0.0,0.011627906976744186,0.0001272800291189924,0.16279069767441862,0.0011817272752523422,0.011627906976744186,4.8076504754135385e-05,0.06976744186046512,0.0006071939715184271,0.046511627906976744,0.0008062150445766747,0.03488372093023256,0.00029692641692236066,0.03488372093023256,0.00021867905161343515,0.046511627906976744,0.0002988450287375599,0.06976744186046512,0.0004814431886188686,0.05813953488372093,0.00036885865847580135,0.05813953488372093,0.0005978152621537447,0.023255813953488372,0.00011592607188504189,0.023255813953488372,0.0003136470913887024,0.1511627906976744,0.0011709476821124554,1
7Y2E,2,0.97,6.867537117004395,-1,4.045788910722165,0.0,0.0,0.0,97.18850462737457,1.871733970314284,115.67807339449539,11.954128440366972,0.3431108169573391,0.045871559633027525,0.0003730541793629527,0.027522935779816515,0.00015562782937195152,0.03669724770642202,0.00025039303000085056,0.01834862385321101,8.675915887579322e-05,0.009174311926605505,4.757539863931015e-05,0.03669724770642202,0.0002318069018656388,0.045871559633027525,0.0004914605524390936,0.06422018348623854,0.0006080392049625516,0.05504587155963303,0.003315845038741827,0.05504587155963303,0.0004446669772733003,0.14678899082568808,0.001731954631395638,0.027522935779816515,0.0001277557312278077,0.009174311926605505,3.634984386735596e-05,0.06422018348623854,0.0008132875664159656,0.07339449541284404,0.00042051076889038086,0.027522935779816515,0.0002542543807066977,0.045871559633027525,0.0003803552535828203,0.045871559633027525,0.0003707484866026789,0.045871559633027525,0.00021686585387215018,0.11926605504587157,0.0009986612712964416,2
1DOB,1,0.97,6.3555315017700185,-3,3.969731735136996,0.0,0.0,0.0,96.49927336747758,1.7752190213610246,106.7011538461538,11.35576923076923,0.41007457825832083,0.09615384615384616,0.001260461751371622,0.07692307692307693,0.0004949034773744643,0.019230769230769232,0.0003776682715397328,0.038461538461538464,0.00033318292116746306,0.019230769230769232,0.00010884007497224957,0.028846153846153848,0.0002218779845861718,0.028846153846153848,0.00020856130868196487,0.14423076923076922,0.00259558972902596,0.019230769230769232,0.00014268442464526743,0.028846153846153848,0.00028946431120857596,0.1346153846153846,0.0028097108006477356,0.019230769230769232,0.000383687176508829,0.019230769230769232,0.00012808092287741601,0.028846153846153848,0.00017905139247886837,0.038461538461538464,0.0004372065595816821,0.057692307692307696,0.00042095163371413946,0.04807692307692308,0.00031016088905744255,0.028846153846153848,0.0001336520363111049,0.028846153846153848,0.0001567289582453668,0.09615384615384616,0.0007242410210892558,1
2AQJ,1,0.96,6.33239803314209,-4,4.096937913157696,0.0,0.0,0.0,93.29950823474832,3.7779808874946452,113.20817307692307,11.432692307692308,0.5381704082292812,0.09615384615384616,0.0008971692295745015,0.009615384615384616,5.9276870160829276e-05,0.019230769230769232,8.531301864422858e-05,0.038461538461538464,0.00018561515025794506,0.019230769230769232,0.00013959596981294453,0.019230769230769232,0.00010399537131888792,0.038461538461538464,0.0005636196583509445,0.08653846153846154,0.0007938804337754846,0.04807692307692308,0.00029951470787636936,0.07692307692307693,0.0010811614338308573,0.057692307692307696,0.0005051288171671331,0.038461538461538464,0.00023071117175277323,0.028846153846153848,0.00014373482554219663,0.125,0.0008389694266952574,0.038461538461538464,0.0004001097986474633,0.0673076923076923,0.0016277730464935303,0.04807692307692308,0.0017146439058706164,0.028846153846153848,0.00022813185933046043,0.057692307692307696,0.0006263890536502004,0.057692307692307696,0.00029924907721579075,1
2H2I,2,0.95,5.376650428771973,-6,3.889430609985416,0.0,0.0,0.0,92.82475026014569,2.4142502015587213,105.41375,10.798076923076923,0.2581169943146791,0.09615384615384616,0.0008334775338880718,0.028846153846153848,0.0002434717898722738,0.057692307692307696,0.0025632823817431927,0.019230769230769232,0.00027174592833034694,0.0,0.0,0.019230769230769232,0.001287753228098154,0.04807692307692308,0.0003803854633588344,0.08653846153846154,0.001058561960235238,0.028846153846153848,0.00037932381383143365,0.10576923076923077,0.0011192767415195704,0.11538461538461539,0.0009711283491924405,0.028846153846153848,0.00014406714763026685,0.019230769230769232,0.00010466400271980092,0.04807692307692308,0.00025018263841047883,0.07692307692307693,0.00040060680476017296,0.057692307692307696,0.0004855903680436313,0.038461538461538464,0.0012559224851429462,0.0,0.0,0.009615384615384616,5.631723252008669e-05,0.11538461538461539,0.0008060690015554428,2
1PXC,1,0.97,6.3555315017700185,-3,3.9650180332555234,0.0,0.0,0.0,96.41701344430217,1.7970129351439101,106.54730769230764,11.35576923076923,0.40916270435745455,0.09615384615384616,0.0012623209040611982,0.07692307692307693,0.0004951487644575536,0.019230769230769232,0.00037776987301185727,0.038461538461538464,0.00033303446252830327,0.019230769230769232,0.00010884483344852924,0.028846153846153848,0.0002223083283752203,0.028846153846153848,0.00020847276027780026,0.14423076923076922,0.002594849793240428,0.019230769230769232,0.00014261153410188854,0.028846153846153848,0.0002893922501243651,0.1346153846153846,0.0028104903176426888,0.019230769230769232,0.0003835257957689464,0.019230769230769232,0.00012799995602108538,0.038461538461538464,0.00023418014461640269,0.038461538461538464,0.000437282957136631,0.057692307692307696,0.00042101586586795747,0.04807692307692308,0.0003103663621004671,0.028846153846153848,0.00013366118946578354,0.019230769230769232,0.00010160018427995965,0.09615384615384616,0.0007246583700180054,1
1OWP,1,0.96,6.146079826354979,-1,4.084959969571133,0.0,0.0,0.0,95.40186673717609,2.5992989905463864,112.94602040816316,11.051020408163266,0.4936024271204327,0.12244897959183673,0.0011106189340353012,0.061224489795918366,0.0004876909079030156,0.030612244897959183,0.00039006207953207195,0.061224489795918366,0.0017702917102724314,0.02040816326530612,8.629475632915273e-05,0.061224489795918366,0.00037495046854019165,0.05102040816326531,0.00032877299236133695,0.10204081632653061,0.0011584664462134242,0.030612244897959183,0.000188233214430511,0.04081632653061224,0.00022956839529797435,0.11224489795918367,0.0010761927114799619,0.01020408163265306,0.00047615874791517854,0.04081632653061224,0.00030409899773076177,0.05102040816326531,0.0004125256964471191,0.05102040816326531,0.00047197542153298855,0.02040816326530612,0.00035344003117643297,0.02040816326530612,9.361918637296185e-05,0.04081632653061224,0.00027284325915388763,0.04081632653061224,0.0002409004227956757,0.030612244897959183,0.00029016906046308577,1
3NLC,1,0.97,6.364909934997558,-8,3.9053008270670784,0.0,0.0,0.0,96.70103899249212,2.157502314782825,101.47485436893204,12.766990291262136,0.6454649488722359,0.08737864077669903,0.0007570057059638202,0.019417475728155338,0.0001065036776708439,0.019417475728155338,0.0001109136501327157,0.02912621359223301,0.00022496154997497797,0.02912621359223301,0.00030524999601766467,0.02912621359223301,0.0001772025425452739,0.02912621359223301,0.0002120976714650169,0.1941747572815534,0.0036847470328211784,0.019417475728155338,0.0001584316196385771,0.06796116504854369,0.0011840063380077481,0.038834951456310676,0.0005656850407831371,0.038834951456310676,0.00038047527777962387,0.02912621359223301,0.0001966135314432904,0.07766990291262135,0.00044923601672053337,0.02912621359223301,0.0002494880754966289,0.10679611650485436,0.000902809901162982,0.04854368932038835,0.00034991654683835804,0.0,0.0,0.038834951456310676,0.00027825558208860457,0.06796116504854369,0.00035411849967204034,1
3FG2,1,0.95,6.03251552581787,-5,4.035867881410531,0.0,0.0,0.0,95.58415851272017,2.479095799431428,107.33488888888893,11.28888888888889,0.45154199475065615,0.1,0.0006868081400170922,0.06666666666666667,0.0006047218339517713,0.03333333333333333,0.0002793077437672764,0.03333333333333333,0.00033168468507938087,0.011111111111111112,9.159766341326758e-05,0.06666666666666667,0.0004393935960251838,0.03333333333333333,0.0007538903155364096,0.14444444444444443,0.0010171682806685567,0.011111111111111112,0.00011072023335145786,0.044444444444444446,0.0003601809439714998,0.08888888888888889,0.00048533789231441915,0.022222222222222223,0.00010695755190681666,0.022222222222222223,0.00011543302389327437,0.044444444444444446,0.0003905703197233379,0.05555555555555555,0.00048119210987351835,0.044444444444444446,0.0008823705138638616,0.03333333333333333,0.0002233953564427793,0.022222222222222223,0.00021242168440949172,0.03333333333333333,0.0001618347450857982,0.08888888888888889,0.0008781185024417937,1
1JZG,3,0.94,5.722117805480957,-3,4.054213727959076,0.0,0.0,0.0,96.44865503080081,1.767529296875,111.0578787878788,10.353535353535353,0.22668637595466865,0.050505050505050504,0.00041653605876490474,0.010101010101010102,6.282516551436856e-05,0.050505050505050504,0.0006475229747593403,0.08080808080808081,0.00047162972623482347,0.010101010101010102,0.00033217447344213724,0.050505050505050504,0.00029924034606665373,0.010101010101010102,4.465444362722337e-05,0.0707070707070707,0.0005075035151094198,0.04040404040404041,0.000620565318968147,0.04040404040404041,0.0003798894467763603,0.09090909090909091,0.0010011073900386691,0.0707070707070707,0.0005250739632174373,0.06060606060606061,0.0005216923891566694,0.06060606060606061,0.0012597115710377693,0.020202020202020204,9.593486174708232e-05,0.06060606060606061,0.0005153678357601166,0.10101010101010101,0.0009395287488587201,0.010101010101010102,0.00283326068893075,0.020202020202020204,0.0001593756169313565,0.09090909090909091,0.0021161006297916174,3
1E1N,1,0.96,6.8039342880249025,0,3.980890768744412,0.0,0.0,0.0,94.78711269614834,2.457796884434247,104.76562500000001,11.239583333333334,0.5472756410256411,0.09375,0.0008107037865556777,0.052083333333333336,0.0004813099803868681,0.03125,0.00026099561364389956,0.03125,0.0002492476487532258,0.0,0.0,0.03125,0.00015958455333020538,0.03125,0.00024092175590340048,0.15625,0.0017596733523532748,0.020833333333333332,0.00016465026419609785,0.0625,0.0003537144511938095,0.052083333333333336,0.000604099128395319,0.03125,0.00020865764236077666,0.010416666666666666,4.554127008304931e-05,0.052083333333333336,0.00045456652878783643,0.0625,0.00045436457730829716,0.07291666666666667,0.00047162329428829253,0.052083333333333336,0.0003407828917261213,0.020833333333333332,0.0001763174805091694,0.03125,0.00033353432081639767,0.10416666666666667,0.001156542683020234,1
1OGI,1,0.96,6.449713706970214,-4,4.014971586119775,0.0,0.0,0.0,95.9566024818143,1.99878885377765,114.21785714285707,11.46938775510204,0.31629021715447747,0.030612244897959183,0.0004821763723157346,0.061224489795918366,0.0005044576246291399,0.01020408163265306,4.929654824081808e-05,0.01020408163265306,4.418872049427591e-05,0.02040816326530612,0.0004675308882724494,0.030612244897959183,0.00020649083307944238,0.05102040816326531,0.0003961249894928187,0.10204081632653061,0.0017676502466201782,0.030612244897959183,0.00018700685177464038,0.10204081632653061,0.001529421890154481,0.12244897959183673,0.0009493442485108972,0.030612244897959183,0.00014475210628006607,0.05102040816326531,0.0007606899016536772,0.01020408163265306,9.737036452861503e-05,0.02040816326530612,0.0009483065805397928,0.061224489795918366,0.0006202053045853972,0.07142857142857142,0.002159721218049526,0.030612244897959183,0.00016665266593918204,0.07142857142857142,0.0006043381290510297,0.08163265306122448,0.0005272949347272515,1
3DSO,3,0.65,8.185115623474118,1,3.8604081333852127,0.0,0.0,0.0,75.00986086956522,7.651223520818115,113.7602985074627,9.238805970149254,0.15070045571817808,0.014925373134328358,0.0001438376639271155,0.04477611940298507,0.00032554008066654205,0.05970149253731343,0.0006364788860082626,0.07462686567164178,0.0006078191800042987,0.0,0.0,0.014925373134328358,7.70847182138823e-05,0.07462686567164178,0.00108244305010885,0.1044776119402985,0.0018445015884935856,0.014925373134328358,0.001333975000306964,0.04477611940298507,0.0004614079953171313,0.04477611940298507,0.0006584544316865504,0.14925373134328357,0.0015801043482497334,0.1044776119402985,0.0026440019719302654,0.04477611940298507,0.000434053159551695,0.014925373134328358,8.813550812192261e-05,0.04477611940298507,0.0005667462246492505,0.04477611940298507,0.00046998957986943424,0.0,0.0,0.014925373134328358,0.00023756134032737464,0.08955223880597014,0.0021318725775927305,3
3QQX,3,0.97,6.068153572082519,-12,4.088176365571978,0.0,0.0,0.0,92.1242246264812,4.66335496519949,112.02963963963968,12.765765765765765,0.48420403466275025,0.06306306306306306,0.00040292914491146803,0.04504504504504504,0.0003803167201112956,0.036036036036036036,0.00040075602009892464,0.05405405405405406,0.00044407587847672403,0.02702702702702703,0.00033793921465985477,0.036036036036036036,0.000205220261705108,0.04504504504504504,0.0006703132530674338,0.12612612612612611,0.007838726975023746,0.09009009009009009,0.0010783510515466332,0.02702702702702703,0.0001958608190761879,0.11711711711711711,0.0010630905162543058,0.02702702702702703,0.00018969886878039688,0.036036036036036036,0.0005787689588032663,0.05405405405405406,0.0004093900788575411,0.036036036036036036,0.00030375842470675707,0.018018018018018018,0.00015354313654825091,0.04504504504504504,0.0004022289940621704,0.036036036036036036,0.00030131751555018127,0.009009009009009009,3.730415119207464e-05,0.07207207207207207,0.0005311256973072886,3
1DZ0,3,0.94,7.151391029357909,0,4.082564726080141,0.0,0.0,0.0,96.5630905306972,1.7664443242593595,112.65099999999995,10.69,0.2244621141253508,0.08,0.0007023239741101861,0.01,6.197057518875226e-05,0.04,0.00045259748003445566,0.07,0.000436570611782372,0.02,0.00033356479252688587,0.04,0.0002149538486264646,0.04,0.00025784826721064746,0.05,0.00035904443939216435,0.05,0.0007091772276908159,0.04,0.0003122294438071549,0.06,0.002973993308842182,0.1,0.0007913120789453387,0.06,0.0004920876235701144,0.04,0.000683475867845118,0.01,5.2221115765860304e-05,0.04,0.00041270762449130416,0.08,0.0008081505657173693,0.01,0.00010604364069877192,0.04,0.0008130408241413534,0.12,0.0020242633763700724,3
5SSZ,3,0.92,6.089354515075683,-8,4.152107401021552,0.0,0.0,0.0,89.13577647058823,7.666659318118645,114.49330578512402,12.239669421487603,0.3695905714811859,0.10743801652892562,0.0009690556325949728,0.06611570247933884,0.0006042128661647439,0.0743801652892562,0.0006845518364571035,0.04132231404958678,0.0003005846228916198,0.04132231404958678,0.00030444253934547305,0.008264462809917356,3.781014675041661e-05,0.05785123966942149,0.001247155712917447,0.049586776859504134,0.0007991728489287198,0.024793388429752067,0.00021688184642698616,0.024793388429752067,0.00024310508160851896,0.03305785123966942,0.00041594213689677417,0.03305785123966942,0.00026224253815598786,0.024793388429752067,0.00014998549886513501,0.04132231404958678,0.0007962661911733449,0.0743801652892562,0.0005884204874746501,0.08264462809917356,0.0006188199622556567,0.03305785123966942,0.0002442215627525002,0.04132231404958678,0.0005574510432779789,0.0743801652892562,0.0005734311416745186,0.06611570247933884,0.0008200086886063218,3
1OF0,3,0.98,5.907356071472168,-13,4.077833377054779,0.0,0.0,0.0,97.30189950980392,2.0437370242214534,112.48327586206898,12.508620689655173,0.4387818151572043,0.07758620689655173,0.0031936645973473787,0.04310344827586207,0.00038131180917844176,0.04310344827586207,0.0005234446725808084,0.0603448275862069,0.00043879044824279845,0.017241379310344827,0.00011145815369673073,0.008620689655172414,5.7447279687039554e-05,0.02586206896551724,0.00039891028427518904,0.08620689655172414,0.0005498275277204812,0.08620689655172414,0.0009612580179236829,0.08620689655172414,0.0007641763659194112,0.10344827586206896,0.0008219376322813332,0.008620689655172414,6.127537199063227e-05,0.017241379310344827,7.519800419686362e-05,0.04310344827586207,0.00017665301857050508,0.04310344827586207,0.0005765173118561506,0.034482758620689655,0.0003053095715586096,0.0603448275862069,0.0005154400132596493,0.02586206896551724,0.00026264804182574153,0.05172413793103448,0.0004033225413877517,0.07758620689655173,0.0005169933428987861,3
3FKG,0,0.98,4.385605812072753,-23,4.034122378695708,0.0,0.0,0.0,97.9730029648454,1.5409321842356107,107.97684210526315,11.947368421052632,0.28816626735708584,0.11403508771929824,0.0010014482541009784,0.03508771929824561,0.00048481300473213196,0.03508771929824561,0.00016692228382453322,0.043859649122807015,0.00025207610451616347,0.017543859649122806,0.00011494969658087939,0.02631578947368421,0.00016527451225556433,0.05263157894736842,0.0003956132859457284,0.08771929824561403,0.0005543390288949013,0.02631578947368421,0.0004947690176777542,0.07894736842105263,0.0005692135309800506,0.07017543859649122,0.001094874576665461,0.017543859649122806,8.578132838010788e-05,0.03508771929824561,0.000286579568637535,0.09649122807017543,0.0007477145409211516,0.06140350877192982,0.00032699087751097977,0.06140350877192982,0.0011765608796849847,0.03508771929824561,0.0003137057938147336,0.017543859649122806,0.00012320803944021463,0.0,0.0,0.08771929824561403,0.0006517571746371686,0
6RTM,1,0.97,6.301250267028809,-4,3.847247040938738,0.0,0.0,0.0,96.33238444444444,2.2453517292617735,99.91543209876542,11.666666666666666,0.6443791233914691,0.1111111111111111,0.0010558830108493567,0.04938271604938271,0.0002518510154914111,0.037037037037037035,0.00022011427790857852,0.037037037037037035,0.0003161659697070718,0.037037037037037035,0.0004966338747180998,0.037037037037037035,0.0005840053199790418,0.04938271604938271,0.0002492518106009811,0.18518518518518517,0.0016398046864196658,0.0,0.0,0.04938271604938271,0.000540892593562603,0.06172839506172839,0.002074317540973425,0.037037037037037035,0.00024912331718951464,0.0,0.0,0.012345679012345678,6.001516885589808e-05,0.06172839506172839,0.0009024848695844412,0.04938271604938271,0.00042522704461589456,0.07407407407407407,0.006262383423745632,0.0,0.0,0.037037037037037035,0.00020582707657013088,0.07407407407407407,0.0008525471203029156,1
3T87,2,0.97,5.140086555480956,-10,4.016338715032116,0.0,0.0,0.0,97.76161184210525,1.54139160390963,112.78955752212387,11.495575221238939,0.15961222724083196,0.08849557522123894,0.0015173614956438541,0.035398230088495575,0.0001703080051811412,0.05309734513274336,0.0003004721365869045,0.07964601769911504,0.0009508745861239731,0.0,0.0,0.008849557522123894,4.6451135858660564e-05,0.04424778761061947,0.0006968886591494083,0.09734513274336283,0.0014347719261422753,0.04424778761061947,0.004556798376142979,0.061946902654867256,0.0007023387006483972,0.061946902654867256,0.0006105236243456602,0.02654867256637168,0.00011275411816313863,0.017699115044247787,0.00012175666051916778,0.035398230088495575,0.0005061104311607778,0.017699115044247787,8.573130617151037e-05,0.07079646017699115,0.0007750429795123637,0.04424778761061947,0.0007512964657507837,0.017699115044247787,0.0001423740031896159,0.11504424778761062,0.0007029506377875805,0.07964601769911504,0.0010901637142524123,2
7HUX,2,0.9,5.5792245864868155,-5,3.9487950543276384,0.0,0.0,0.0,92.43063677130046,3.326957947530864,108.75205882352935,10.480392156862745,0.1953080577413379,0.049019607843137254,0.0008131469367071986,0.058823529411764705,0.0005511281779035926,0.00980392156862745,0.00024249688431154937,0.08823529411764706,0.0008103596046566963,0.058823529411764705,0.0003820345737040043,0.0196078431372549,0.00010489804117241874,0.0196078431372549,0.00010233996727038175,0.09803921568627451,0.0015319710364565253,0.0392156862745098,0.0002522880968172103,0.049019607843137254,0.002480920869857073,0.10784313725490197,0.0010057379258796573,0.00980392156862745,4.801830436917953e-05,0.00980392156862745,9.367095481138676e-05,0.0196078431372549,0.00032448957790620625,0.0196078431372549,0.00010869701509363949,0.10784313725490197,0.0007892426219768822,0.0392156862745098,0.00023925707500893623,0.0196078431372549,9.127427620114759e-05,0.049019607843137254,0.0003353202482685447,0.12745098039215685,0.0016897076275199652,2
1CRI,0,0.93,9.569832038879394,8,4.076304396133146,0.0,0.0,0.0,96.13048406139316,1.7029235253772292,112.77051546391752,9.70103092783505,0.15670979545778235,0.07216494845360824,0.00041166594019159675,0.030927835051546393,0.00026967580197378993,0.061855670103092786,0.0004990925081074238,0.030927835051546393,0.00023178498668130487,0.020618556701030927,0.00023371691349893808,0.020618556701030927,0.0001232939539477229,0.061855670103092786,0.00040929249371401966,0.09278350515463918,0.0006512040854431689,0.041237113402061855,0.00035708671202883124,0.05154639175257732,0.0005230437964200974,0.08247422680412371,0.001030751853249967,0.13402061855670103,0.0007202753331512213,0.020618556701030927,0.00037277553929015994,0.05154639175257732,0.0005539779085665941,0.041237113402061855,0.00031184032559394836,0.020618556701030927,0.00024158514861483127,0.08247422680412371,0.0005698191234841943,0.010309278350515464,0.00015570562391076237,0.041237113402061855,0.00025686854496598244,0.030927835051546393,0.00023422983940690756,0
4D3T,0,0.96,5.490157890319824,-13,4.130699890080487,0.0,0.0,0.0,96.27483168990139,2.007830194438509,118.78765957446808,11.202127659574469,0.499242286476329,0.07446808510638298,0.000459809583844617,0.06382978723404255,0.0004088407149538398,0.0851063829787234,0.0008125489111989737,0.031914893617021274,0.00022806489141657948,0.010638297872340425,0.0001223204017151147,0.02127659574468085,0.0002811700105667114,0.0425531914893617,0.00021450110943987966,0.0425531914893617,0.00041946658166125417,0.02127659574468085,0.00021302465756889433,0.1276595744680851,0.002242166316136718,0.07446808510638298,0.0004537310160230845,0.031914893617021274,0.00018106389325112104,0.031914893617021274,0.00027835238142870367,0.031914893617021274,0.0004785007913596928,0.031914893617021274,0.0006230218568816781,0.05319148936170213,0.0004549109726212919,0.05319148936170213,0.00032422671210952103,0.06382978723404255,0.00044884171802550554,0.06382978723404255,0.00046110423863865435,0.0425531914893617,0.00026442480157129467,0
1DVE,0,0.95,5.958454322814942,-5,3.8296847990767504,0.0,0.0,0.0,95.27679862306368,1.951294872914665,116.61292929292928,10.232323232323232,0.2165684485526539,0.1111111111111111,0.0008973704534582794,0.050505050505050504,0.0015802672132849693,0.010101010101010102,0.00013982773816678673,0.020202020202020204,0.0002900513354688883,0.0,0.0,0.020202020202020204,0.00010944296809611842,0.08080808080808081,0.00044400658225640655,0.04040404040404041,0.00048224907368421555,0.06060606060606061,0.0005119309644214809,0.030303030303030304,0.0003105955256614834,0.18181818181818182,0.001462517655454576,0.06060606060606061,0.00028526928508654237,0.020202020202020204,0.00014072823978494853,0.08080808080808081,0.0005471213953569531,0.020202020202020204,9.200686326948926e-05,0.020202020202020204,0.00018183891370426863,0.06060606060606061,0.0005827292334288359,0.0,0.0,0.0707070707070707,0.0009555167052894831,0.06060606060606061,0.00036568683572113514,0
1DS4,0,0.96,5.026408576965332,-11,4.001239745920438,0.0,0.0,0.0,96.00315610378561,2.2022471382998683,110.32567567567564,11.396396396396396,0.26562689171384823,0.07207207207207207,0.0009853560477495193,0.02702702702702703,0.0006591890705749393,0.05405405405405406,0.000285674148472026,0.036036036036036036,0.00016885386139620095,0.0,0.0,0.02702702702702703,0.00014049957098904997,0.04504504504504504,0.00027550599770620465,0.13513513513513514,0.0012020677095279098,0.009009009009009009,0.0002181154559366405,0.036036036036036036,0.0002589348878245801,0.10810810810810811,0.0012564131757244468,0.04504504504504504,0.00025243504205718637,0.02702702702702703,0.00020358401525299996,0.10810810810810811,0.0007236116216517985,0.036036036036036036,0.00028798781568184495,0.06306306306306306,0.0005213025724515319,0.036036036036036036,0.00022147658455651253,0.036036036036036036,0.0010816508438438177,0.02702702702702703,0.00014355129678733647,0.07207207207207207,0.001181375584565103,0
2E0P,2,0.98,4.888176155090332,-21,3.916365429881109,0.0,0.0,0.0,97.90548218290554,1.6786943079577432,110.6221495327103,12.130841121495328,0.5812248894777011,0.07476635514018691,0.00186101533472538,0.009345794392523364,0.00013861745537724346,0.028037383177570093,0.00024233122530858964,0.056074766355140186,0.00041740984306670725,0.009345794392523364,3.746712172869593e-05,0.018691588785046728,0.0001341510214842856,0.04672897196261682,0.000641861988697201,0.12149532710280374,0.000907302659470588,0.009345794392523364,0.00018818481476046145,0.08411214953271028,0.0013059822376817465,0.102803738317757,0.0009306534193456173,0.037383177570093455,0.0002531935751903802,0.0,0.0,0.04672897196261682,0.0005867396830581129,0.04672897196261682,0.0002589950745459646,0.028037383177570093,0.0003141085326205939,0.09345794392523364,0.0026401085779070854,0.018691588785046728,0.0002862823603209108,0.11214953271028037,0.001063050120137632,0.056074766355140186,0.0005255602300167084,2
7XJ4,2,0.81,9.371914100646972,5,3.824330352140149,0.0,0.0,0.0,81.27177074422583,6.636133507499662,110.929801980198,10.96039603960396,0.23068323092471849,0.0891089108910891,0.0013163251569494605,0.009900990099009901,4.1132003389066085e-05,0.0594059405940594,0.00037748177419416606,0.04950495049504951,0.00047303474275395274,0.0,0.0,0.09900990099009901,0.000848163093905896,0.0594059405940594,0.0005182120949029922,0.0594059405940594,0.0004696441756095737,0.0,0.0,0.07920792079207921,0.003356919391080737,0.10891089108910891,0.0013936135219410062,0.06930693069306931,0.0003992952115368098,0.0,0.0,0.009900990099009901,0.000128991057863459,0.019801980198019802,8.806180267129093e-05,0.019801980198019802,0.0002150204381905496,0.07920792079207921,0.0007119435467757285,0.019801980198019802,0.00014681035827379674,0.04950495049504951,0.0007597807561978698,0.1188118811881188,0.0011213334510102868,2
3F7L,3,0.94,5.716263389587403,-2,3.9973162160296654,0.0,0.0,0.0,95.20378461538459,2.5677405737041705,108.1991262135922,12.41747572815534,0.44130350622831854,0.06796116504854369,0.0004028602852486074,0.05825242718446602,0.000328398949932307,0.038834951456310676,0.00018293022003490478,0.0970873786407767,0.0008291071280837059,0.009708737864077669,9.21753016882576e-05,0.009708737864077669,4.193706263322383e-05,0.04854368932038835,0.00038083907566033304,0.10679611650485436,0.0030501296278089285,0.009708737864077669,8.630626689409837e-05,0.04854368932038835,0.00023950697504915297,0.05825242718446602,0.0005599701544269919,0.02912621359223301,0.0002240056055597961,0.009708737864077669,4.3206509872106835e-05,0.04854368932038835,0.00036966431071050465,0.04854368932038835,0.0003970687685068697,0.04854368932038835,0.000524485541973263,0.11650485436893204,0.002070074202492833,0.009708737864077669,3.821413338300772e-05,0.038834951456310676,0.00047481144429184496,0.0970873786407767,0.0005994730163365602,3
1VXA,0,0.86,8.709565925598145,2,3.835038062329886,0.0,0.0,0.0,89.41110928512737,4.0310222563971125,111.93835051546391,9.814432989690722,0.13188729099887378,0.10309278350515463,0.0007720589055679739,0.030927835051546393,0.0002202758623752743,0.010309278350515464,7.89559562690556e-05,0.030927835051546393,0.00017440614465158433,0.0,0.0,0.020618556701030927,0.00012568692909553647,0.05154639175257732,0.0004598360974341631,0.061855670103092786,0.0005249737296253443,0.08247422680412371,0.000508179422467947,0.09278350515463918,0.0012676181504502892,0.14432989690721648,0.0016769133508205414,0.13402061855670103,0.0006453435053117573,0.010309278350515464,8.287553646368906e-05,0.041237113402061855,0.00035286066122353077,0.020618556701030927,0.00010271767678204924,0.041237113402061855,0.000471172301331535,0.030927835051546393,0.0002799633948598057,0.010309278350515464,7.467031537089497e-05,0.010309278350515464,0.00010488850239198655,0.07216494845360824,0.0006964516942389309,0
5NQM,3,0.94,5.5921838760375975,-7,3.6262772458825863,0.0,0.0,0.0,93.67223739495799,2.4411775147929,108.70317073170727,11.268292682926829,0.17305458768873402,0.14634146341463414,0.0019089039415121078,0.07317073170731707,0.0004370668320916593,0.012195121951219513,0.00011790625285357237,0.036585365853658534,0.0004811001708731055,0.2073170731707317,0.0052924263291060925,0.036585365853658534,0.0003643397649284452,0.0975609756097561,0.001102761714719236,0.012195121951219513,0.00020853927708230913,0.012195121951219513,4.7852205170784146e-05,0.04878048780487805,0.0004343431210145354,0.06097560975609756,0.0004593574267346412,0.012195121951219513,0.0001537779753562063,0.06097560975609756,0.0008150412468239665,0.012195121951219513,0.00031870606471784413,0.0,0.0,0.04878048780487805,0.00030392513144761324,0.06097560975609756,0.0005225493805482984,0.0,0.0,0.0,0.0,0.06097560975609756,0.000734696863219142,3
3AXB,1,0.94,5.45804386138916,-12,3.814439267720555,0.0,0.0,0.0,90.21986674391657,4.989693777901785,102.19407766990291,12.398058252427184,0.6756354015403213,0.13592233009708737,0.001092204125598073,0.04854368932038835,0.0003466269699856639,0.02912621359223301,0.00017674379341769964,0.05825242718446602,0.000617708545178175,0.0,0.0,0.009708737864077669,4.1836148739093915e-05,0.009708737864077669,5.7760480558499694e-05,0.13592233009708737,0.002831764053553343,0.009708737864077669,0.0001377676526317373,0.02912621359223301,0.0005291492561809719,0.02912621359223301,0.00015969715605024248,0.038834951456310676,0.00032979174284264445,0.038834951456310676,0.0003510100650601089,0.05825242718446602,0.0002985211613122374,0.038834951456310676,0.0002761788200587034,0.11650485436893204,0.0016960583161562681,0.038834951456310676,0.0005574484239332378,0.019417475728155338,0.00010203805868513882,0.019417475728155338,0.00027675615274347365,0.13592233009708737,0.000971733417827636,1
2WEG,2,0.96,6.8566808700561515,-1,4.045788910722165,0.0,0.0,0.0,96.9271303926321,2.0648052354616064,115.67807339449539,11.926605504587156,0.343817925194072,0.045871559633027525,0.00037306855665519834,0.027522935779816515,0.00015527788491453975,0.03669724770642202,0.00025268649915233254,0.01834862385321101,8.679914753884077e-05,0.009174311926605505,4.776293644681573e-05,0.03669724770642202,0.00023226953635457903,0.045871559633027525,0.0004880016786046326,0.06422018348623854,0.0005958978435955942,0.05504587155963303,0.0030839117243885994,0.05504587155963303,0.00043751951307058334,0.14678899082568808,0.0017027659341692924,0.027522935779816515,0.00012654741294682026,0.009174311926605505,3.65287451131735e-05,0.06422018348623854,0.0008144711027853191,0.07339449541284404,0.00041950290324166417,0.027522935779816515,0.00025442912010475993,0.045871559633027525,0.0003823998849838972,0.045871559633027525,0.00036940156132914126,0.045871559633027525,0.00021550978999584913,0.11926605504587157,0.0009905374608933926,2
3PB9,2,0.89,7.868769264221191,-13,3.9650716474615284,0.0,0.0,0.0,86.78732936078006,4.4399881481481485,116.30032258064514,9.580645161290322,0.18543861554614244,0.07526881720430108,0.002400714671239257,0.053763440860215055,0.001068884157575667,0.043010752688172046,0.00028050917899236083,0.0,0.0,0.0,0.0,0.03225806451612903,0.00021816296793986112,0.07526881720430108,0.0008368486305698752,0.03225806451612903,0.00017223229224327952,0.043010752688172046,0.00036218209424987435,0.06451612903225806,0.000498685403726995,0.15053763440860216,0.002022941829636693,0.053763440860215055,0.0002638845471665263,0.06451612903225806,0.0015300832455977798,0.06451612903225806,0.000991865643300116,0.010752688172043012,4.575654020300135e-05,0.06451612903225806,0.0006446518818847835,0.07526881720430108,0.0006168314721435308,0.010752688172043012,5.402678289101459e-05,0.03225806451612903,0.0002903534041251987,0.053763440860215055,0.0007125322008505464,2
4BTE,3,0.97,6.329215049743653,0,3.870994609387648,0.0,0.0,0.0,97.68164244186046,1.1335239783808517,104.11561983471074,11.892561983471074,0.16817808510271712,0.1322314049586777,0.0019471582490950823,0.03305785123966942,0.00018973408441524953,0.01652892561983471,8.674189302837476e-05,0.024793388429752067,0.00014283099153544754,0.01652892561983471,0.00013202907575760037,0.01652892561983471,9.406927711097524e-05,0.08264462809917356,0.0005302210338413715,0.09090909090909091,0.0007548659923486412,0.01652892561983471,8.536819950677454e-05,0.0743801652892562,0.0009463848546147346,0.12396694214876033,0.0019449562532827258,0.06611570247933884,0.0003106352232862264,0.024793388429752067,0.00015548009832855314,0.01652892561983471,0.00015937122225295752,0.049586776859504134,0.0007437358726747334,0.04132231404958678,0.0003027658967766911,0.05785123966942149,0.0005444776616059244,0.0,0.0,0.008264462809917356,5.307833635015413e-05,0.10743801652892562,0.002375675830990076,3
4NVA,0,0.96,5.095752143859862,-11,4.0136498545036545,0.0,0.0,0.0,95.38317439862543,2.296722979849379,109.75842105263159,11.37719298245614,0.2584033329275386,0.07017543859649122,0.0009704172261990607,0.02631578947368421,0.0006345237488858402,0.05263157894736842,0.00027369605959393084,0.03508771929824561,0.00016480599879287183,0.0,0.0,0.02631578947368421,0.00013816978025715798,0.043859649122807015,0.0002675522700883448,0.13157894736842105,0.0011146536562591791,0.017543859649122806,0.0003126645169686526,0.03508771929824561,0.00025335801183246076,0.11403508771929824,0.001256717718206346,0.043859649122807015,0.0002450905740261078,0.02631578947368421,0.00019714355585165322,0.10526315789473684,0.0007026217645034194,0.03508771929824561,0.0002812831080518663,0.06140350877192982,0.0005124681047163904,0.05263157894736842,0.00028564504464156926,0.02631578947368421,0.0010040397755801678,0.02631578947368421,0.0001408591924700886,0.07017543859649122,0.0011776364408433437,0
1SOG,0,0.96,5.017825889587402,-12,4.024723058436041,0.0,0.0,0.0,96.0662704745905,2.068450645564348,111.25232142857136,11.446428571428571,0.26395698685090263,0.0625,0.0009164764196611941,0.026785714285714284,0.0006188928964547813,0.0625,0.0003153230354655534,0.044642857142857144,0.00021059166465420276,0.0,0.0,0.026785714285714284,0.00013807264622300863,0.044642857142857144,0.00027687379042617977,0.125,0.0010947531554847956,0.017857142857142856,0.00032278004800900817,0.017857142857142856,9.957421571016312e-05,0.10714285714285714,0.0012427082983776927,0.044642857142857144,0.00025207435828633606,0.026785714285714284,0.00020228888024576008,0.10714285714285714,0.0007259657722897828,0.03571428571428571,0.00027983105974271894,0.0625,0.0005302281933836639,0.05357142857142857,0.00040660094236955047,0.03571428571428571,0.0011528797913342714,0.026785714285714284,0.00014255930727813393,0.07142857142857142,0.0011212100507691503,0
1HFC,2,0.95,4.854015922546386,-12,4.098794001816322,0.0,0.0,0.0,96.31282730923695,1.7729847052618768,114.21989898989901,10.494949494949495,0.1784738627857011,0.10101010101010101,0.0024701510556042194,0.030303030303030304,0.0002535941603127867,0.050505050505050504,0.0002587721683084965,0.0707070707070707,0.00046647083945572376,0.0,0.0,0.030303030303030304,0.00021714824833907187,0.050505050505050504,0.001293498557060957,0.06060606060606061,0.0006027379422448575,0.0707070707070707,0.0011392142623662949,0.0707070707070707,0.0006688486319035292,0.10101010101010101,0.0018816821975633502,0.020202020202020204,0.00014760503836441785,0.020202020202020204,0.0001879483024822548,0.06060606060606061,0.0005775918252766132,0.020202020202020204,0.00012391222117003053,0.06060606060606061,0.0005280692130327225,0.06060606060606061,0.0002852554025594145,0.030303030303030304,0.0001922798401210457,0.050505050505050504,0.00030595913995057344,0.04040404040404041,0.00043591379653662443,2
3PN5,2,0.92,5.414391517639159,-4,3.99378346942094,0.0,0.0,0.0,91.91946451612903,3.4292410534510993,113.49193877551022,10.489795918367347,0.22003295481616772,0.04081632653061224,0.0003090585523750633,0.04081632653061224,0.0003134878061246127,0.04081632653061224,0.00024415820371359587,0.05102040816326531,0.0006236890330910683,0.01020408163265306,0.0001801794278435409,0.04081632653061224,0.0005267697852104902,0.061224489795918366,0.0016511832363903522,0.07142857142857142,0.000595213146880269,0.02040816326530612,0.0013075447641313076,0.08163265306122448,0.0005776254693046212,0.10204081632653061,0.0012311663012951612,0.030612244897959183,0.00015251351578626782,0.04081632653061224,0.000324059248669073,0.08163265306122448,0.0007534846081398427,0.08163265306122448,0.0005248310626484454,0.02040816326530612,0.00044814968714490533,0.01020408163265306,4.7585988795617595e-05,0.0,0.0,0.04081632653061224,0.000498819223139435,0.1326530612244898,0.0008974286029115319,2
1FUA,2,0.97,6.115386772155761,-5,4.013112143057894,0.0,0.0,0.0,95.15649910233394,2.1303580313683073,107.46999999999996,11.663865546218487,0.18174993340275591,0.15126050420168066,0.003748735412955284,0.03361344537815126,0.00021784304408356547,0.05042016806722689,0.0004902597283944488,0.01680672268907563,7.606652798131108e-05,0.03361344537815126,0.0005110885249450803,0.03361344537815126,0.00015329882444348186,0.058823529411764705,0.0004652921634260565,0.05042016806722689,0.0003482797765173018,0.06722689075630252,0.0008740177727304399,0.058823529411764705,0.0013851766707375646,0.11764705882352941,0.0012496225535869598,0.025210084033613446,0.0002687328669708222,0.03361344537815126,0.00019105301180388778,0.01680672268907563,0.00011435775377321988,0.025210084033613446,0.0001263282902073115,0.06722689075630252,0.0003734680649358779,0.05042016806722689,0.0003967526135966182,0.01680672268907563,0.00014290399849414825,0.008403361344537815,6.064603803679347e-05,0.08403361344537816,0.0013706699246540666,2
3DJJ,1,0.97,7.715461158752441,1,3.812152736976806,0.0,0.0,0.0,95.5716929460581,3.0265375256035436,100.05882352941174,11.458823529411765,0.5162942384345935,0.10588235294117647,0.0006976953009143472,0.011764705882352941,0.00010962432861560956,0.023529411764705882,0.00012179199256934226,0.03529411764705882,0.0002682985505089164,0.03529411764705882,0.0005234414129517972,0.0,0.0,0.011764705882352941,0.00010169068264076486,0.16470588235294117,0.0012676256010308862,0.0,0.0,0.07058823529411765,0.0005136752151884139,0.03529411764705882,0.0010003908537328243,0.03529411764705882,0.0002998842392116785,0.03529411764705882,0.00021117154392413795,0.047058823529411764,0.00026760317268781364,0.07058823529411765,0.0005118034314364195,0.058823529411764705,0.00036314825410954654,0.07058823529411765,0.0007517091580666602,0.023529411764705882,0.00010866348748095334,0.023529411764705882,0.0002567873743828386,0.1411764705882353,0.0011067104060202837,1
2QDW,3,0.94,5.688412284851075,-4,4.052303473891219,0.0,0.0,0.0,97.22498756218906,1.4001360544217687,110.65494736842105,10.063157894736841,0.20844527637084342,0.10526315789473684,0.0006470984662882984,0.021052631578947368,0.0001474322925787419,0.021052631578947368,0.0002995900867972523,0.042105263157894736,0.000334746902808547,0.010526315789473684,0.00011689332313835621,0.010526315789473684,7.621697295689955e-05,0.07368421052631578,0.0004113193426746875,0.05263157894736842,0.0004538420762401074,0.05263157894736842,0.0005200708983466029,0.042105263157894736,0.0004593542544171214,0.042105263157894736,0.0005314876907505095,0.07368421052631578,0.0005142526351846755,0.042105263157894736,0.0003080001915805042,0.042105263157894736,0.0003297245712019503,0.07368421052631578,0.0005228795344009995,0.031578947368421054,0.00043005720362998545,0.08421052631578947,0.000885792775079608,0.010526315789473684,0.00046740585821680725,0.042105263157894736,0.0006523908814415336,0.12631578947368421,0.001582818920724094,3
8JDG,1,0.95,5.81897144317627,-11,3.9017837376458853,0.0,0.0,0.0,92.27994340690434,3.597565373398065,100.86774509803922,11.911764705882353,0.42422335189219723,0.0784313725490196,0.001588962390087545,0.029411764705882353,0.00018959744193125516,0.0392156862745098,0.00021484280296135694,0.058823529411764705,0.0004604052228387445,0.0392156862745098,0.0002355075703235343,0.0,0.0,0.0392156862745098,0.0006463736644946039,0.19607843137254902,0.0020636403933167458,0.0392156862745098,0.0005622167373076081,0.029411764705882353,0.00017212210514117032,0.029411764705882353,0.00018705142429098487,0.029411764705882353,0.00013855492579750717,0.029411764705882353,0.0004941679653711617,0.0392156862745098,0.0002037316735368222,0.0392156862745098,0.0004009780823253095,0.049019607843137254,0.0005885759019292891,0.10784313725490197,0.001078778994269669,0.00980392156862745,5.247370063443668e-05,0.0196078431372549,8.473997877445072e-05,0.09803921568627451,0.0006713803159072995,1
3M8M,0,0.97,4.6576940536499025,-18,3.8947820783369593,0.0,0.0,0.0,97.53520349942944,1.7984158369230043,106.20579439252333,11.962616822429906,0.3490946261682243,0.17757009345794392,0.0014496119692921638,0.04672897196261682,0.0006612665602006018,0.028037383177570093,0.00014719074533786625,0.07476635514018691,0.00042563723400235176,0.018691588785046728,0.00015246165276039392,0.018691588785046728,0.00011021114914910868,0.056074766355140186,0.0003997788589913398,0.037383177570093455,0.00028943901997990906,0.028037383177570093,0.0006105445791035891,0.04672897196261682,0.0006435252144001424,0.06542056074766354,0.0007878257310949266,0.018691588785046728,8.153972157742828e-05,0.028037383177570093,0.00018163300410378724,0.08411214953271028,0.0006936505087651312,0.06542056074766354,0.0003891671367455274,0.08411214953271028,0.0012227565748617053,0.037383177570093455,0.0003174160374328494,0.0,0.0,0.0,0.0,0.08411214953271028,0.0007428572862409055,0
1GWU,0,0.97,6.301420783996583,-1,3.9528555617966923,0.0,0.0,0.0,97.18947720618989,1.6299619819649982,106.56405405405403,11.198198198198199,0.29134685771853913,0.12612612612612611,0.0009795096702873707,0.036036036036036036,0.0016545694088563323,0.06306306306306306,0.0003333841450512409,0.08108108108108109,0.00047807523515075445,0.018018018018018018,0.00017628063505981117,0.02702702702702703,0.00016458296158816665,0.018018018018018018,8.19526394479908e-05,0.08108108108108109,0.0007414683350361884,0.02702702702702703,0.0006594327860511839,0.07207207207207207,0.0005160953151062131,0.10810810810810811,0.0013461834751069546,0.018018018018018018,0.00010744719475042075,0.018018018018018018,0.00017702676996123046,0.09009009009009009,0.0011920166434720159,0.036036036036036036,0.00019943859660997987,0.07207207207207207,0.0005928343744017184,0.036036036036036036,0.00023249314108397812,0.0,0.0,0.009009009009009009,4.1056588088395074e-05,0.06306306306306306,0.0003605510573834181,0
1DOE,1,0.97,6.3555315017700185,-3,3.946997594594769,0.0,0.0,0.0,96.59013440000001,1.7325130768636143,106.40882352941173,11.372549019607844,0.4225659229208925,0.09803921568627451,0.00128398765809834,0.0784313725490196,0.0005026293802075088,0.0196078431372549,0.00038295568083412945,0.029411764705882353,0.00030144385527819395,0.0196078431372549,0.0001109461736632511,0.0196078431372549,0.0001875452435342595,0.029411764705882353,0.00021235928579699248,0.14705882352941177,0.002669914625585079,0.0196078431372549,0.00014595895481761545,0.029411764705882353,0.00029501746757887304,0.13725490196078433,0.0028118733316659927,0.0196078431372549,0.000391036388464272,0.0196078431372549,0.00012870703358203173,0.029411764705882353,0.0001822712947614491,0.0392156862745098,0.0004448730614967644,0.058823529411764705,0.00042749985004775226,0.049019607843137254,0.0003156748425681144,0.029411764705882353,0.0001360894675599411,0.029411764705882353,0.00015998150047380477,0.09803921568627451,0.0007381141185760498,1
1BEK,0,0.96,5.026920127868652,-12,4.0323642386385075,0.0,0.0,0.0,96.23667520273155,2.0915163968304578,111.056875,11.357142857142858,0.2601218553459119,0.07142857142857142,0.0009929462103173137,0.026785714285714284,0.0006456073024310172,0.044642857142857144,0.00023267728101927787,0.044642857142857144,0.00021703763923142105,0.0,0.0,0.026785714285714284,0.00014041074609849602,0.044642857142857144,0.0002706616069190204,0.125,0.0010970454895868897,0.017857142857142856,0.000318711856380105,0.03571428571428571,0.00025520421331748366,0.11607142857142858,0.0012711153831332922,0.044642857142857144,0.0002507177705410868,0.026785714285714284,0.00020312481501605362,0.10714285714285714,0.0007161847897805274,0.044642857142857144,0.00032194130471907556,0.0625,0.0005159933352842927,0.03571428571428571,0.00022117009211797267,0.03571428571428571,0.0010282908333465457,0.026785714285714284,0.0001422511413693428,0.0625,0.0011621845187619328,0
7VFR,2,0.92,4.749602699279785,-15,3.9024747782480254,0.0,0.0,0.0,92.61906493506493,4.119060981168712,104.71979999999999,11.62,0.6400860585197935,0.18,0.0013034242438152432,0.02,0.00012440361024346203,0.03,0.00015156564768403769,0.05,0.0008207295904867351,0.0,0.0,0.05,0.0003330569015815854,0.05,0.00037314361543394625,0.11,0.009680035524070263,0.01,5.420772868092172e-05,0.01,4.824404459213838e-05,0.07,0.0005203993059694767,0.02,9.749833407113329e-05,0.08,0.0006665959372185171,0.05,0.0002709769760258496,0.06,0.00046075534191913903,0.06,0.0007431625854223967,0.03,0.00036165941855870187,0.02,0.00021502291201613843,0.03,0.0002735719899646938,0.07,0.0005095684318803251,2
5XXI,0,0.95,7.973079109191894,2,3.9800566364236944,0.0,0.0,0.0,90.7712543835986,3.204024835680532,107.8624468085106,10.882978723404255,0.46631725629666604,0.0851063829787234,0.0008835229673422873,0.05319148936170213,0.0002777101472020149,0.031914893617021274,0.00014046912838239223,0.02127659574468085,0.0001779422163963318,0.031914893617021274,0.000314253440592438,0.010638297872340425,9.604505612514913e-05,0.0425531914893617,0.00047944686957634985,0.07446808510638298,0.0008112768409773707,0.02127659574468085,9.611722634872422e-05,0.06382978723404255,0.00041139390668831766,0.14893617021276595,0.0011665667407214642,0.02127659574468085,9.091623360291123e-05,0.02127659574468085,0.00013544912508223206,0.06382978723404255,0.0005245228530839086,0.05319148936170213,0.0004207897000014782,0.07446808510638298,0.0005851782043464482,0.0851063829787234,0.0014774077571928501,0.0,0.0,0.02127659574468085,0.00010610859317239374,0.07446808510638298,0.0004942142986692488,0
1OWN,1,0.96,6.146079826354979,-5,4.084961473001899,0.0,0.0,0.0,94.72737224383917,3.083528703640462,112.70356435643566,11.009900990099009,0.4762803618491346,0.12871287128712872,0.0012163919163867831,0.06930693069306931,0.0005132617079652846,0.0297029702970297,0.00044811502448283136,0.0594059405940594,0.001954544335603714,0.019801980198019802,8.095513476291671e-05,0.0594059405940594,0.00038428985862992704,0.04950495049504951,0.000332449417328462,0.09900990099009901,0.0011445267591625452,0.0297029702970297,0.00018523768812883645,0.039603960396039604,0.000218591871089302,0.10891089108910891,0.00104904908221215,0.009900990099009901,0.00036950496723875403,0.039603960396039604,0.00030555453849956393,0.04950495049504951,0.00038958023651503026,0.04950495049504951,0.0003920466697309166,0.0297029702970297,0.000320978433592245,0.019801980198019802,8.601311128586531e-05,0.039603960396039604,0.0002741773205343634,0.039603960396039604,0.0002453449124004692,0.0297029702970297,0.00025471358094364405,1
2WHZ,2,0.97,5.140086555480956,-10,4.016338715032116,0.0,0.0,0.0,97.76965871710526,1.546304678737382,112.78955752212387,11.495575221238939,0.15961222724083196,0.08849557522123894,0.0015172261046245694,0.035398230088495575,0.00017032132018357515,0.05309734513274336,0.00030044445884414017,0.07964601769911504,0.0009508048533461988,0.0,0.0,0.008849557522123894,4.642385829356499e-05,0.04424778761061947,0.0006966417422518134,0.09734513274336283,0.0014347665710374713,0.04424778761061947,0.004550479352474213,0.061946902654867256,0.0007023510406725109,0.061946902654867256,0.0006105007487349212,0.02654867256637168,0.00011274671123828739,0.017699115044247787,0.00012173803406767547,0.035398230088495575,0.0005061178235337138,0.017699115044247787,8.572878869017586e-05,0.07079646017699115,0.0007747711497358978,0.04424778761061947,0.0007513596210628748,0.017699115044247787,0.00014234792615752667,0.11504424778761062,0.0007029643747955561,0.07964601769911504,0.0010899711633101106,2
7O2S,2,0.9,6.044167518615722,-7,4.153383538194007,0.0,0.0,0.0,85.5591784914115,9.827830599506463,116.45888888888884,12.313131313131313,0.47070375618365773,0.020202020202020204,0.00016097664774861187,0.050505050505050504,0.0003422886657062918,0.050505050505050504,0.0003425630275160074,0.020202020202020204,0.00012652187433559448,0.020202020202020204,0.00012917265121359378,0.04040404040404041,0.00024780724197626114,0.04040404040404041,0.0005961913848295808,0.08080808080808081,0.0007970131118781865,0.06060606060606061,0.0012488795910030603,0.1111111111111111,0.0006911605596542358,0.0707070707070707,0.0005838352954015136,0.010101010101010102,5.004603008273989e-05,0.030303030303030304,0.000270080374320969,0.0707070707070707,0.0007679461850784719,0.0707070707070707,0.0005181363085284829,0.06060606060606061,0.0006181507487781346,0.06060606060606061,0.0006969966925680637,0.04040404040404041,0.0002892284537665546,0.04040404040404041,0.00019330106442794204,0.050505050505050504,0.0004645578737836331,2
2JCW,3,0.96,5.627821922302245,-5,3.9208661235563653,0.0,0.0,0.0,97.48385171790234,1.2667222008629162,102.27421052631581,11.75438596491228,0.2526512175962294,0.08771929824561403,0.0005989724886603653,0.03508771929824561,0.0003023820754606277,0.03508771929824561,0.00025657573132775724,0.05263157894736842,0.0004660317790694535,0.017543859649122806,0.00017406040569767356,0.008771929824561403,5.60737207706552e-05,0.03508771929824561,0.00022665182768832892,0.14912280701754385,0.0012849323684349656,0.05263157894736842,0.0023962061386555433,0.043859649122807015,0.0010489902924746275,0.043859649122807015,0.0002684978535398841,0.06140350877192982,0.0003655810432974249,0.008771929824561403,0.0002969173074234277,0.043859649122807015,0.0008872669422999024,0.05263157894736842,0.0003288631560280919,0.07017543859649122,0.0004887683899141848,0.06140350877192982,0.00032885029213503003,0.0,0.0,0.008771929824561403,8.543447620468214e-05,0.13157894736842105,0.0016766650369390845,3
8K41,1,0.96,8.1604887008667,2,3.8392355678522425,0.0,0.0,0.0,95.41671509971509,2.859630367036011,100.47550561797755,11.325842696629213,0.43664169787765295,0.14606741573033707,0.0008501488482579589,0.033707865168539325,0.0002829266304615885,0.02247191011235955,0.00011752825230360031,0.0449438202247191,0.0003204287204425782,0.02247191011235955,0.0004469166451599449,0.0,0.0,0.056179775280898875,0.0002979462151415646,0.1348314606741573,0.0010724248131737113,0.0,0.0,0.033707865168539325,0.0002746341051533818,0.06741573033707865,0.0008234280394390225,0.0449438202247191,0.00031775826937519014,0.033707865168539325,0.00020623761520255357,0.056179775280898875,0.00034788166522048414,0.0898876404494382,0.0008777964394539595,0.06741573033707865,0.00045136542757973075,0.06741573033707865,0.0006780544645152986,0.0,0.0,0.011235955056179775,0.0001656649837968871,0.06741573033707865,0.0005338736809790134,1
6GEQ,0,0.95,6.211956214904785,-3,3.8005206438545738,0.0,0.0,0.0,93.86232435981616,2.745731302928273,109.72447916666664,10.822916666666666,0.5226379531600899,0.10416666666666667,0.0009237971971742809,0.10416666666666667,0.0006895304541103542,0.041666666666666664,0.00023263956245500594,0.020833333333333332,0.00014607695629820228,0.010416666666666666,0.00012682718806900084,0.010416666666666666,0.0001325953780906275,0.020833333333333332,0.0001042964868247509,0.08333333333333333,0.0009215120226144791,0.041666666666666664,0.0002361927181482315,0.052083333333333336,0.0005088239558972418,0.14583333333333334,0.000948300410527736,0.0,0.0,0.03125,0.0001472276053391397,0.09375,0.0010426212102174759,0.041666666666666664,0.00021803223353344947,0.0625,0.0017342357896268368,0.0625,0.000575399724766612,0.0,0.0,0.0,0.0,0.07291666666666667,0.0004264859016984701,0
1BES,0,0.96,5.026920127868652,-12,4.021544480851338,0.0,0.0,0.0,96.18713798977853,2.0905728557763843,110.81,11.336363636363636,0.26984034409856383,0.07272727272727272,0.0010110292350873351,0.02727272727272727,0.0006566336378455162,0.045454545454545456,0.00023648781643714756,0.045454545454545456,0.000220769303268753,0.0,0.0,0.02727272727272727,0.0001429886615369469,0.03636363636363636,0.00024020858108997345,0.12727272727272726,0.0011194351827725768,0.01818181818181818,0.0003240754595026374,0.03636363636363636,0.0002600554726086557,0.11818181818181818,0.0012944707414135337,0.045454545454545456,0.0002551632351242006,0.02727272727272727,0.0002066984452540055,0.10909090909090909,0.0007283639279194176,0.03636363636363636,0.00029256672132760286,0.06363636363636363,0.0005251779803074896,0.03636363636363636,0.00022496255405712873,0.02727272727272727,0.000997865223325789,0.03636363636363636,0.00018451725190971047,0.06363636363636363,0.001188272493891418,0
1E63,1,0.97,6.266919517517089,-3,4.024216205465971,0.0,0.0,0.0,95.20082431307245,2.7988032375346257,114.93768421052626,11.526315789473685,0.33741888968997835,0.031578947368421054,0.0013996592024341226,0.06315789473684211,0.0005106827593408525,0.010526315789473684,4.623199129127897e-05,0.010526315789473684,4.5002165279584005e-05,0.021052631578947368,0.0005019664531573653,0.021052631578947368,0.0001786829234333709,0.05263157894736842,0.0004433956928551197,0.09473684210526316,0.0015571215189993382,0.031578947368421054,0.0002016717626247555,0.10526315789473684,0.0014064981369301677,0.12631578947368421,0.0009783862624317408,0.031578947368421054,0.00014943275891710073,0.05263157894736842,0.0008587961783632636,0.010526315789473684,9.478701394982636e-05,0.031578947368421054,0.001296025700867176,0.05263157894736842,0.0006283260299824178,0.07368421052631578,0.000880215666256845,0.031578947368421054,0.00017810409190133214,0.07368421052631578,0.0006444334867410362,0.07368421052631578,0.000498620793223381,1
5NQO,3,0.91,5.5921838760375975,-6,3.578714629664414,0.0,0.0,0.0,91.64367943548388,2.658804907004353,108.41073170731701,11.28048780487805,0.17629531970995385,0.14634146341463414,0.0018696509068831801,0.07317073170731707,0.000442464865045622,0.012195121951219513,0.00011178709974046797,0.036585365853658534,0.00047055058530531824,0.2073170731707317,0.005341687239706516,0.036585365853658534,0.0003637654590420425,0.0975609756097561,0.0011260733008384705,0.012195121951219513,0.00021215074229985476,0.0,0.0,0.04878048780487805,0.0004261353169567883,0.07317073170731707,0.0005146839539520442,0.012195121951219513,0.00015763210831210017,0.06097560975609756,0.0008272362174466252,0.012195121951219513,0.00031607437995262444,0.0,0.0,0.04878048780487805,0.0003106884250883013,0.06097560975609756,0.0005292847636155784,0.0,0.0,0.0,0.0,0.06097560975609756,0.0007405426003970206,3
8FDJ,0,0.87,9.00418643951416,3,3.835038062329886,0.0,0.0,0.0,89.87435102040817,3.6157319952774505,111.93835051546392,9.88659793814433,0.13508487148339657,0.10309278350515463,0.0007724881870672107,0.030927835051546393,0.00022158505453262478,0.010309278350515464,8.106511813821271e-05,0.030927835051546393,0.0001736405974952504,0.0,0.0,0.020618556701030927,0.00012498769501689821,0.05154639175257732,0.00046719610691070557,0.061855670103092786,0.0005233195261098444,0.08247422680412371,0.0005054003559052944,0.09278350515463918,0.0012788278982043266,0.14432989690721648,0.0016876902664080262,0.13402061855670103,0.0006481973105110228,0.010309278350515464,8.464585698675364e-05,0.041237113402061855,0.0003524263738654554,0.020618556701030927,0.00010167137952521443,0.041237113402061855,0.00047977175563573837,0.030927835051546393,0.00027839854010380805,0.010309278350515464,7.533242023782805e-05,0.010309278350515464,0.00010776718409033492,0.07216494845360824,0.0006942218169569969,0
4DP8,3,0.92,4.33661060333252,-9,3.9141248553006807,0.0,0.0,0.0,96.37925474254743,1.6343638404244467,106.87415730337074,9.865168539325843,0.1992782370556167,0.06741573033707865,0.00044011150021106005,0.0,0.0,0.0449438202247191,0.0004180484393145889,0.056179775280898875,0.00037614256143569946,0.011235955056179775,0.0002230000391136855,0.011235955056179775,8.47053452162072e-05,0.0898876404494382,0.000607986468821764,0.0898876404494382,0.000657418102491647,0.02247191011235955,0.0002006842551054433,0.06741573033707865,0.0011254071723669767,0.06741573033707865,0.0006122805643826723,0.056179775280898875,0.0004908256814815104,0.02247191011235955,0.0002587309281807393,0.07865168539325842,0.0014232221292331815,0.0449438202247191,0.00029045026167295873,0.12359550561797752,0.0010110513539984822,0.02247191011235955,0.0001751592062646523,0.0,0.0,0.02247191011235955,0.0004323710163589567,0.10112359550561797,0.0013116670306771994,3
2BLI,0,0.86,9.008054542541505,3,3.868410757143203,0.0,0.0,0.0,88.73232215862633,3.9688111410141405,112.12367346938774,9.775510204081632,0.13364364534958034,0.10204081632653061,0.0007554105832241476,0.030612244897959183,0.00021690627909265459,0.01020408163265306,7.875550363678485e-05,0.030612244897959183,0.00017160539573524147,0.0,0.0,0.02040816326530612,0.00012258645438123494,0.05102040816326531,0.00045709856203757226,0.07142857142857142,0.000555804930627346,0.08163265306122448,0.0005006283754482865,0.09183673469387756,0.0012448932975530624,0.1326530612244898,0.0015060707228258252,0.1326530612244898,0.0006364989676512778,0.01020408163265306,8.233934931922704e-05,0.04081632653061224,0.00034557096660137177,0.02040816326530612,0.0001013899891404435,0.04081632653061224,0.000470424274681136,0.030612244897959183,0.0002664803178049624,0.02040816326530612,0.00019359645375516266,0.01020408163265306,0.00010295015817973763,0.07142857142857142,0.0006663916283287108,0
1H5H,0,0.98,6.35189380645752,-1,3.945909030153985,0.0,0.0,0.0,97.37174496644295,1.5271820711755777,106.69045045045041,11.252252252252251,0.2903800517891791,0.13513513513513514,0.0010380070889368653,0.036036036036036036,0.0016775194089859724,0.06306306306306306,0.00033527467167004943,0.08108108108108109,0.00047747805365361273,0.018018018018018018,0.00017412399756722152,0.02702702702702703,0.00016435232828371227,0.018018018018018018,8.18443950265646e-05,0.07207207207207207,0.0006942368927411735,0.02702702702702703,0.000651035807095468,0.07207207207207207,0.000515404564794153,0.10810810810810811,0.0013384377816691995,0.018018018018018018,0.00010866890079341829,0.018018018018018018,0.0001754403638187796,0.09009009009009009,0.0011677414877340198,0.036036036036036036,0.0002010904863709584,0.07207207207207207,0.0005980759160593152,0.036036036036036036,0.00023288918600883335,0.0,0.0,0.009009009009009009,4.171273758402094e-05,0.06306306306306306,0.0003601596981752664,0
4P5S,3,0.94,5.688412284851075,-4,4.025679000070368,0.0,0.0,0.0,96.99708074534162,1.4216689342403626,111.04526315789471,10.0,0.20657063711911358,0.09473684210526316,0.0006072961259633303,0.021052631578947368,0.00014713125710841268,0.021052631578947368,0.00029874921892769635,0.042105263157894736,0.00033559094299562275,0.010526315789473684,0.00011646857456071302,0.010526315789473684,7.58777532610111e-05,0.07368421052631578,0.00040982806240208447,0.05263157894736842,0.00045291444985195994,0.05263157894736842,0.0005174432881176472,0.042105263157894736,0.00046020958689041436,0.042105263157894736,0.0005394809995777905,0.07368421052631578,0.0005130753852427006,0.05263157894736842,0.00034708069870248437,0.042105263157894736,0.0003307294682599604,0.07368421052631578,0.0005214125849306583,0.031578947368421054,0.0004241173737682402,0.08421052631578947,0.0008785981335677207,0.0,0.0,0.05263157894736842,0.0011166951153427362,0.12631578947368421,0.0015781446127220988,3
6YRZ,1,0.98,6.605907249450684,-2,4.028567123528601,0.0,0.0,0.0,96.43384686990923,2.601031177787622,104.56859649122804,13.026315789473685,0.7821666962017839,0.12280701754385964,0.0015703989192843437,0.05263157894736842,0.00035349835525266826,0.03508771929824561,0.0005346583784557879,0.05263157894736842,0.00037631942541338503,0.043859649122807015,0.00022836220159661025,0.05263157894736842,0.0005254975985735655,0.0,0.0,0.11403508771929824,0.0011892719194293022,0.02631578947368421,0.00017211743397638202,0.043859649122807015,0.00045087371836416423,0.06140350877192982,0.0003456379927229136,0.017543859649122806,8.236619760282338e-05,0.043859649122807015,0.0002736079040914774,0.02631578947368421,0.00011726931552402675,0.06140350877192982,0.000395713810576126,0.043859649122807015,0.00063228519866243,0.07894736842105263,0.0010431965347379446,0.008771929824561403,4.4182565034134313e-05,0.02631578947368421,0.00015938446449581534,0.08771929824561403,0.0006122071063145995,1
2J19,0,0.93,4.474388313293456,-23,4.104878547979043,0.0,0.0,0.0,89.02559775571861,4.875883938658404,113.76709090909094,11.218181818181819,0.2512818623839694,0.11818181818181818,0.0009647416300140321,0.05454545454545454,0.00038532231701537967,0.07272727272727272,0.0004947989946231246,0.045454545454545456,0.00023614699603058398,0.00909090909090909,0.0005343829398043454,0.01818181818181818,0.00015459279529750347,0.05454545454545454,0.0005485826404765248,0.02727272727272727,0.00015492909005843103,0.03636363636363636,0.00021791044855490327,0.06363636363636363,0.0004672280338127166,0.09090909090909091,0.0006152014248073101,0.02727272727272727,0.0001650732447160408,0.01818181818181818,0.00010142310929950327,0.08181818181818182,0.0008396734483540058,0.05454545454545454,0.000788987847045064,0.08181818181818182,0.0006766620208509266,0.045454545454545456,0.00024681154172867537,0.02727272727272727,0.00023289621458388865,0.02727272727272727,0.0001335766864940524,0.045454545454545456,0.000305939611280337,0
1HAW,3,0.99,6.7740369796752935,-2,4.028188323965552,0.0,0.0,0.0,97.43969720496894,1.679311047335601,106.88366071428564,12.6875,0.3197697798331155,0.08928571428571429,0.0007846342632547021,0.03571428571428571,0.00019898249593097717,0.044642857142857144,0.0003541515616234392,0.026785714285714284,0.00014771833957638592,0.008928571428571428,4.3878255382878706e-05,0.017857142857142856,0.0002804693940561265,0.017857142857142856,0.0002689735556486994,0.13392857142857142,0.0022499060723930597,0.0625,0.0006818138645030558,0.044642857142857144,0.0010013672290369868,0.09821428571428571,0.0006596370367333293,0.017857142857142856,8.984591840999201e-05,0.044642857142857144,0.00036525496398098767,0.05357142857142857,0.00048691913252696395,0.044642857142857144,0.0007577958749607205,0.044642857142857144,0.000995466485619545,0.0625,0.0010543091921135783,0.017857142857142856,8.23901646072045e-05,0.026785714285714284,0.00026130100013688207,0.10714285714285714,0.0007073412416502833,3
1TJ1,1,0.87,7.775225639343263,1,4.0897292272397126,0.0,0.0,0.0,86.26559325650874,8.970542819615678,115.77395348837209,10.686046511627907,0.46121922210694133,0.11627906976744186,0.0022797260899096727,0.06976744186046512,0.0006401436403393745,0.023255813953488372,0.00012100805179215968,0.046511627906976744,0.00041121672256849706,0.023255813953488372,0.0001148852679762058,0.03488372093023256,0.00028368670609779656,0.05813953488372093,0.0009295621421188116,0.03488372093023256,0.0005180494044907391,0.023255813953488372,0.0001036027679219842,0.046511627906976744,0.00031136826146394014,0.11627906976744186,0.0007775794947519898,0.05813953488372093,0.00040012216777540743,0.023255813953488372,9.947237413143739e-05,0.03488372093023256,0.00015913345851004124,0.023255813953488372,0.00012155786680523306,0.06976744186046512,0.0005131496582180262,0.046511627906976744,0.00022091965365689248,0.011627906976744186,0.00020760713960044086,0.09302325581395349,0.0012282318202778697,0.046511627906976744,0.00042368719005025923,1
5KD1,0,0.83,9.007861137390137,3,3.8300282550047324,0.0,0.0,0.0,87.36505775577558,4.701862531504976,111.25731958762884,9.824742268041238,0.13350136844041063,0.1134020618556701,0.0008585877949371934,0.030927835051546393,0.00021991552785038948,0.010309278350515464,7.917902257759124e-05,0.030927835051546393,0.00017329523689113557,0.0,0.0,0.020618556701030927,0.00012463903112802655,0.05154639175257732,0.0004625394067261368,0.061855670103092786,0.0005287016392685473,0.07216494845360824,0.0004255403473507613,0.09278350515463918,0.0012681528460234404,0.14432989690721648,0.0016959613421931863,0.13402061855670103,0.0006517210276797414,0.010309278350515464,8.300265471916646e-05,0.041237113402061855,0.0003565056249499321,0.020618556701030927,0.00010207409650320187,0.041237113402061855,0.0004744664183817804,0.030927835051546393,0.0002855719067156315,0.010309278350515464,7.563391409348696e-05,0.010309278350515464,0.00010638934327289462,0.07216494845360824,0.0007068043341860175,0
9DTK,1,0.94,5.907128715515137,-6,3.9003162147486163,0.0,0.0,0.0,94.96505301794454,2.4493952779599555,105.4610869565217,11.76086956521739,0.3985574218436069,0.10869565217391304,0.0007707609329372644,0.06521739130434782,0.000518399232532829,0.021739130434782608,0.0007424700306728482,0.03260869565217391,0.00018324314441997558,0.0,0.0,0.0,0.0,0.021739130434782608,0.000151673739310354,0.16304347826086957,0.002424533013254404,0.021739130434782608,0.00011757737229345366,0.07608695652173914,0.0008405798580497503,0.08695652173913043,0.0008659590966999531,0.05434782608695652,0.0003958522283937782,0.03260869565217391,0.00028529667179100215,0.05434782608695652,0.0002901245607063174,0.03260869565217391,0.00028287165332585573,0.05434782608695652,0.0006624905508942902,0.05434782608695652,0.0003914739063475281,0.021739130434782608,0.00018234971503261477,0.021739130434782608,0.00010378399747423828,0.07608695652173914,0.0006569523829966784,1
1QNF,1,0.96,6.146079826354979,-5,4.084961473001899,0.0,0.0,0.0,94.72737224383917,3.083528703640462,112.70356435643566,11.009900990099009,0.4762803618491346,0.12871287128712872,0.0012163919163867831,0.06930693069306931,0.0005132617079652846,0.0297029702970297,0.00044811502448283136,0.0594059405940594,0.001954544335603714,0.019801980198019802,8.095513476291671e-05,0.0594059405940594,0.00038428985862992704,0.04950495049504951,0.000332449417328462,0.09900990099009901,0.0011445267591625452,0.0297029702970297,0.00018523768812883645,0.039603960396039604,0.000218591871089302,0.10891089108910891,0.00104904908221215,0.009900990099009901,0.00036950496723875403,0.039603960396039604,0.00030555453849956393,0.04950495049504951,0.00038958023651503026,0.04950495049504951,0.0003920466697309166,0.0297029702970297,0.000320978433592245,0.019801980198019802,8.601311128586531e-05,0.039603960396039604,0.0002741773205343634,0.039603960396039604,0.0002453449124004692,0.0297029702970297,0.00025471358094364405,1
3TGE,2,0.97,5.545689582824706,-10,3.9257908005849167,0.0,0.0,0.0,94.31362774829417,2.08980955248598,112.40754716981132,11.349056603773585,0.21299738076193164,0.1509433962264151,0.0020518042147159576,0.018867924528301886,0.00013442405906971544,0.02830188679245283,0.000311445037368685,0.04716981132075472,0.0010816591093316674,0.04716981132075472,0.0005923835560679436,0.03773584905660377,0.00025171900051645935,0.018867924528301886,0.00011186995106982067,0.009433962264150943,4.181456461083144e-05,0.0660377358490566,0.0007989128353074193,0.09433962264150944,0.0006066544447094202,0.1509433962264151,0.0013017058372497559,0.02830188679245283,0.00014978830586187541,0.03773584905660377,0.0004884297959506512,0.0660377358490566,0.00046297183143906295,0.009433962264150943,3.8097656215541065e-05,0.05660377358490566,0.00044786263606511056,0.05660377358490566,0.0011776229366660118,0.009433962264150943,9.064769255928695e-05,0.03773584905660377,0.00022098991030361503,0.02830188679245283,0.00014042809198144823,2
3OY0,2,0.97,6.867537117004395,-1,4.0572536219218325,0.0,0.0,0.0,96.59290882778583,1.996800295857988,115.70138888888884,12.064814814814815,0.3455060970410165,0.046296296296296294,0.0003782859130296856,0.027777777777777776,0.00015789770986884832,0.037037037037037035,0.0002608949725981802,0.018518518518518517,8.821472147246823e-05,0.009259259259259259,4.764552795677446e-05,0.037037037037037035,0.00023406864784192294,0.046296296296296294,0.0004953353200107813,0.06481481481481481,0.0005822222447022796,0.05555555555555555,0.00272275204770267,0.05555555555555555,0.00043033252586610615,0.1388888888888889,0.0016244943253695965,0.027777777777777776,0.0001265872997464612,0.009259259259259259,3.7772508221678436e-05,0.06481481481481481,0.0008214794215746224,0.07407407407407407,0.0004242580325808376,0.027777777777777776,0.0002601710439193994,0.046296296296296294,0.0003933127736672759,0.046296296296296294,0.00037468678783625364,0.046296296296296294,0.00021671644935850054,0.12037037037037036,0.0009797306265681982,2
1CCC,0,0.97,5.265700721740722,-9,4.016885196305884,0.0,0.0,0.0,95.18132525083611,2.4994615061955128,110.57401785714282,11.4375,0.2643024422883908,0.08035714285714286,0.0010365431662648916,0.026785714285714284,0.0006065458874218166,0.0625,0.0003162493521813303,0.026785714285714284,0.00013133379979990423,0.0,0.0,0.026785714285714284,0.00013388528896030039,0.044642857142857144,0.0002808540884871036,0.125,0.0010818152222782373,0.017857142857142856,0.0003442892339080572,0.026785714285714284,0.00023152279027272016,0.10714285714285714,0.0012604373041540384,0.044642857142857144,0.000251082907197997,0.026785714285714284,0.00019968277774751186,0.10714285714285714,0.000722372904419899,0.03571428571428571,0.0002740501950029284,0.0625,0.0005480241379700601,0.044642857142857144,0.0002555193495936692,0.03571428571428571,0.0014673731056973338,0.026785714285714284,0.00014399728388525546,0.07142857142857142,0.0010347362840548158,0
1MKR,0,0.96,4.963203620910644,-12,4.013578442107152,0.0,0.0,0.0,95.54101430976431,2.2671271229580268,110.76675675675669,11.396396396396396,0.26757825018694587,0.07207207207207207,0.0009849693160504103,0.02702702702702703,0.0006301930407062173,0.06306306306306306,0.00031778239645063877,0.036036036036036036,0.00016984011745080352,0.0,0.0,0.02702702702702703,0.00013960676733404398,0.04504504504504504,0.0002798375498969108,0.12612612612612611,0.0011009440058842301,0.009009009009009009,0.00010374663543188944,0.018018018018018018,0.00010066623508464545,0.10810810810810811,0.0012518595904111862,0.04504504504504504,0.00025491195265203714,0.02702702702702703,0.00020408187992870808,0.0990990990990991,0.0006973689305596054,0.036036036036036036,0.00028532565920613706,0.06306306306306306,0.0005285764927975833,0.05405405405405406,0.0003830011119134724,0.036036036036036036,0.001156165380962193,0.036036036036036036,0.00036828272277489305,0.07207207207207207,0.0011338564800098538,0
1YYD,0,0.97,4.6576940536499025,-18,3.8947820783369593,0.0,0.0,0.0,97.5336744009129,1.7973981749562569,106.20579439252333,11.962616822429906,0.3490946261682243,0.17757009345794392,0.001449481351301074,0.04672897196261682,0.0006609077099710703,0.028037383177570093,0.00014718349848408252,0.07476635514018691,0.000425586971687153,0.018691588785046728,0.00015246662951540202,0.018691588785046728,0.00011020575038855895,0.056074766355140186,0.0003996760933659971,0.037383177570093455,0.00028944906080141664,0.028037383177570093,0.0006104378262534738,0.04672897196261682,0.0006434211391024292,0.06542056074766354,0.0007877566968090832,0.018691588785046728,8.153683302225545e-05,0.028037383177570093,0.00018163434287998825,0.08411214953271028,0.0006936564459465444,0.06542056074766354,0.00038917374331504107,0.08411214953271028,0.0012216682080179453,0.037383177570093455,0.0003174506709910929,0.0,0.0,0.0,0.0,0.08411214953271028,0.0007428162498399615,0
6CLD,2,0.54,5.525000190734862,0,2.1280852788913944,0.0,0.0,0.0,97.5950909090909,1.5571428571428572,108.82428571428571,3.142857142857143,0.2077922077922078,0.0,0.0,0.0,0.0,0.42857142857142855,0.026159916073083878,0.0,0.0,0.0,0.0,0.14285714285714285,0.1271156370639801,0.0,0.0,0.14285714285714285,0.0013489248231053352,0.0,0.0,0.0,0.0,0.0,0.0,0.0,0.0,0.0,0.0,0.14285714285714285,0.0014224703190848231,0.0,0.0,0.14285714285714285,0.002909725997596979,0.0,0.0,0.0,0.0,0.0,0.0,0.0,0.0,2
5NYA,2,0.97,6.906471824645997,-1,4.045788910722165,0.0,0.0,0.0,97.4608150317228,1.702746445820527,115.67807339449536,11.944954128440367,0.3412181682379966,0.045871559633027525,0.00037553030415438116,0.027522935779816515,0.00015582464402541518,0.03669724770642202,0.0002516411477699876,0.01834862385321101,8.751113637117669e-05,0.009174311926605505,4.715065369964577e-05,0.03669724770642202,0.00023117022647056729,0.045871559633027525,0.0004985221894457936,0.06422018348623854,0.0006085769855417311,0.05504587155963303,0.0032087734434753656,0.05504587155963303,0.0004444630758371204,0.14678899082568808,0.0017282641492784023,0.027522935779816515,0.00012869447527918965,0.009174311926605505,3.668435601866804e-05,0.06422018348623854,0.0008186632767319679,0.07339449541284404,0.0004211307968944311,0.027522935779816515,0.0002557469124440104,0.045871559633027525,0.0003803762374445796,0.045871559633027525,0.0003719964297488332,0.045871559633027525,0.00021728500723838806,0.11926605504587157,0.0009882916929200292,2
4DEF,2,0.91,5.821927070617675,-10,4.0447933582267535,0.0,0.0,0.0,90.7156598016781,5.118452229456245,106.68782608695649,12.339130434782609,0.40111529858749273,0.12173913043478261,0.0015242721419781446,0.008695652173913044,3.870504951919429e-05,0.043478260869565216,0.0007601930992677808,0.06956521739130435,0.000630602182354778,0.034782608695652174,0.00024584413040429354,0.034782608695652174,0.0005241648759692907,0.02608695652173913,0.0001944034593179822,0.0782608695652174,0.0005353338783606887,0.043478260869565216,0.0005960593116469681,0.0782608695652174,0.0010513856541365385,0.0782608695652174,0.0005166745977476239,0.008695652173913044,0.00017761840717867017,0.034782608695652174,0.00038691231748089194,0.05217391304347826,0.0005321468925103545,0.017391304347826087,0.00022510036069434136,0.06086956521739131,0.00041829029214568436,0.06956521739130435,0.0005226312205195427,0.008695652173913044,5.545984095078893e-05,0.034782608695652174,0.0001664082083152607,0.09565217391304348,0.000768753292504698,2
6HQM,0,0.97,4.716351890563964,-30,4.013220815616681,0.0,0.0,0.0,96.61467852684146,1.8642547569658237,108.59364485981307,12.093457943925234,0.45471550939635125,0.1308411214953271,0.001102847745642066,0.037383177570093455,0.00031648590811528265,0.037383177570093455,0.00024520509759895504,0.0,0.0,0.018691588785046728,0.0001533845061203465,0.009345794392523364,0.00021352893963921815,0.04672897196261682,0.0006463304744102061,0.11214953271028037,0.0014079106040298939,0.037383177570093455,0.0002794251777231693,0.07476635514018691,0.0011863608378916979,0.07476635514018691,0.0006000259891152382,0.009345794392523364,4.6358905819943175e-05,0.037383177570093455,0.00028458345332182944,0.056074766355140186,0.0006451386725530028,0.04672897196261682,0.0006952391704544425,0.06542056074766354,0.000556863029487431,0.07476635514018691,0.0004681736754719168,0.04672897196261682,0.00041135348146781325,0.037383177570093455,0.0002817812783177942,0.04672897196261682,0.00027646837406791747,0
7C4N,1,0.89,5.073584938049315,-27,3.9912005305776517,0.0,0.0,0.0,86.96997733282961,7.022511369091086,111.58990566037738,12.00943396226415,0.7703760245446056,0.03773584905660377,0.0002090767811750993,0.04716981132075472,0.0004904356901533902,0.009433962264150943,4.380543396109715e-05,0.04716981132075472,0.000330029841279611,0.009433962264150943,5.6423465139232576e-05,0.04716981132075472,0.00040162605000659823,0.07547169811320754,0.0005249606911092997,0.16037735849056603,0.0021807211451232433,0.009433962264150943,7.430207188008353e-05,0.02830188679245283,0.0001310754887526855,0.08490566037735849,0.0006409223424270749,0.018867924528301886,0.00010626410221448168,0.04716981132075472,0.0005319376359693706,0.10377358490566038,0.0007508768467232585,0.07547169811320754,0.00036660407204180956,0.04716981132075472,0.00026633747620508075,0.03773584905660377,0.00021364058193285018,0.018867924528301886,0.0003695359919220209,0.04716981132075472,0.0002798022760543972,0.04716981132075472,0.00042662580381147563,1
6QVH,3,0.93,4.675598335266113,-8,3.2411719251576305,0.0,0.0,0.0,94.32976562500001,2.1035588309397832,103.50202531645569,11.265822784810126,0.17486843976674726,0.24050632911392406,0.0027170113753527403,0.0759493670886076,0.0006468304782174528,0.0,0.0,0.05063291139240506,0.0005167656927369535,0.21518987341772153,0.0051897489465773106,0.05063291139240506,0.0004963447572663426,0.0759493670886076,0.0009672156302258372,0.012658227848101266,0.0001319054135819897,0.0,0.0,0.02531645569620253,0.00021362655388657004,0.06329113924050633,0.0006153038120828569,0.0,0.0,0.02531645569620253,0.0001792112598195672,0.0,0.0,0.0,0.0,0.02531645569620253,0.00024245459644589573,0.0759493670886076,0.0008475130889564753,0.0,0.0,0.0,0.0,0.06329113924050633,0.0007885462255217135,3
2B5W,2,0.97,4.54628963470459,-34,3.807988682281064,0.0,0.0,0.0,96.35753251445088,1.9844306349990974,104.97219999999997,11.56,0.40736159169550173,0.08,0.0005639897426590323,0.03,0.0001505747059127316,0.02,0.00023794296430423856,0.02,0.00013702143041882664,0.01,0.00015008452464826405,0.0,0.0,0.09,0.0008164662285707891,0.13,0.0009733170154504478,0.06,0.0003945658972952515,0.05,0.0009003981831483543,0.14,0.0012626737589016557,0.02,0.00016706276801414788,0.02,0.00010240783012704924,0.03,0.00022102096409071237,0.04,0.001056248671375215,0.04,0.0005607560160569847,0.08,0.0007243531872518361,0.0,0.0,0.02,0.00010612879850668833,0.12,0.000778808374889195,2
5KOW,1,0.96,5.9190080642700185,-11,3.910814610438414,0.0,0.0,0.0,95.09298654954708,2.7150457241720223,105.73265486725651,11.451327433628318,0.43801206384812136,0.10619469026548672,0.000836446532048285,0.07964601769911504,0.00047268293565139174,0.02654867256637168,0.0016890171682462096,0.04424778761061947,0.0004486636898946017,0.008849557522123894,6.506264617200941e-05,0.035398230088495575,0.0006996914744377136,0.05309734513274336,0.00029695755802094936,0.1415929203539823,0.002059133956208825,0.04424778761061947,0.0003344927972648293,0.061946902654867256,0.0010590063175186515,0.12389380530973451,0.0024713834282010794,0.008849557522123894,5.066027370048687e-05,0.017699115044247787,0.00016122985107358545,0.02654867256637168,0.00018455229292158037,0.04424778761061947,0.0003294644702691585,0.02654867256637168,0.0003008882631547749,0.061946902654867256,0.0004925805842503905,0.0,0.0,0.017699115044247787,8.108020119834691e-05,0.07079646017699115,0.00045699282782152295,1
1HKK,2,0.97,7.09421100616455,0,3.928896839508907,0.0,0.0,0.0,96.8985370950888,1.8680631868131865,112.32444444444441,12.555555555555555,0.43442469749790746,0.12121212121212122,0.0012723025865852833,0.010101010101010102,4.765326957567595e-05,0.050505050505050504,0.00041253611561842263,0.06060606060606061,0.00048342806985601783,0.020202020202020204,0.00020435298210941255,0.0,0.0,0.010101010101010102,7.694330997765064e-05,0.09090909090909091,0.0007581589743494987,0.020202020202020204,0.00010352331446483731,0.04040404040404041,0.00032584468135610223,0.15151515151515152,0.0010922192595899105,0.030303030303030304,0.00013551345909945667,0.04040404040404041,0.0008239956805482507,0.0707070707070707,0.00043149726116098464,0.030303030303030304,0.0003412037331145257,0.020202020202020204,0.00014086659939493984,0.04040404040404041,0.0002829981967806816,0.050505050505050504,0.0007936276961117983,0.0707070707070707,0.0006763537530787289,0.0707070707070707,0.00078143848804757,2
1G4J,2,0.97,6.8566808700561515,-1,4.04748007448761,0.0,0.0,0.0,96.94388646288209,2.0119616582937048,115.2564814814814,11.925925925925926,0.3435127674258109,0.046296296296296294,0.0003778052923735231,0.027777777777777776,0.00015644676750525832,0.037037037037037035,0.0002562467416282743,0.018518518518518517,8.845015690894797e-05,0.009259259259259259,4.7466790420003235e-05,0.037037037037037035,0.00023276412684936076,0.046296296296296294,0.0004967485438100994,0.06481481481481481,0.0005908989114686847,0.05555555555555555,0.002815249375998974,0.05555555555555555,0.0004342444008216262,0.1388888888888889,0.00164705456700176,0.027777777777777776,0.00012735601922031492,0.009259259259259259,3.735399877768941e-05,0.05555555555555555,0.000785487936809659,0.07407407407407407,0.00042230755207128823,0.027777777777777776,0.00025818354333750904,0.046296296296296294,0.00038687692722305655,0.046296296296296294,0.0003726563008967787,0.046296296296296294,0.00021580344764515758,0.12962962962962962,0.0010108606657013297,2
2ACP,0,0.89,6.083556938171386,-2,4.021012304260086,0.0,0.0,0.0,91.63120481927712,3.6539290123456794,115.45962616822425,11.467289719626168,0.26812604254735733,0.04672897196261682,0.0003451984957791865,0.018691588785046728,0.00010164254490518942,0.028037383177570093,0.00014652631944045424,0.056074766355140186,0.0002973836672026664,0.028037383177570093,0.00022449009702540934,0.028037383177570093,0.00015725028060842305,0.037383177570093455,0.00024668563855811954,0.04672897196261682,0.00027501650038175285,0.037383177570093455,0.00040739309042692184,0.028037383177570093,0.00033805769635364413,0.102803738317757,0.0010832117404788733,0.09345794392523364,0.00046678405487909913,0.0,0.0,0.056074766355140186,0.0004792742256540805,0.028037383177570093,0.0001963197864824906,0.08411214953271028,0.0006369536276906729,0.09345794392523364,0.0009222088265232742,0.009345794392523364,0.00013650342589244246,0.102803738317757,0.0008937479578889906,0.07476635514018691,0.0008243367774412036,0
3GYJ,1,0.98,6.381791114807128,-2,3.800830397251115,0.0,0.0,0.0,96.81447314049588,1.8515644683799444,100.08060344827574,12.844827586206897,0.6559766257810692,0.07758620689655173,0.00042028125608339906,0.017241379310344827,0.00013416375441011041,0.05172413793103448,0.0004747314378619194,0.02586206896551724,0.00019086354586761445,0.008620689655172414,9.900640725390986e-05,0.008620689655172414,4.155156057095155e-05,0.02586206896551724,0.00011426415585447103,0.19827586206896552,0.0020889246370643377,0.008620689655172414,0.0003029008803423494,0.05172413793103448,0.0003447255294304341,0.10344827586206896,0.0007775912526994944,0.008620689655172414,4.119901859667152e-05,0.02586206896551724,0.000148837934830226,0.017241379310344827,0.0002533809165470302,0.06896551724137931,0.0005864914273843169,0.07758620689655173,0.0006331244949251413,0.04310344827586207,0.00027557098655961454,0.017241379310344827,7.856693991925567e-05,0.05172413793103448,0.0006182562792673707,0.11206896551724138,0.0009910446824505925,1
3COX,1,0.97,8.881374168395997,5,3.8420117348884704,0.0,0.0,0.0,96.32496248382922,2.3545238456481057,101.5072173913043,13.156521739130435,0.6766516279203425,0.06956521739130435,0.0003975662402808666,0.017391304347826087,0.00011538043327163905,0.06956521739130435,0.0006911084637977183,0.02608695652173913,0.00019351560331415385,0.0,0.0,0.017391304347826087,0.00028143319650553167,0.02608695652173913,0.00012661570508498698,0.2,0.0021771276369690895,0.008695652173913044,0.00029263211763463914,0.06086956521739131,0.00036175933200865984,0.06956521739130435,0.0005236058495938778,0.02608695652173913,0.0001346450299024582,0.02608695652173913,0.0001520359655842185,0.02608695652173913,0.0002874894707929343,0.05217391304347826,0.00048038040404208004,0.06956521739130435,0.0006245252443477511,0.043478260869565216,0.00032032784656621516,0.017391304347826087,8.135924144880846e-05,0.05217391304347826,0.0006407445762306452,0.12173913043478261,0.0009065303020179272,1
3I9Z,3,0.87,4.363154411315918,-8,3.744576997468702,0.0,0.0,0.0,94.12270058708414,1.8093047679059018,105.95720588235297,9.147058823529411,0.17786551919803292,0.10294117647058823,0.0012173046125099063,0.0,0.0,0.014705882352941176,0.00013424491044133902,0.10294117647058823,0.001080040354281664,0.029411764705882353,0.00018468493362888694,0.058823529411764705,0.0005150913493707776,0.08823529411764706,0.0009078072034753859,0.07352941176470588,0.0006372558418661356,0.029411764705882353,0.0003140709304716438,0.029411764705882353,0.0009301778045482934,0.04411764705882353,0.0005664819618687034,0.08823529411764706,0.0008026015711948276,0.029411764705882353,0.00017041247338056564,0.014705882352941176,0.00012974979472346604,0.0,0.0,0.07352941176470588,0.0006845483439974487,0.029411764705882353,0.00039510088390670717,0.0,0.0,0.014705882352941176,0.0001503057574154809,0.17647058823529413,0.0035808528773486614,3
8Z26,1,0.91,8.339646339416507,3,4.110056743236268,0.0,0.0,0.0,90.15711557296768,5.616314202894076,118.6565,10.83,0.4497691597414589,0.07,0.00042553761159069836,0.04,0.00031697898521088064,0.04,0.0004651930066756904,0.03,0.0021231796126812696,0.01,6.0654900153167546e-05,0.02,0.0013192337937653065,0.06,0.00047001519124023616,0.07,0.00042596846469677985,0.07,0.0006373162614181638,0.01,0.0002025198919000104,0.13,0.001176387071609497,0.04,0.000506445940118283,0.03,0.00020473152108024806,0.07,0.000551022298168391,0.02,0.00027450808556750417,0.05,0.0004005387017969042,0.06,0.00028357389965094626,0.06,0.00036537100095301867,0.06,0.0005000007804483175,0.06,0.0003196864854544401,1
8CCL,1,0.94,5.0491441726684565,-18,3.833606366620279,0.0,0.0,0.0,92.27967821782178,3.5078861253328872,100.39904761904765,11.55952380952381,0.5622210779265362,0.15476190476190477,0.003203377593308687,0.03571428571428571,0.0005349764251150191,0.0,0.0,0.047619047619047616,0.0008483225828967988,0.023809523809523808,0.00017653654504101723,0.023809523809523808,0.00022601813543587923,0.03571428571428571,0.0001829016546253115,0.16666666666666666,0.0020112288184463978,0.03571428571428571,0.00043559627374634147,0.047619047619047616,0.00025236172950826585,0.05952380952380952,0.0005570019711740315,0.011904761904761904,4.790152161149308e-05,0.03571428571428571,0.00034827733179554343,0.023809523809523808,0.00012605535448528826,0.03571428571428571,0.000411218439694494,0.05952380952380952,0.0003816625685431063,0.10714285714285714,0.000665646162815392,0.0,0.0,0.047619047619047616,0.0003072732943110168,0.047619047619047616,0.00030598192824982107,1
6L9S,3,0.93,4.798995780944825,-5,3.9052558357166647,0.0,0.0,0.0,95.6046278317152,2.79914668589628,107.61469387755103,10.561224489795919,0.22520950409149168,0.10204081632653061,0.0011031855829060078,0.01020408163265306,5.978138142381795e-05,0.030612244897959183,0.0003544430073816329,0.05102040816326531,0.00029158437973819673,0.01020408163265306,0.00021044413733761758,0.01020408163265306,5.375091132009402e-05,0.061224489795918366,0.0003905913617927581,0.08163265306122448,0.0004984693368896842,0.02040816326530612,0.00016446331574115902,0.09183673469387756,0.00245706201530993,0.04081632653061224,0.0005300288903526962,0.07142857142857142,0.0006232187151908875,0.030612244897959183,0.0003067687212023884,0.05102040816326531,0.0009051072993315756,0.030612244897959183,0.00015033164527267218,0.02040816326530612,0.00014567084144800901,0.15306122448979592,0.001151949749328196,0.0,0.0,0.04081632653061224,0.00036149099469184875,0.09183673469387756,0.0019303476437926292,3
2IDU,3,0.94,5.688412284851075,-4,4.080618799532196,0.0,0.0,0.0,96.84720297029703,1.4648253968253968,111.25547368421051,10.031578947368422,0.20708013475451484,0.09473684210526316,0.0006082164472900331,0.021052631578947368,0.0001497597695561126,0.021052631578947368,0.0002984748862218112,0.042105263157894736,0.00033427562448196113,0.010526315789473684,0.00011672946129692718,0.021052631578947368,0.00014769549306947738,0.07368421052631578,0.000409742962801829,0.05263157894736842,0.00045360130025073886,0.05263157894736842,0.0005188099457882345,0.042105263157894736,0.00045808247523382306,0.042105263157894736,0.0005333055160008371,0.07368421052631578,0.0005147812189534307,0.042105263157894736,0.00027539196889847517,0.042105263157894736,0.00033064946183003485,0.07368421052631578,0.0005226706271059811,0.031578947368421054,0.00042946249595843256,0.08421052631578947,0.0008857356733642519,0.010526315789473684,0.00046353519428521395,0.042105263157894736,0.0006507810903713107,0.12631578947368421,0.0015816231025382876,3
2E88,2,0.93,6.348938179016113,-2,3.9789209433368615,0.0,0.0,0.0,93.36393139841688,3.491023083313166,106.84317307692305,12.653846153846153,0.45597089081131637,0.0673076923076923,0.00043632055167108774,0.04807692307692308,0.00027852464700117707,0.028846153846153848,0.00014887294673826545,0.08653846153846154,0.000783640774898231,0.009615384615384616,0.00011255397112108767,0.009615384615384616,4.2849529563682154e-05,0.04807692307692308,0.0003684310941025615,0.125,0.0029557847883552313,0.009615384615384616,7.402402843581513e-05,0.09615384615384616,0.000469661463284865,0.057692307692307696,0.0005773747689090669,0.038461538461538464,0.00025302733411081135,0.019230769230769232,8.615903061581776e-05,0.04807692307692308,0.0003409693017601967,0.04807692307692308,0.0004112243477720767,0.04807692307692308,0.0005655353306792676,0.09615384615384616,0.0017998754046857357,0.0,0.0,0.038461538461538464,0.0005170706426724792,0.07692307692307693,0.0005472427001222968,2
7G3R,2,0.95,7.231136131286622,-1,4.017529135846423,0.0,0.0,0.0,91.04251096811934,6.1107447646832,114.1405504587156,12.01834862385321,0.7941522515582323,0.045871559633027525,0.0002572455268818885,0.045871559633027525,0.0006043172325007617,0.07339449541284404,0.0008167403284460306,0.03669724770642202,0.00028701595147140324,0.0,0.0,0.009174311926605505,7.948077109176666e-05,0.045871559633027525,0.0005891433684155345,0.07339449541284404,0.000490486272610724,0.07339449541284404,0.0005111309583298862,0.03669724770642202,0.00036049040500074625,0.11926605504587157,0.0009128062520176172,0.03669724770642202,0.0003183793742209673,0.027522935779816515,0.0002155290130758658,0.045871559633027525,0.000310904229991138,0.06422018348623854,0.0007611916516907513,0.03669724770642202,0.00018703978275880218,0.09174311926605505,0.0007131688762456179,0.0,0.0,0.07339449541284404,0.0007748572388663888,0.06422018348623854,0.0009028855129145086,2
3F7K,3,0.95,5.716263389587403,-8,3.802042761638156,0.0,0.0,0.0,96.07551316984559,1.7875562673130196,103.314375,11.678571428571429,0.2516041393621669,0.07142857142857142,0.0005154432728886604,0.026785714285714284,0.00021920060680713505,0.044642857142857144,0.00032121362164616585,0.07142857142857142,0.0005670855171047151,0.026785714285714284,0.0002667532244231552,0.0,0.0,0.05357142857142857,0.0003057912108488381,0.16071428571428573,0.001371078542433679,0.07142857142857142,0.0023544335272163153,0.05357142857142857,0.00041758836596272886,0.08035714285714286,0.0011502897832542658,0.05357142857142857,0.0003070128441322595,0.017857142857142856,0.00010553444735705853,0.026785714285714284,0.0007816446595825255,0.017857142857142856,0.00011680286843329668,0.017857142857142856,8.895554492482916e-05,0.07142857142857142,0.0005267594824545085,0.0,0.0,0.0,0.0,0.13392857142857142,0.0019915474113076925,3
7VJ0,1,0.96,6.132211112976075,-8,4.158878212948384,0.0,0.0,0.0,93.63968878600822,4.003379762745133,114.51363636363635,11.141414141414142,0.45319926371603614,0.06060606060606061,0.000335018354235217,0.08080808080808081,0.0007111015729606152,0.0707070707070707,0.0006062468164600432,0.08080808080808081,0.0014929708559066057,0.030303030303030304,0.0001771133829606697,0.04040404040404041,0.0002808548742905259,0.050505050505050504,0.00031131645664572716,0.08080808080808081,0.000789409561548382,0.020202020202020204,0.0009133167914114892,0.0707070707070707,0.00042962870793417096,0.06060606060606061,0.0006341060507111251,0.030303030303030304,0.0002532387152314186,0.030303030303030304,0.00016124523244798183,0.050505050505050504,0.0004865590017288923,0.050505050505050504,0.0006585493101738393,0.0707070707070707,0.0007110181613825262,0.010101010101010102,4.3215179175604135e-05,0.010101010101010102,6.640591163886711e-05,0.06060606060606061,0.0004346237110439688,0.04040404040404041,0.000178404530743137,1
2BAB,1,0.95,4.999864768981933,-29,4.0805878786416345,0.0,0.0,0.0,94.39459913169318,2.682977149341403,111.28221153846154,11.85576923076923,0.5864370827874478,0.07692307692307693,0.0005659225862473249,0.0,0.0,0.028846153846153848,0.0009165130904875696,0.028846153846153848,0.00020888484141323715,0.019230769230769232,0.00020156528626102954,0.038461538461538464,0.00024726131232455373,0.028846153846153848,0.0004064074601046741,0.125,0.0023515266366302967,0.057692307692307696,0.00037187954876571894,0.057692307692307696,0.0003747567243408412,0.057692307692307696,0.00030112924287095666,0.019230769230769232,0.0002502820279914886,0.057692307692307696,0.000342514889780432,0.057692307692307696,0.0010795497801154852,0.04807692307692308,0.00039817317156121135,0.038461538461538464,0.00023290578974410892,0.0673076923076923,0.0003741523833014071,0.028846153846153848,0.0001699717395240441,0.08653846153846154,0.0009159496403299272,0.07692307692307693,0.0005109765916131437,1
1RJU,3,0.44,5.481177330017089,-1,3.149673447186741,0.0,0.0,0.0,85.73540856031128,4.3459104938271595,106.25694444444446,8.944444444444445,0.2505175983436853,0.0,0.0,0.0,0.0,0.1111111111111111,0.0011519158724695444,0.05555555555555555,0.0006576500018127263,0.2777777777777778,0.010646569542586803,0.1111111111111111,0.002564118942245841,0.05555555555555555,0.0004946796107105911,0.08333333333333333,0.0009959493763744831,0.027777777777777776,0.00023949035676196218,0.0,0.0,0.0,0.0,0.08333333333333333,0.0016580861993134022,0.0,0.0,0.0,0.0,0.05555555555555555,0.0011181640438735485,0.1111111111111111,0.002353037940338254,0.027777777777777776,0.00026825862005352974,0.0,0.0,0.0,0.0,0.0,0.0,3
5KBK,3,0.91,6.709354209899902,-1,4.022790464819633,0.0,0.0,0.0,91.9132233502538,4.442027609667339,110.26239583333331,11.3125,0.28648710865561694,0.0625,0.0006698509678244591,0.010416666666666666,5.20965586474631e-05,0.0625,0.000442153395852074,0.041666666666666664,0.00036186937359161675,0.020833333333333332,0.00017428425780963153,0.0,0.0,0.0625,0.00034927777596749365,0.0625,0.0005774932214990258,0.0625,0.000688336614985019,0.09375,0.0016918423352763057,0.08333333333333333,0.0007924523088149726,0.0625,0.0005233329138718545,0.010416666666666666,4.313618046580814e-05,0.041666666666666664,0.00042086339090019464,0.052083333333333336,0.0003004159370902926,0.08333333333333333,0.0007400840404443443,0.0625,0.00048292987048625946,0.0,0.0,0.052083333333333336,0.0004540598893072456,0.07291666666666667,0.001097449567168951,3
4TM7,3,0.96,4.658148765563964,-18,3.7666778816616517,0.0,0.0,0.0,91.79165964172815,3.469711303710938,105.57219047619047,12.438095238095238,0.2850433894844308,0.12380952380952381,0.0007801881874911487,0.06666666666666667,0.00034661334939301014,0.02857142857142857,0.0003791407507378608,0.02857142857142857,0.00031004229094833136,0.0,0.0,0.01904761904761905,0.00013514564489014447,0.02857142857142857,0.00022029092360753566,0.12380952380952381,0.0014527362072840333,0.0380952380952381,0.0007589326705783606,0.05714285714285714,0.0004234844818711281,0.12380952380952381,0.002234517829492688,0.0,0.0,0.01904761904761905,0.00014922292029950768,0.01904761904761905,0.00014990853378549218,0.0380952380952381,0.00022166367853060365,0.01904761904761905,0.00020816581672988832,0.05714285714285714,0.0007467326940968633,0.02857142857142857,0.0004414948052726686,0.01904761904761905,0.0001731620286591351,0.1619047619047619,0.0017417481867596507,3
1E39,1,0.98,6.125333595275878,-8,3.829723701189356,0.0,0.0,0.0,97.29479122434536,1.7637036446336505,97.86517543859644,12.798245614035087,0.676340439859072,0.13157894736842105,0.0023922354448586702,0.017543859649122806,8.459660602966323e-05,0.043859649122807015,0.002789087127894163,0.017543859649122806,9.50038738665171e-05,0.017543859649122806,8.733321737963706e-05,0.02631578947368421,0.0002539146807976067,0.03508771929824561,0.00023879659420344979,0.21052631578947367,0.0021584234200417995,0.05263157894736842,0.00039025949081405997,0.05263157894736842,0.000424467318225652,0.043859649122807015,0.0005207951180636883,0.03508771929824561,0.00046205148100852966,0.02631578947368421,0.0001767906651366502,0.03508771929824561,0.00022699788678437471,0.02631578947368421,0.00016956696345005184,0.05263157894736842,0.0003253990726079792,0.06140350877192982,0.0004157582006882876,0.0,0.0,0.017543859649122806,7.718848792137578e-05,0.09649122807017543,0.0006602877983823419,1
5SSY,3,0.92,6.089354515075683,-8,4.152107401021552,0.0,0.0,0.0,89.13577647058823,7.666659318118645,114.49330578512402,12.239669421487603,0.3695905714811859,0.10743801652892562,0.0009690556325949728,0.06611570247933884,0.0006042128661647439,0.0743801652892562,0.0006845518364571035,0.04132231404958678,0.0003005846228916198,0.04132231404958678,0.00030444253934547305,0.008264462809917356,3.781014675041661e-05,0.05785123966942149,0.001247155712917447,0.049586776859504134,0.0007991728489287198,0.024793388429752067,0.00021688184642698616,0.024793388429752067,0.00024310508160851896,0.03305785123966942,0.00041594213689677417,0.03305785123966942,0.00026224253815598786,0.024793388429752067,0.00014998549886513501,0.04132231404958678,0.0007962661911733449,0.0743801652892562,0.0005884204874746501,0.08264462809917356,0.0006188199622556567,0.03305785123966942,0.0002442215627525002,0.04132231404958678,0.0005574510432779789,0.0743801652892562,0.0005734311416745186,0.06611570247933884,0.0008200086886063218,3
5NQN,3,0.91,5.5921838760375975,-6,3.578714629664414,0.0,0.0,0.0,91.63536290322581,2.660873989484991,108.41073170731701,11.28048780487805,0.17629531970995385,0.14634146341463414,0.0018695680191740394,0.07317073170731707,0.0004424687649589032,0.012195121951219513,0.00011180768342455849,0.036585365853658534,0.0004704996244981885,0.2073170731707317,0.005342214368283749,0.036585365853658534,0.00036374537739902735,0.0975609756097561,0.0011260590981692076,0.012195121951219513,0.00021219938935246319,0.0,0.0,0.04878048780487805,0.0004260954447090626,0.07317073170731707,0.0005147149786353111,0.012195121951219513,0.00015760582755319774,0.06097560975609756,0.0008273710845969617,0.012195121951219513,0.00031614143517799675,0.0,0.0,0.04878048780487805,0.0003106995136477053,0.06097560975609756,0.0005292725982144475,0.0,0.0,0.0,0.0,0.06097560975609756,0.0007405314827337861,3
5KBM,3,0.92,6.710661506652832,-1,4.010934507815196,0.0,0.0,0.0,92.74217537942664,3.989687907915035,110.85677083333331,11.25,0.28469328703703706,0.052083333333333336,0.000612368865404278,0.010416666666666666,5.199616134632379e-05,0.07291666666666667,0.0005661309114657342,0.03125,0.00023533067724201828,0.020833333333333332,0.00017462285177316517,0.0,0.0,0.07291666666666667,0.0004111930320505053,0.0625,0.0005743468645960093,0.0625,0.0006744649144820869,0.09375,0.0016966130351647735,0.08333333333333333,0.0007918604533188045,0.0625,0.0005263282801024616,0.010416666666666666,4.2992356611648574e-05,0.041666666666666664,0.0004222822899464518,0.052083333333333336,0.00029918260406702757,0.08333333333333333,0.0007402722840197384,0.0625,0.0004845595976803452,0.0,0.0,0.052083333333333336,0.00045136132393963635,0.07291666666666667,0.0010841641342267394,3
5U5U,0,0.96,5.095752143859862,-11,4.0136498545036545,0.0,0.0,0.0,95.37061855670103,2.303146514050358,109.75842105263159,11.37719298245614,0.2584033329275386,0.07017543859649122,0.0009702738607302308,0.02631578947368421,0.0006350782350637019,0.05263157894736842,0.00027369713643565774,0.03508771929824561,0.00016480671183671802,0.0,0.0,0.02631578947368421,0.00013817043509334326,0.043859649122807015,0.00026750052347779274,0.13157894736842105,0.0011146534234285355,0.017543859649122806,0.00031258672242984176,0.03508771929824561,0.0002533367369323969,0.11403508771929824,0.001256864983588457,0.043859649122807015,0.00024505762849003077,0.02631578947368421,0.00019708364561665803,0.10526315789473684,0.0007025888771750033,0.03508771929824561,0.0002813198952935636,0.06140350877192982,0.0005124323070049286,0.05263157894736842,0.0002856798528227955,0.02631578947368421,0.0010036807507276535,0.02631578947368421,0.00014088035095483065,0.07017543859649122,0.0011785895330831409,0
6R01,3,0.93,4.658489799499511,-7,3.352861150803905,0.0,0.0,0.0,94.79409523809525,1.8027681660899655,104.22185185185187,11.246913580246913,0.17199929530701577,0.2345679012345679,0.002742518438026309,0.07407407407407407,0.0006485359626822174,0.0,0.0,0.04938271604938271,0.0005806497647427022,0.20987654320987653,0.005128140095621347,0.04938271604938271,0.00046516707516275346,0.07407407407407407,0.0008880319655872881,0.012345679012345678,0.0001739452127367258,0.012345679012345678,5.423872062237933e-05,0.024691358024691357,0.00018112309044227004,0.06172839506172839,0.000496805994771421,0.012345679012345678,4.947133857058361e-05,0.024691358024691357,0.00017909657617565244,0.0,0.0,0.0,0.0,0.024691358024691357,0.00023260025773197412,0.07407407407407407,0.0007830807007849216,0.0,0.0,0.0,0.0,0.06172839506172839,0.0007778037106618285,3
3EF6,1,0.95,5.149464988708496,-9,3.962708936530931,0.0,0.0,0.0,94.02323158593232,2.8045389649018446,106.21849462365593,11.903225806451612,0.41851948985439674,0.0967741935483871,0.0007288839551620185,0.0967741935483871,0.0006870967918075621,0.021505376344086023,0.0001895836612675339,0.043010752688172046,0.00039130361983552575,0.021505376344086023,0.00012275052722543478,0.043010752688172046,0.0002602481108624488,0.043010752688172046,0.0008804929675534368,0.13978494623655913,0.0009997155284509063,0.0,0.0,0.03225806451612903,0.00021337690122891217,0.07526881720430108,0.0006323202978819609,0.010752688172043012,5.3824220231035724e-05,0.03225806451612903,0.0002705215010792017,0.010752688172043012,4.556111161946319e-05,0.06451612903225806,0.0004963878891430795,0.06451612903225806,0.0006512758554890752,0.06451612903225806,0.0011741144116967916,0.021505376344086023,0.00017529695469420403,0.03225806451612903,0.000445536948973313,0.08602150537634409,0.0006147601525299251,1
2H6S,2,0.96,4.187578773498536,-20,3.815183904558337,0.0,0.0,0.0,95.78399999999999,2.3895060553633214,111.95367346938771,11.96938775510204,0.5190337004366964,0.030612244897959183,0.0002318132173968479,0.030612244897959183,0.00019536206673365086,0.05102040816326531,0.0003205770335625857,0.08163265306122448,0.001673749415203929,0.0,0.0,0.030612244897959183,0.00019518364570103586,0.05102040816326531,0.000265144684817642,0.08163265306122448,0.00223451922647655,0.01020408163265306,4.74793414468877e-05,0.11224489795918367,0.0011258544400334358,0.1326530612244898,0.0011920016258955002,0.01020408163265306,5.268204404274002e-05,0.0,0.0,0.02040816326530612,0.00012850140046793967,0.01020408163265306,4.6661622036481276e-05,0.09183673469387756,0.005101114045828581,0.07142857142857142,0.0011283309431746602,0.01020408163265306,4.7047549742273986e-05,0.09183673469387756,0.00071290775667876,0.08163265306122448,0.000639957666862756,2
6V4V,2,0.82,5.519998359680174,-3,3.848614182158828,0.0,0.0,0.0,77.79108013937282,13.346299168975069,112.72851063829783,9.574468085106384,0.2663829787234043,0.0425531914893617,0.0008051219629123807,0.02127659574468085,0.0002657379664015025,0.06382978723404255,0.0004747229104395956,0.0851063829787234,0.000941122358199209,0.0,0.0,0.0,0.0,0.0425531914893617,0.00019029226677957922,0.02127659574468085,0.00022764487948734313,0.0425531914893617,0.0005023224512115121,0.0851063829787234,0.0007054883171804249,0.1276595744680851,0.0009813435608521104,0.06382978723404255,0.0006763326236978173,0.0425531914893617,0.0003015994734596461,0.02127659574468085,0.00020379634224809706,0.02127659574468085,0.00011240762250963598,0.06382978723404255,0.0005345394602045417,0.06382978723404255,0.0007306596380658448,0.0,0.0,0.0425531914893617,0.00018291317974217236,0.14893617021276595,0.001144689042121172,2
1Z1N,2,0.88,7.98784236907959,4,3.5960390338959276,0.0,0.0,0.0,84.11839503224265,8.850054528061223,102.69275,8.775,0.43319088319088317,0.05,0.00024324962578248233,0.0,0.0,0.05,0.0002938942052423954,0.025,0.00015606734086759388,0.1,0.0006488427170552313,0.05,0.0002484798023942858,0.0,0.0,0.075,0.0005694323335774243,0.075,0.00047855000593699515,0.0,0.0,0.075,0.00035343386116437614,0.025,0.00020506451255641878,0.0,0.0,0.025,0.00011667932994896546,0.075,0.0005062875570729375,0.075,0.00044025707757100463,0.175,0.0015642090002074838,0.0,0.0,0.0,0.0,0.125,0.000951815745793283,2
5SSX,3,0.92,6.088104057312011,-8,4.156540141486805,0.0,0.0,0.0,89.03848175755198,7.7157731790777255,114.60943089430899,12.170731707317072,0.3607540283819672,0.10569105691056911,0.0009419469279237092,0.07317073170731707,0.000631825823802501,0.07317073170731707,0.0006610009004361928,0.04878048780487805,0.0009184706141240895,0.04065040650406504,0.0002992269000969827,0.008130081300813009,3.716637729667127e-05,0.04878048780487805,0.0005959364934824407,0.04878048780487805,0.0007956908666528761,0.024390243902439025,0.00021511576778721064,0.024390243902439025,0.00023339105246122926,0.032520325203252036,0.0004132330941502005,0.032520325203252036,0.00025746756000444293,0.024390243902439025,0.0001471164432587102,0.04065040650406504,0.0008141485159285367,0.07317073170731707,0.0005821025697514415,0.08130081300813008,0.0006100908503867686,0.04065040650406504,0.00027248551486991346,0.04065040650406504,0.0005489025497809052,0.07317073170731707,0.0005591624067164958,0.06504065040650407,0.0008090467308647931,3
9GN5,1,0.96,5.427862358093261,-18,3.9265818097401124,0.0,0.0,0.0,89.71711899313502,4.523224435390575,109.49819999999995,12.1,0.3934380165289256,0.14,0.0012567058438435197,0.05,0.0010918491752818227,0.04,0.00044159029494039714,0.04,0.0002598100109025836,0.0,0.0,0.03,0.00026270488160662353,0.06,0.00034970365231856704,0.07,0.0009613294969312847,0.02,0.0002505433512851596,0.1,0.001432120450772345,0.1,0.0010472764261066914,0.01,0.0012589867692440748,0.04,0.0004074720200151205,0.03,0.00031702607520855963,0.02,0.00016194068302866071,0.07,0.0008858643705025315,0.01,5.5473232350777835e-05,0.04,0.00023242030874826014,0.02,0.00011035407078452408,0.11,0.001155167119577527,1
6ICI,1,0.73,7.144911384582519,-1,4.078716761678438,0.0,0.0,0.0,79.49018780945877,17.687063777469284,111.8561538461538,11.142857142857142,0.5184342284934,0.06593406593406594,0.0012024733005091548,0.06593406593406594,0.0006283670081757009,0.03296703296703297,0.0001681328722042963,0.054945054945054944,0.0003813981602434069,0.02197802197802198,0.0001837500458350405,0.03296703296703297,0.0001820949255488813,0.02197802197802198,0.0001513380411779508,0.0989010989010989,0.002206495963037014,0.03296703296703297,0.00047946974518708885,0.06593406593406594,0.0032781686168164015,0.13186813186813187,0.0013142811367288232,0.0,0.0,0.03296703296703297,0.00024507235502824187,0.054945054945054944,0.0005148188793100417,0.06593406593406594,0.0006652545416727662,0.04395604395604396,0.00024358373775612563,0.054945054945054944,0.0010376342106610537,0.02197802197802198,0.0003658230707515031,0.04395604395604396,0.00018180659390054643,0.054945054945054944,0.0003443903988227248,1
3RTT,2,0.96,6.1099870681762685,-4,4.029208207014314,0.0,0.0,0.0,96.96995961227786,1.5925692997917,113.33504854368933,10.485436893203884,0.17357065803667746,0.08737864077669903,0.0021464861929416656,0.02912621359223301,0.00020205775217618793,0.038834951456310676,0.0002111737267114222,0.05825242718446602,0.000406606966862455,0.0,0.0,0.009708737864077669,7.755148544674739e-05,0.02912621359223301,0.0011950501939281821,0.07766990291262135,0.0007031295681372285,0.05825242718446602,0.0009493592660874128,0.0970873786407767,0.0015492773381993175,0.07766990291262135,0.0007405636133626103,0.038834951456310676,0.0002285595255671069,0.009708737864077669,8.842053648550063e-05,0.08737864077669903,0.000809275486972183,0.019417475728155338,0.00011764743248932064,0.038834951456310676,0.00034511357080191374,0.07766990291262135,0.0006076042773202062,0.02912621359223301,0.00018790432659443468,0.04854368932038835,0.0002930244372691959,0.08737864077669903,0.001052600797265768,2
1A3Z,3,0.93,7.136215019226075,0,3.973728297489245,0.0,0.0,0.0,96.02574722459435,2.2755213319458893,112.33707547169811,11.028301886792454,0.23040980034540084,0.04716981132075472,0.0010269875638186932,0.0,0.0,0.02830188679245283,0.0002767246915027499,0.07547169811320754,0.0006212478037923574,0.009433962264150943,0.00013503061200026423,0.009433962264150943,6.940816092537716e-05,0.02830188679245283,0.00025366092449985445,0.07547169811320754,0.0005908348830416799,0.04716981132075472,0.0003434483951423317,0.0660377358490566,0.0005657948204316199,0.03773584905660377,0.0002756947942543775,0.07547169811320754,0.00044002008507959545,0.018867924528301886,0.00015080359298735857,0.09433962264150944,0.0014013838954269886,0.04716981132075472,0.0002764632226899266,0.03773584905660377,0.00036624816129915416,0.11320754716981132,0.0008413660689257085,0.018867924528301886,0.00010936157195828855,0.04716981132075472,0.0005530054331757128,0.12264150943396226,0.0012919552391394973,3
2XMW,3,0.86,6.700146293640137,0,3.964407598561633,0.0,0.0,0.0,93.72851782363978,1.9852806982741518,107.82028985507245,9.405797101449275,0.19008061454634778,0.15942028985507245,0.0020781054627150297,0.057971014492753624,0.0005140196881256998,0.028985507246376812,0.0003611864522099495,0.014492753623188406,0.0001634626678423956,0.043478260869565216,0.0005142808076925576,0.08695652173913043,0.0009870639769360423,0.07246376811594203,0.0008157871779985726,0.043478260869565216,0.00027298537315800786,0.028985507246376812,0.00022650964092463255,0.057971014492753624,0.0012640180066227913,0.07246376811594203,0.0012665379326790571,0.028985507246376812,0.00020186886831652373,0.014492753623188406,9.787599265109748e-05,0.014492753623188406,0.00010284058953402564,0.028985507246376812,0.0002703728387132287,0.057971014492753624,0.0006010588258504868,0.057971014492753624,0.0006575266597792506,0.0,0.0,0.028985507246376812,0.00027761186356656253,0.10144927536231885,0.001846622908487916,3
6LD1,2,0.93,7.988873863220215,2,4.100165495500681,0.0,0.0,0.0,90.12854808057773,6.080895378883484,111.465,10.22972972972973,0.6467563997286586,0.04054054054054054,0.00026993610663339496,0.08108108108108109,0.0004945406690239906,0.04054054054054054,0.00023338626488111913,0.05405405405405406,0.0005169332143850625,0.02702702702702703,0.00022420431196223944,0.02702702702702703,0.00015874770178925246,0.02702702702702703,0.00020152944489382207,0.13513513513513514,0.0009737950167618692,0.02702702702702703,0.0001995698403334245,0.04054054054054054,0.00044870286365039647,0.04054054054054054,0.00020497961668297648,0.06756756756756757,0.00041405699448660016,0.04054054054054054,0.0001723711466183886,0.02702702702702703,0.00013571763702202588,0.013513513513513514,5.518062971532345e-05,0.06756756756756757,0.0009231120347976685,0.10810810810810811,0.0007215378573164344,0.04054054054054054,0.0005389107391238213,0.02702702702702703,0.00026979780523106456,0.06756756756756757,0.0003704735136125237,2
4N3T,3,0.93,6.392874717712403,-2,4.020274059401027,0.0,0.0,0.0,93.09032883642496,3.7478541196946322,110.86697916666667,11.1875,0.2834128646803228,0.052083333333333336,0.0006137667805887759,0.010416666666666666,5.1926090236520395e-05,0.0625,0.00044083609827794135,0.041666666666666664,0.00035933242179453373,0.020833333333333332,0.00017473373736720532,0.0,0.0,0.07291666666666667,0.0004104902327526361,0.0625,0.0005722107598558068,0.0625,0.0006694269250147045,0.09375,0.0017005751142278314,0.08333333333333333,0.0007921971846371889,0.0625,0.000527947791852057,0.010416666666666666,4.31039952673018e-05,0.041666666666666664,0.00042112614028155804,0.052083333333333336,0.0002983494196087122,0.08333333333333333,0.0007393211126327515,0.0625,0.0004860544577240944,0.0,0.0,0.052083333333333336,0.0004508138226810843,0.07291666666666667,0.001076177111826837,3
1IRC,0,0.86,8.695576286315916,2,3.8422948797342897,0.0,0.0,0.0,88.04273174733387,4.418835385393828,111.52968750000001,9.8125,0.13450990799716914,0.09375,0.0007354943081736565,0.03125,0.00022466322116088122,0.010416666666666666,8.263666677521542e-05,0.03125,0.0001756532146828249,0.0,0.0,0.020833333333333332,0.00012692069867625833,0.052083333333333336,0.0004726113111246377,0.07291666666666667,0.0005932733765803277,0.07291666666666667,0.0004459760384634137,0.09375,0.0013058228651061654,0.14583333333333334,0.001703999936580658,0.13541666666666666,0.000650889880489558,0.010416666666666666,8.64055982674472e-05,0.041666666666666664,0.0003541121259331703,0.020833333333333332,0.00010426920925965533,0.041666666666666664,0.00048519737902097404,0.03125,0.00027948434581048787,0.010416666666666666,7.620028191013262e-05,0.010416666666666666,0.00011075374641222879,0.07291666666666667,0.0006997396121732891,0
1H71,2,0.97,4.51900691986084,-24,3.934476087996808,0.0,0.0,0.0,96.85506674405109,2.3594750173765795,107.63839285714289,12.053571428571429,0.2572685185185185,0.10714285714285714,0.0009341750992462039,0.03571428571428571,0.00017603699234314263,0.03571428571428571,0.0003619699564296752,0.08928571428571429,0.0005816423217765987,0.0,0.0,0.03571428571428571,0.00023730161774437875,0.026785714285714284,0.0001328665966866538,0.09821428571428571,0.0007180314278230071,0.008928571428571428,3.8705067709088326e-05,0.0625,0.001279359799809754,0.0625,0.0007307162159122527,0.017857142857142856,0.00010568741708993912,0.008928571428571428,5.2040599257452413e-05,0.07142857142857142,0.0008350545540452003,0.008928571428571428,8.542741852579638e-05,0.08928571428571429,0.0059581333771348,0.08035714285714286,0.0004852750862482935,0.017857142857142856,0.00017573827062733471,0.044642857142857144,0.00037375889951363206,0.09821428571428571,0.0013938503107056022,2
5CMV,0,0.8,7.355329322814941,0,3.8394828488775836,0.0,0.0,0.0,87.58666945606694,5.3869719529085875,110.49268041237113,9.896907216494846,0.1332044673539519,0.08247422680412371,0.0006551283877342939,0.020618556701030927,0.00018458909471519291,0.010309278350515464,5.6083259551087394e-05,0.030927835051546393,0.00023684812185820192,0.0,0.0,0.020618556701030927,0.00012986510409973562,0.05154639175257732,0.00041192182106897235,0.09278350515463918,0.0007197169470600784,0.08247422680412371,0.00051104900194332,0.09278350515463918,0.0012364266440272331,0.14432989690721648,0.0017012376338243484,0.12371134020618557,0.0005918099195696414,0.010309278350515464,8.197665738407522e-05,0.041237113402061855,0.00035732166725210845,0.020618556701030927,0.0001014134832075797,0.030927835051546393,0.0004348904767539352,0.05154639175257732,0.0003982271591667086,0.010309278350515464,7.380790339084342e-05,0.010309278350515464,0.0001063910240191035,0.07216494845360824,0.0008134961826726794,0
6HQK,0,0.97,4.716238212585449,-30,3.997419417944864,0.0,0.0,0.0,96.96405329153606,1.8317599261088202,108.10654205607473,12.14018691588785,0.4565625607044959,0.14018691588785046,0.0011737652821466327,0.037383177570093455,0.00031662656692788005,0.037383177570093455,0.00024656386813148856,0.0,0.0,0.018691588785046728,0.00015548111696261913,0.009345794392523364,0.00021933189418632537,0.04672897196261682,0.0006708571454510093,0.11214953271028037,0.0014042221009731293,0.037383177570093455,0.0002803552197292447,0.06542056074766354,0.0010804746998474002,0.07476635514018691,0.0006000453722663224,0.009345794392523364,4.644230648409575e-05,0.037383177570093455,0.00028800495783798397,0.056074766355140186,0.000638709170743823,0.037383177570093455,0.0006715522613376379,0.07476635514018691,0.0005917585222050548,0.07476635514018691,0.00046445769839920104,0.04672897196261682,0.00040462269680574536,0.037383177570093455,0.00028185249539092183,0.04672897196261682,0.00027866868185810745,0
1UX8,0,0.91,5.302077674865722,-7,4.040565729362285,0.0,0.0,0.0,93.13793233082706,2.8597337006427916,118.59717391304346,9.597826086956522,0.11638928553843124,0.07608695652173914,0.0006696133059449494,0.08695652173913043,0.0006020238506607711,0.010869565217391304,4.6142788050929084e-05,0.043478260869565216,0.0002844703267328441,0.010869565217391304,0.0001198054596898146,0.043478260869565216,0.0005004294216632843,0.06521739130434782,0.00039737994666211307,0.03260869565217391,0.000175399225554429,0.043478260869565216,0.00023475992202293128,0.043478260869565216,0.00020410885917954147,0.16304347826086957,0.0015510962111875415,0.043478260869565216,0.00040282102418132126,0.043478260869565216,0.00044479870120994747,0.06521739130434782,0.0006101280450820923,0.03260869565217391,0.0001628629834158346,0.021739130434782608,0.0001685457245912403,0.07608695652173914,0.0005658372538164258,0.010869565217391304,0.00017575183301232755,0.043478260869565216,0.000345598382409662,0.043478260869565216,0.000388735526939854,0
6LD4,2,0.93,7.988873863220215,2,4.100165495500681,0.0,0.0,0.0,90.12854808057773,6.080895378883484,111.465,10.22972972972973,0.6467563997286586,0.04054054054054054,0.00026993610663339496,0.08108108108108109,0.0004945406690239906,0.04054054054054054,0.00023338626488111913,0.05405405405405406,0.0005169332143850625,0.02702702702702703,0.00022420431196223944,0.02702702702702703,0.00015874770178925246,0.02702702702702703,0.00020152944489382207,0.13513513513513514,0.0009737950167618692,0.02702702702702703,0.0001995698403334245,0.04054054054054054,0.00044870286365039647,0.04054054054054054,0.00020497961668297648,0.06756756756756757,0.00041405699448660016,0.04054054054054054,0.0001723711466183886,0.02702702702702703,0.00013571763702202588,0.013513513513513514,5.518062971532345e-05,0.06756756756756757,0.0009231120347976685,0.10810810810810811,0.0007215378573164344,0.04054054054054054,0.0005389107391238213,0.02702702702702703,0.00026979780523106456,0.06756756756756757,0.0003704735136125237,2
2XRY,1,0.96,6.132211112976075,-8,4.158878212948384,0.0,0.0,0.0,93.64246141975309,4.001240939377765,114.51363636363635,11.141414141414142,0.45319926371603614,0.06060606060606061,0.0003350164042785764,0.08080808080808081,0.0007110301521606743,0.0707070707070707,0.0006063118926249444,0.08080808080808081,0.0014923333656042814,0.030303030303030304,0.00017713612760417163,0.04040404040404041,0.00028084104997105896,0.050505050505050504,0.0003113037964794785,0.08080808080808081,0.0007892175926826894,0.020202020202020204,0.0009131662081927061,0.0707070707070707,0.0004296430852264166,0.06060606060606061,0.0006340903346426785,0.030303030303030304,0.000253286212682724,0.030303030303030304,0.00016122640226967633,0.050505050505050504,0.00048655594582669437,0.050505050505050504,0.000658564327750355,0.0707070707070707,0.000711114436853677,0.010101010101010102,4.322383756516501e-05,0.010101010101010102,6.64128820062615e-05,0.06060606060606061,0.0004345618071965873,0.04040404040404041,0.0001784268388291821,1
7Z0N,2,0.97,7.336174583435059,0,4.025857416364907,0.0,0.0,0.0,94.43017541160178,3.579643223641063,113.66777777777779,11.768518518518519,0.7740842731007955,0.037037037037037035,0.0002304897498106584,0.037037037037037035,0.0006026692572049797,0.07407407407407407,0.0007560719968751073,0.037037037037037035,0.000285568879917264,0.0,0.0,0.009259259259259259,7.108243153197691e-05,0.046296296296296294,0.0006227432168088853,0.07407407407407407,0.00048287524259649217,0.06481481481481481,0.00047815454308874905,0.037037037037037035,0.0003696734784170985,0.1111111111111111,0.0008921467233449221,0.046296296296296294,0.00035366599331609905,0.027777777777777776,0.00020223164756316692,0.046296296296296294,0.0003119156463071704,0.07407407407407407,0.0006828975165262818,0.046296296296296294,0.00023206768673844635,0.09259259259259259,0.0007147041033022106,0.0,0.0,0.07407407407407407,0.000711935106664896,0.06481481481481481,0.0006596966995857656,2
7HVJ,2,0.9,5.5792245864868155,-5,3.9487950543276384,0.0,0.0,0.0,92.42834977578475,3.3263840663580244,108.75205882352935,10.480392156862745,0.1953080577413379,0.049019607843137254,0.000813135935459286,0.058823529411764705,0.00055108213564381,0.00980392156862745,0.0002423738915240392,0.08823529411764706,0.0008103572763502598,0.058823529411764705,0.00038216394023038447,0.0196078431372549,0.00010491497960174456,0.0196078431372549,0.00010232617933070287,0.09803921568627451,0.0015327066648751497,0.0392156862745098,0.0002522884460631758,0.049019607843137254,0.002485482022166252,0.10784313725490197,0.001005717902444303,0.00980392156862745,4.80235212307889e-05,0.00980392156862745,9.370196494273841e-05,0.0196078431372549,0.00032469932921230793,0.0196078431372549,0.00010872429265873507,0.10784313725490197,0.0007893729489296675,0.0392156862745098,0.00023930578026920557,0.0196078431372549,9.125394717557356e-05,0.049019607843137254,0.0003353937645442784,0.12745098039215685,0.0016897893510758877,2
3QFS,1,0.95,7.7315465927124025,1,4.040424944431453,0.0,0.0,0.0,93.16491659830461,4.770337617513014,110.94577464788733,10.816901408450704,0.8509206279342723,0.1267605633802817,0.0011504767462611198,0.07042253521126761,0.0010838580783456564,0.056338028169014086,0.00030876504024490714,0.056338028169014086,0.0003204559034202248,0.028169014084507043,0.00015688892744947225,0.014084507042253521,0.00019223784329369664,0.014084507042253521,7.15279602445662e-05,0.056338028169014086,0.0003908405196852982,0.028169014084507043,0.00017289837705902755,0.04225352112676056,0.00022888535750098526,0.07042253521126761,0.0003792497736867517,0.014084507042253521,8.222557517001405e-05,0.028169014084507043,0.00013983256940264255,0.014084507042253521,7.038531475700438e-05,0.07042253521126761,0.0003637538757175207,0.04225352112676056,0.0003620004281401634,0.04225352112676056,0.00033880467526614666,0.028169014084507043,0.00028295800439082086,0.07042253521126761,0.0010402832413092256,0.1267605633802817,0.0010316903935745358,1
7G68,2,0.95,7.231136131286622,-1,4.017529135846423,0.0,0.0,0.0,91.04251096811934,6.1107447646832,114.1405504587156,12.01834862385321,0.7941522515582323,0.045871559633027525,0.0002572455268818885,0.045871559633027525,0.0006043172325007617,0.07339449541284404,0.0008167403284460306,0.03669724770642202,0.00028701595147140324,0.0,0.0,0.009174311926605505,7.948077109176666e-05,0.045871559633027525,0.0005891433684155345,0.07339449541284404,0.000490486272610724,0.07339449541284404,0.0005111309583298862,0.03669724770642202,0.00036049040500074625,0.11926605504587157,0.0009128062520176172,0.03669724770642202,0.0003183793742209673,0.027522935779816515,0.0002155290130758658,0.045871559633027525,0.000310904229991138,0.06422018348623854,0.0007611916516907513,0.03669724770642202,0.00018703978275880218,0.09174311926605505,0.0007131688762456179,0.0,0.0,0.07339449541284404,0.0007748572388663888,0.06422018348623854,0.0009028855129145086,2
6BD7,0,0.93,8.598293495178225,5,3.987261621720034,0.0,0.0,0.0,91.78153355447817,4.897394263162555,115.91272727272727,10.613636363636363,0.5072148140938291,0.045454545454545456,0.0008461061515845358,0.06818181818181818,0.00048474996583536267,0.03409090909090909,0.00022730574710294604,0.011363636363636364,6.274064799072221e-05,0.022727272727272728,0.00021683996601495892,0.022727272727272728,0.00012905136100016534,0.03409090909090909,0.00029521004762500525,0.056818181818181816,0.0006342832348309457,0.011363636363636364,4.588210504152812e-05,0.11363636363636363,0.0009356561931781471,0.10227272727272728,0.000808087585028261,0.03409090909090909,0.00014871201710775495,0.056818181818181816,0.00047062226803973317,0.125,0.0009852125076577067,0.045454545454545456,0.00043398188427090645,0.09090909090909091,0.0006764628924429417,0.045454545454545456,0.0010076382895931602,0.0,0.0,0.045454545454545456,0.0003183702938258648,0.03409090909090909,0.00028115094755776227,0
4NVG,0,0.96,5.095752143859862,-11,4.0136498545036545,0.0,0.0,0.0,95.38317439862543,2.296722979849379,109.75842105263159,11.37719298245614,0.2584033329275386,0.07017543859649122,0.0009704172261990607,0.02631578947368421,0.0006345237488858402,0.05263157894736842,0.00027369605959393084,0.03508771929824561,0.00016480599879287183,0.0,0.0,0.02631578947368421,0.00013816978025715798,0.043859649122807015,0.0002675522700883448,0.13157894736842105,0.0011146536562591791,0.017543859649122806,0.0003126645169686526,0.03508771929824561,0.00025335801183246076,0.11403508771929824,0.001256717718206346,0.043859649122807015,0.0002450905740261078,0.02631578947368421,0.00019714355585165322,0.10526315789473684,0.0007026217645034194,0.03508771929824561,0.0002812831080518663,0.06140350877192982,0.0005124681047163904,0.05263157894736842,0.00028564504464156926,0.02631578947368421,0.0010040397755801678,0.02631578947368421,0.0001408591924700886,0.07017543859649122,0.0011776364408433437,0
4RM4,0,0.93,5.493909263610839,-13,3.811693705750787,0.0,0.0,0.0,88.87636650868878,4.0794223803693495,106.76815217391301,11.076086956521738,0.4553483807654563,0.11956521739130435,0.0016348346835002303,0.043478260869565216,0.0002748671395238489,0.06521739130434782,0.0005748948897235096,0.010869565217391304,5.282454003463499e-05,0.021739130434782608,0.0001919185306178406,0.0,0.0,0.05434782608695652,0.0005094051593914628,0.05434782608695652,0.0006185685633681715,0.03260869565217391,0.00017541719716973603,0.08695652173913043,0.0006788632017560303,0.14130434782608695,0.0010856428416445851,0.010869565217391304,5.015026908949949e-05,0.0,0.0,0.05434782608695652,0.000401457364205271,0.06521739130434782,0.0007197016384452581,0.06521739130434782,0.00037024926859885454,0.043478260869565216,0.001542440615594387,0.0,0.0,0.021739130434782608,0.00020391798170749098,0.10869565217391304,0.0007884672377258539,0
7JOB,2,0.97,6.632905769348145,-2,4.0440620568689125,0.0,0.0,0.0,96.49176669893514,1.994958579881657,114.72247706422014,12.01834862385321,0.34187968345122205,0.045871559633027525,0.0003269496955908835,0.027522935779816515,0.00015623978106305003,0.027522935779816515,0.00016128626884892583,0.01834862385321101,8.728581451578066e-05,0.009174311926605505,4.704858656623401e-05,0.045871559633027525,0.000329328584484756,0.03669724770642202,0.00043573431321419775,0.06422018348623854,0.0005783041124232113,0.05504587155963303,0.002715636044740677,0.045871559633027525,0.00036232583806850016,0.13761467889908258,0.0016359348082914948,0.027522935779816515,0.00012555575813166797,0.009174311926605505,3.715452112373896e-05,0.05504587155963303,0.000773307925555855,0.08256880733944955,0.0004575176862999797,0.03669724770642202,0.0003501613682601601,0.05504587155963303,0.0004466523532755673,0.045871559633027525,0.00037081752088852227,0.045871559633027525,0.00021491697407327592,0.12844036697247707,0.0010073152370750904,2
1DOC,1,0.97,6.3555315017700185,-3,3.946997594594769,0.0,0.0,0.0,96.59013440000001,1.7325130768636143,106.40882352941173,11.372549019607844,0.4225659229208925,0.09803921568627451,0.00128398765809834,0.0784313725490196,0.0005026293802075088,0.0196078431372549,0.00038295568083412945,0.029411764705882353,0.00030144385527819395,0.0196078431372549,0.0001109461736632511,0.0196078431372549,0.0001875452435342595,0.029411764705882353,0.00021235928579699248,0.14705882352941177,0.002669914625585079,0.0196078431372549,0.00014595895481761545,0.029411764705882353,0.00029501746757887304,0.13725490196078433,0.0028118733316659927,0.0196078431372549,0.000391036388464272,0.0196078431372549,0.00012870703358203173,0.029411764705882353,0.0001822712947614491,0.0392156862745098,0.0004448730614967644,0.058823529411764705,0.00042749985004775226,0.049019607843137254,0.0003156748425681144,0.029411764705882353,0.0001360894675599411,0.029411764705882353,0.00015998150047380477,0.09803921568627451,0.0007381141185760498,1
9F1Y,1,0.92,5.660276985168457,-9,4.017283547037795,0.0,0.0,0.0,88.3686851434096,6.931341956762607,111.52171875,10.234375,0.33962309160305343,0.0625,0.0004877028986811638,0.015625,0.0002030293399002403,0.03125,0.00012276771303731948,0.046875,0.0002503608993720263,0.046875,0.00025578192435204983,0.0625,0.0006087739602662623,0.046875,0.0007388594676740468,0.0625,0.0006671218434348702,0.0,0.0,0.125,0.0010795129928737879,0.0625,0.00032500395900569856,0.0625,0.0006297436775639653,0.015625,9.366362064611167e-05,0.078125,0.0006212525768205523,0.03125,0.001039240974932909,0.046875,0.0009174036094918847,0.09375,0.0012365776346996427,0.0,0.0,0.046875,0.00034529046388342977,0.0625,0.0005690747639164329,1
5HLQ,0,0.83,8.709565925598145,2,3.818652965852565,0.0,0.0,0.0,86.49843930635839,5.000106796531249,111.15381443298965,9.876288659793815,0.1342681273271205,0.1134020618556701,0.0008562663570046425,0.030927835051546393,0.00022037352027837187,0.010309278350515464,7.950954750413075e-05,0.030927835051546393,0.00017313419084530324,0.0,0.0,0.020618556701030927,0.000125232691061683,0.05154639175257732,0.0004644162836484611,0.061855670103092786,0.0005275605944916606,0.08247422680412371,0.0004728002822957933,0.09278350515463918,0.0012740067904815078,0.14432989690721648,0.0016891334671527147,0.13402061855670103,0.0006482111057266593,0.010309278350515464,8.321661880472675e-05,0.030927835051546393,0.0003074530395679176,0.020618556701030927,0.00010176778596360236,0.041237113402061855,0.00048173515824601054,0.030927835051546393,0.0002857014478649944,0.010309278350515464,7.494994497392327e-05,0.010309278350515464,0.0001070480138878338,0.07216494845360824,0.0007074804743751884,0
6YHE,2,0.97,6.607100868225097,-2,3.992935430506419,0.0,0.0,0.0,94.70964202850513,3.0872103836752047,107.21113207547167,11.867924528301886,0.3528811830698623,0.09433962264150944,0.0006298625958152115,0.03773584905660377,0.00018242295482195914,0.018867924528301886,0.00013229031173978,0.0660377358490566,0.00260274694301188,0.018867924528301886,0.00034742665593512356,0.03773584905660377,0.0001829317188821733,0.0,0.0,0.11320754716981132,0.000992428045719862,0.018867924528301886,0.00011099038238171488,0.09433962264150944,0.0008214821573346853,0.0660377358490566,0.0008253523847088218,0.018867924528301886,0.00010759135329863057,0.04716981132075472,0.0010648664319887757,0.04716981132075472,0.0008698959718458354,0.05660377358490566,0.000533247017301619,0.02830188679245283,0.00014961767010390759,0.07547169811320754,0.000491858518216759,0.009433962264150943,3.692700920510106e-05,0.04716981132075472,0.0003683606337290257,0.10377358490566038,0.0009238197235390544,2
7YHD,2,0.97,4.980027961730956,-13,3.9153239211877233,0.0,0.0,0.0,96.23369266055046,1.6537752290999046,108.09061403508768,12.56140350877193,0.1684369793198079,0.08771929824561403,0.0005982519360259175,0.03508771929824561,0.000314660050207749,0.03508771929824561,0.0004073994932696223,0.03508771929824561,0.0005578886484727263,0.008771929824561403,0.00021266080148052424,0.017543859649122806,7.391740655293688e-05,0.02631578947368421,0.0001381581387249753,0.09649122807017543,0.0020203834865242243,0.043859649122807015,0.0004935326869599521,0.07894736842105263,0.0007704113377258182,0.13157894736842105,0.000986210536211729,0.0,0.0,0.0,0.0,0.03508771929824561,0.00022054213332012296,0.05263157894736842,0.0004035344172734767,0.06140350877192982,0.0005652036634273827,0.07017543859649122,0.0006813688669353724,0.017543859649122806,0.00013525609392672777,0.06140350877192982,0.0005517695681191981,0.10526315789473684,0.0009297038777731359,2
1C53,0,0.87,8.877183723449708,3,3.687514634313997,0.0,0.0,0.0,92.91116438356164,2.0980291619932703,106.05822784810127,9.39240506329114,0.13835340680337097,0.13924050632911392,0.0012617374304682016,0.012658227848101266,8.197054557967931e-05,0.012658227848101266,9.003621380543336e-05,0.0759493670886076,0.0005049390601925552,0.02531645569620253,0.0003898568102158606,0.02531645569620253,0.0002022812404902652,0.05063291139240506,0.0003603923541959375,0.13924050632911392,0.0010349981021136045,0.02531645569620253,0.0003163417859468609,0.0,0.0,0.06329113924050633,0.0010743034072220325,0.1518987341772152,0.0013983768876641989,0.06329113924050633,0.0009490554220974445,0.012658227848101266,0.0002139468415407464,0.0,0.0,0.06329113924050633,0.0004762497846968472,0.012658227848101266,0.00012240163050591946,0.0,0.0,0.06329113924050633,0.0006759695825167,0.06329113924050633,0.0007666112505830824,0
5ARN,3,0.91,5.5921838760375975,-6,3.578714629664414,0.0,0.0,0.0,91.63536290322581,2.660873989484991,108.41073170731701,11.28048780487805,0.17629531970995385,0.14634146341463414,0.0018695680191740394,0.07317073170731707,0.0004424687649589032,0.012195121951219513,0.00011180768342455849,0.036585365853658534,0.0004704996244981885,0.2073170731707317,0.005342214368283749,0.036585365853658534,0.00036374537739902735,0.0975609756097561,0.0011260590981692076,0.012195121951219513,0.00021219938935246319,0.0,0.0,0.04878048780487805,0.0004260954447090626,0.07317073170731707,0.0005147149786353111,0.012195121951219513,0.00015760582755319774,0.06097560975609756,0.0008273710845969617,0.012195121951219513,0.00031614143517799675,0.0,0.0,0.04878048780487805,0.0003106995136477053,0.06097560975609756,0.0005292725982144475,0.0,0.0,0.0,0.0,0.06097560975609756,0.0007405314827337861,3
1SF3,3,0.94,5.688412284851075,-4,4.057904199950581,0.0,0.0,0.0,96.83249689440994,1.4698321995464854,111.01357894736839,10.063157894736841,0.20897379431843208,0.10526315789473684,0.0006585271912626922,0.021052631578947368,0.0001471743598813191,0.021052631578947368,0.0002997922711074352,0.042105263157894736,0.00033449457259848714,0.010526315789473684,0.00011628053471213207,0.010526315789473684,7.613000343553722e-05,0.07368421052631578,0.0004118403303436935,0.05263157894736842,0.00045409155427478254,0.05263157894736842,0.0005194029654376209,0.042105263157894736,0.00045842916006222367,0.042105263157894736,0.0005331369466148317,0.07368421052631578,0.0005137819098308682,0.05263157894736842,0.00034768710611388087,0.042105263157894736,0.0003302844415884465,0.06315789473684211,0.00047283980529755354,0.031578947368421054,0.00042935507372021675,0.08421052631578947,0.0008866089046932757,0.010526315789473684,0.0004646389570552856,0.042105263157894736,0.000651698443107307,0.12631578947368421,0.0015825991285964847,3
2CYM,0,0.93,9.10056667327881,8,3.8730762214392773,0.0,0.0,0.0,94.6337037037037,2.102646519346668,111.46858823529412,9.023529411764706,0.07403942020093565,0.047058823529411764,0.00025032792473211884,0.011764705882352941,6.575619045179337e-05,0.023529411764705882,0.00016217170923482627,0.08235294117647059,0.0005008730222471058,0.09411764705882353,0.001683445880189538,0.011764705882352941,6.74351686029695e-05,0.03529411764705882,0.0001867967948783189,0.07058823529411765,0.0005167634226381779,0.10588235294117647,0.0010121356463059783,0.0,0.0,0.023529411764705882,0.00016697512182872742,0.15294117647058825,0.0009935629786923528,0.03529411764705882,0.0007874159491620958,0.023529411764705882,0.00028570505673997104,0.03529411764705882,0.00018492194067221135,0.07058823529411765,0.0007127597345970571,0.058823529411764705,0.0003810427733696997,0.0,0.0,0.03529411764705882,0.0003406389441806823,0.08235294117647059,0.0009261660743504763,0
7RT0,1,0.96,5.039879417419433,-13,3.8545082517459033,0.0,0.0,0.0,91.8508032,3.467637284826874,103.49509433962263,12.443396226415095,0.5519547398686827,0.1509433962264151,0.0017239213921129704,0.03773584905660377,0.00040492587140761316,0.009433962264150943,6.464253965532407e-05,0.018867924528301886,8.913329656934366e-05,0.0,0.0,0.02830188679245283,0.00018168399401474744,0.07547169811320754,0.0007356926798820496,0.1509433962264151,0.0017831147415563464,0.02830188679245283,0.00018741138046607375,0.04716981132075472,0.00029250213992781937,0.08490566037735849,0.0010192086920142174,0.009433962264150943,5.33811398781836e-05,0.02830188679245283,0.0003999674809165299,0.02830188679245283,0.0002563574817031622,0.04716981132075472,0.00029890440055169165,0.08490566037735849,0.0004873796715401113,0.018867924528301886,0.00013601957471109927,0.02830188679245283,0.00020086107542738318,0.03773584905660377,0.0008179437136277556,0.08490566037735849,0.0006785644218325615,1
4DPA,3,0.92,4.33661060333252,-9,3.9141248553006807,0.0,0.0,0.0,96.38521680216799,1.6304968880726456,106.87415730337075,9.876404494382022,0.19940944127008475,0.06741573033707865,0.0004407351661939174,0.0,0.0,0.0449438202247191,0.000417711038608104,0.056179775280898875,0.00037622745730914176,0.011235955056179775,0.00022276067466009408,0.011235955056179775,8.490546315442771e-05,0.0898876404494382,0.0006085912464186549,0.0898876404494382,0.0006586607196368277,0.02247191011235955,0.00020067254081368446,0.06741573033707865,0.0011241951724514365,0.06741573033707865,0.0006127473316155374,0.056179775280898875,0.0004914762685075402,0.02247191011235955,0.00025882836780510843,0.07865168539325842,0.0014252375112846494,0.0449438202247191,0.00029081926913931966,0.12359550561797752,0.0010121868690475821,0.02247191011235955,0.0001751076488289982,0.0,0.0,0.02247191011235955,0.0004325909249018878,0.10112359550561797,0.0013123704120516777,3
2CCW,3,0.94,7.151391029357909,0,4.082564726080141,0.0,0.0,0.0,96.5630905306972,1.7664443242593595,112.65099999999995,10.69,0.2244621141253508,0.08,0.0007023239741101861,0.01,6.197057518875226e-05,0.04,0.00045259748003445566,0.07,0.000436570611782372,0.02,0.00033356479252688587,0.04,0.0002149538486264646,0.04,0.00025784826721064746,0.05,0.00035904443939216435,0.05,0.0007091772276908159,0.04,0.0003122294438071549,0.06,0.002973993308842182,0.1,0.0007913120789453387,0.06,0.0004920876235701144,0.04,0.000683475867845118,0.01,5.2221115765860304e-05,0.04,0.00041270762449130416,0.08,0.0008081505657173693,0.01,0.00010604364069877192,0.04,0.0008130408241413534,0.12,0.0020242633763700724,3
1PHH,1,0.97,6.3555315017700185,-3,3.969731735136996,0.0,0.0,0.0,96.58104,1.7876420417944292,106.70115384615382,11.35576923076923,0.40916270435745455,0.09615384615384616,0.0012610259000211954,0.07692307692307693,0.0004939658101648092,0.019230769230769232,0.0003770669281948358,0.038461538461538464,0.00033264479134231806,0.019230769230769232,0.00010889371333178133,0.028846153846153848,0.00022228853777050972,0.028846153846153848,0.0002088508481392637,0.14423076923076922,0.0025849936064332724,0.019230769230769232,0.00014220464800018817,0.028846153846153848,0.00028928142273798585,0.1346153846153846,0.0028125287499278784,0.019230769230769232,0.00038102181861177087,0.019230769230769232,0.00012770672037731856,0.028846153846153848,0.00017854166799224913,0.038461538461538464,0.00043764320435002446,0.057692307692307696,0.00042057785321958363,0.04807692307692308,0.0003103814087808132,0.028846153846153848,0.00013365216727834195,0.028846153846153848,0.0001568480220157653,0.09615384615384616,0.0007244129083119333,1
4G8U,0,0.91,5.958454322814942,-6,4.033194490960433,0.0,0.0,0.0,83.04463573085847,10.060138310258244,116.66387096774193,9.956989247311828,0.2590515339418008,0.0967741935483871,0.0006245322874747217,0.06451612903225806,0.0004246491298545152,0.03225806451612903,0.0003233288007322699,0.021505376344086023,0.0001847085077315569,0.0,0.0,0.053763440860215055,0.0004143262922298163,0.06451612903225806,0.0005072522908449173,0.06451612903225806,0.0006169404950924218,0.03225806451612903,0.000168462676811032,0.043010752688172046,0.00031983794178813696,0.13978494623655913,0.0011567670153453946,0.053763440860215055,0.00037962509668432176,0.043010752688172046,0.0005465502035804093,0.07526881720430108,0.0009737496147863567,0.010752688172043012,4.359101876616478e-05,0.043010752688172046,0.00036391944740898907,0.043010752688172046,0.00022926241217646748,0.010752688172043012,4.366975190350786e-05,0.06451612903225806,0.00033804294071160257,0.043010752688172046,0.000535310769919306,0
2XV0,3,0.94,5.722117805480957,-3,4.062095869127685,0.0,0.0,0.0,96.08551797040168,1.8463616,110.3959793814433,10.391752577319588,0.2281336933398789,0.08247422680412371,0.000801196729298681,0.010309278350515464,6.45261534373276e-05,0.05154639175257732,0.000637461373116821,0.08247422680412371,0.0004841112531721592,0.020618556701030927,0.00035901597584597766,0.05154639175257732,0.00030389107996597886,0.010309278350515464,4.530394289758988e-05,0.061855670103092786,0.0004537819477263838,0.041237113402061855,0.0006503628101199865,0.041237113402061855,0.00039577315328642726,0.08247422680412371,0.000977460527792573,0.07216494845360824,0.0005277773016132414,0.061855670103092786,0.0005139333661645651,0.05154639175257732,0.0011504453141242266,0.010309278350515464,4.2142393795074895e-05,0.05154639175257732,0.0004265632014721632,0.09278350515463918,0.000810167461168021,0.010309278350515464,0.0026253846008330584,0.020618556701030927,0.0001636243105167523,0.09278350515463918,0.0021786398719996214,3
8X38,1,0.9,7.415521812438965,0,3.967763014945076,0.0,0.0,0.0,86.17063294422829,7.6011141551769,106.80989898989894,11.707070707070708,0.5368002719167516,0.15151515151515152,0.01052609458565712,0.0707070707070707,0.0004501858784351498,0.010101010101010102,8.169047214323655e-05,0.0707070707070707,0.0005478630773723125,0.030303030303030304,0.00017447606660425663,0.04040404040404041,0.0006789590115658939,0.020202020202020204,0.00021574799029622227,0.1111111111111111,0.0018967271316796541,0.04040404040404041,0.0002999887801706791,0.04040404040404041,0.0005234334385022521,0.1111111111111111,0.0008390879957005382,0.030303030303030304,0.00012976571451872587,0.020202020202020204,0.0006555141299031675,0.030303030303030304,0.0001804889179766178,0.04040404040404041,0.0003276079660281539,0.04040404040404041,0.00023292325204238296,0.04040404040404041,0.0003471827949397266,0.0,0.0,0.050505050505050504,0.0002656758879311383,0.050505050505050504,0.00042901409324258566,1
1UUY,3,0.96,5.920656394958496,-1,3.8904978782935493,0.0,0.0,0.0,94.59151172190784,1.8800638244469146,105.3748333333333,11.166666666666666,0.1733457711442786,0.11666666666666667,0.0009620899218134582,0.05,0.00025609444128349423,0.025,0.0005030380561947823,0.058333333333333334,0.0002858534571714699,0.008333333333333333,8.912640623748302e-05,0.008333333333333333,4.411593181430362e-05,0.05,0.00025471692788414657,0.06666666666666667,0.0004928324487991631,0.0,0.0,0.075,0.0017014264594763517,0.10833333333333334,0.004110179375857115,0.058333333333333334,0.00030564790358766913,0.041666666666666664,0.0005145129398442805,0.008333333333333333,3.754851422854699e-05,0.05,0.00034038329613395035,0.075,0.00044151960173621774,0.06666666666666667,0.0010788983199745417,0.008333333333333333,5.630668965750374e-05,0.008333333333333333,4.253520455677062e-05,0.11666666666666667,0.0008402997045777738,3
4F2F,3,0.9,5.822609138488769,-3,3.8955479155754436,0.0,0.0,0.0,93.66998742138367,2.77641,116.0541176470588,10.16470588235294,0.18278867102396515,0.058823529411764705,0.0005911936750635505,0.047058823529411764,0.00047324193292297423,0.0,0.0,0.0,0.0,0.023529411764705882,0.00016828055959194899,0.07058823529411765,0.0005359153728932142,0.1411764705882353,0.0010412728879600763,0.058823529411764705,0.0005091637722216547,0.047058823529411764,0.0005195144913159311,0.12941176470588237,0.0018325676210224628,0.058823529411764705,0.0004542692913673818,0.09411764705882353,0.000674116367008537,0.023529411764705882,0.00010724928870331496,0.047058823529411764,0.0008542274008505046,0.047058823529411764,0.0003697748470585793,0.03529411764705882,0.0004667563771363348,0.03529411764705882,0.00039343745447695255,0.0,0.0,0.03529411764705882,0.0004884173977188766,0.047058823529411764,0.00036764508695341647,3
4ZDY,0,0.97,8.770101737976074,6,3.988761230449767,0.0,0.0,0.0,94.45890646492434,3.539003032483022,110.72553191489361,10.861702127659575,0.5359576551982829,0.07446808510638298,0.0004913015873171389,0.031914893617021274,0.0001740342704579234,0.010638297872340425,5.0163420382887125e-05,0.02127659574468085,0.0001268947817152366,0.010638297872340425,0.00010250992636429146,0.02127659574468085,0.00016948228585533798,0.02127659574468085,0.00011492866178741679,0.09574468085106383,0.0009063313482329249,0.0851063829787234,0.0008369982242584229,0.05319148936170213,0.0002608637441881001,0.10638297872340426,0.0011705538490787148,0.010638297872340425,5.101456554257311e-05,0.0425531914893617,0.0004873512079939246,0.09574468085106383,0.0006089336820878088,0.0851063829787234,0.0008436067146249115,0.05319148936170213,0.000498381326906383,0.09574468085106383,0.0010045731905847788,0.010638297872340425,5.091236744192429e-05,0.031914893617021274,0.00017035800556186587,0.0425531914893617,0.0006348547176457942,0
1JIN,0,0.94,4.7604589462280265,-23,3.9269494410173795,0.0,0.0,0.0,91.46360942975471,3.060533591118719,107.89079207920788,11.138613861386139,0.4005104510451045,0.10891089108910891,0.001547495136037469,0.0594059405940594,0.0004484012315515429,0.0297029702970297,0.0001668251061346382,0.009900990099009901,4.8570575017947704e-05,0.009900990099009901,0.00011361439828760922,0.009900990099009901,5.208427319303155e-05,0.0594059405940594,0.000584408116992563,0.09900990099009901,0.0008143630111590028,0.0297029702970297,0.0001634726213524118,0.0891089108910891,0.0005303609650582075,0.15841584158415842,0.0015299690421670675,0.009900990099009901,6.0668062360491604e-05,0.0297029702970297,0.00016580191731918603,0.039603960396039604,0.0003931819519493729,0.04950495049504951,0.0009932114044204354,0.06930693069306931,0.0007368961814790964,0.039603960396039604,0.000319886690704152,0.019801980198019802,8.288905519293621e-05,0.019801980198019802,8.97980498848483e-05,0.0594059405940594,0.00040181647636927664,0
2BZC,3,0.92,4.606538963317871,-7,3.9134218761170487,0.0,0.0,0.0,96.19268068331144,1.70981353325644,108.07747126436782,9.850574712643677,0.21152375970707762,0.09195402298850575,0.0008124779560603201,0.0,0.0,0.04597701149425287,0.0003888843930326402,0.05747126436781609,0.00046922502224333584,0.011494252873563218,0.0002119054552167654,0.0,0.0,0.06896551724137931,0.0005217323778197169,0.04597701149425287,0.00041148674790747464,0.022988505747126436,0.0001907149562612176,0.034482758620689655,0.001015035784803331,0.05747126436781609,0.0005492720520123839,0.08045977011494253,0.0008210859959945083,0.022988505747126436,0.00028367736376821995,0.06896551724137931,0.0014518098905682564,0.05747126436781609,0.0003423885500524193,0.09195402298850575,0.0006972183473408222,0.10344827586206896,0.000893937423825264,0.0,0.0,0.034482758620689655,0.0005395004991441965,0.10344827586206896,0.001192274852655828,3
5JCK,1,0.95,5.880982780456542,-7,3.768863084736385,0.0,0.0,0.0,92.82782318840579,4.444721235423398,103.90032608695647,11.673913043478262,0.44070318192858876,0.09782608695652174,0.0007194452336989343,0.06521739130434782,0.0007807734073139727,0.0,0.0,0.043478260869565216,0.0004167760780546814,0.010869565217391304,4.6915643906686455e-05,0.0,0.0,0.05434782608695652,0.0006494488916359842,0.18478260869565216,0.0014293157728388906,0.03260869565217391,0.0004550002340693027,0.03260869565217391,0.0002255913568660617,0.06521739130434782,0.00044911770964972675,0.043478260869565216,0.00020926896831952035,0.010869565217391304,4.5111133658792824e-05,0.021739130434782608,0.0001304351317230612,0.043478260869565216,0.000439782248577103,0.07608695652173914,0.000684849510435015,0.03260869565217391,0.00018958385044243187,0.0,0.0,0.07608695652173914,0.0004971903399564326,0.10869565217391304,0.0010529148858040571,1
6PJV,2,0.91,8.792730140686036,3,4.147578985367143,0.0,0.0,0.0,91.16827509293681,5.188491299324253,113.19920792079203,11.504950495049505,0.22790170583323394,0.10891089108910891,0.0012176658492535353,0.0594059405940594,0.0005549371126107872,0.0297029702970297,0.00021753400505986065,0.06930693069306931,0.0006732874317094684,0.019801980198019802,0.0010945630492642522,0.019801980198019802,0.00011702466144924983,0.0594059405940594,0.0004153519694227725,0.0594059405940594,0.0004993220791220665,0.039603960396039604,0.0004447014653123915,0.0594059405940594,0.0005573951057158411,0.0891089108910891,0.0009318941156379879,0.0594059405940594,0.0005974462255835533,0.019801980198019802,0.0001536775816930458,0.0297029702970297,0.00042171007953584194,0.019801980198019802,0.00010145518172066659,0.0594059405940594,0.0007599138771183789,0.04950495049504951,0.0003604044031817466,0.019801980198019802,0.00023789843544363976,0.0594059405940594,0.0003722116525750607,0.06930693069306931,0.0012113825650885701,2
3KZZ,2,0.87,5.8844499588012695,-5,3.8797954611109713,0.0,0.0,0.0,86.26699780861942,6.012836613935515,110.41809523809516,10.466666666666667,0.14292646995103775,0.0761904761904762,0.0006207195692695677,0.01904761904761905,0.0001484280510339886,0.01904761904761905,0.00024047768965829164,0.009523809523809525,3.9130412915255874e-05,0.0,0.0,0.01904761904761905,9.253328607883304e-05,0.06666666666666667,0.00045425115968100727,0.0761904761904762,0.0004556496860459447,0.047619047619047616,0.00037622294621542096,0.05714285714285714,0.002431523986160755,0.17142857142857143,0.002164757577702403,0.05714285714285714,0.0003558909229468554,0.009523809523809525,3.8500456867041066e-05,0.047619047619047616,0.00030380571843124926,0.08571428571428572,0.0026347399689257145,0.02857142857142857,0.0001845625665737316,0.047619047619047616,0.00023011611483525485,0.02857142857142857,0.00020595427486114204,0.01904761904761905,0.00016326739569194615,0.11428571428571428,0.001126342685893178,2
2O6X,4,0.95,6.097880363464354,-4,4.050537423138753,0.0,0.0,0.0,94.47829278183293,2.637412070759625,110.07521739130428,12.234782608695653,0.32116436451283953,0.08695652173913043,0.001274997484870255,0.043478260869565216,0.00022231400362215936,0.02608695652173913,0.0007089424761943519,0.02608695652173913,0.0001935057225637138,0.034782608695652174,0.00018129879026673734,0.017391304347826087,0.00012639336637221277,0.06086956521739131,0.00032963600824587047,0.13043478260869565,0.001083875191397965,0.008695652173913044,0.00021137365547474474,0.02608695652173913,0.00024587399093434215,0.06956521739130435,0.0007044723606668413,0.034782608695652174,0.0004268719640094787,0.06086956521739131,0.0003621606738306582,0.034782608695652174,0.00031892774859443307,0.008695652173913044,6.550514081027359e-05,0.0782608695652174,0.0009028334752656519,0.043478260869565216,0.00034994594170711935,0.043478260869565216,0.0004398976743686944,0.06086956521739131,0.00037247384898364544,0.10434782608695652,0.0034463938791304827,4
3VSR,4,0.97,4.77000789642334,-23,4.0306060901655965,0.0,0.0,0.0,97.32500907441018,1.9512775591831428,112.64849056603776,13.179245283018869,0.41171107899677206,0.05660377358490566,0.0003021559678018093,0.02830188679245283,0.0014277261216193438,0.03773584905660377,0.00020965001021977514,0.03773584905660377,0.00040149627602659166,0.0,0.0,0.04716981132075472,0.0004327298665884882,0.02830188679245283,0.0006738560041412711,0.10377358490566038,0.0007132365717552602,0.02830188679245283,0.0004111921298317611,0.0660377358490566,0.0007466740207746625,0.07547169811320754,0.00043412260129116476,0.0,0.0,0.03773584905660377,0.00019127369159832597,0.11320754716981132,0.0008222808828577399,0.04716981132075472,0.0005547707551158965,0.0660377358490566,0.000961782643571496,0.08490566037735849,0.0009253058233298361,0.02830188679245283,0.00022802219609729946,0.04716981132075472,0.0005968486075289547,0.0660377358490566,0.0005843614344485104,4
6AO9,4,0.91,6.828261375427247,-1,4.004815225370032,0.0,0.0,0.0,92.5858648111332,4.053805881076389,110.9543269230769,11.317307692307692,0.21493693222665186,0.08653846153846154,0.0010222368873655796,0.038461538461538464,0.0003281216777395457,0.038461538461538464,0.00032618737895973027,0.057692307692307696,0.00040099790203385055,0.019230769230769232,0.00018378067761659622,0.0,0.0,0.057692307692307696,0.0004375202697701752,0.07692307692307693,0.0009125959477387369,0.028846153846153848,0.00025746028404682875,0.10576923076923077,0.0011707694502547383,0.057692307692307696,0.000737406313419342,0.028846153846153848,0.00020507414592429996,0.019230769230769232,0.00015441268624272197,0.04807692307692308,0.0025095310993492603,0.0,0.0,0.07692307692307693,0.0008830451988615096,0.08653846153846154,0.0006430008797906339,0.028846153846153848,0.00017730635590851307,0.04807692307692308,0.00046283937990665436,0.09615384615384616,0.0009784147841855884,4
1YU7,4,0.79,7.175263404846191,0,3.8745424859476825,0.0,0.0,0.0,91.18173831775701,2.7519492091779907,113.00562500000001,8.109375,0.10040342003853564,0.078125,0.0004901016363874078,0.046875,0.0007304325117729604,0.0625,0.0009671254083514214,0.078125,0.0007054435554891825,0.0,0.0,0.03125,0.0002968765329569578,0.0625,0.014319813810288906,0.046875,0.00037915800930932164,0.015625,0.0004830524849239737,0.0,0.0,0.140625,0.0020451832097023726,0.109375,0.0022182336542755365,0.015625,9.882678568828851e-05,0.078125,0.0010463257785886526,0.0625,0.0004976490745320916,0.046875,0.0004951873561367393,0.046875,0.000367892935173586,0.0,0.0,0.015625,7.054796151351184e-05,0.0625,0.0006964512867853045,4
1BFG,4,0.85,9.726554679870606,10,4.069215034465781,0.0,0.0,0.0,88.1709688581315,6.169478326139989,113.93675213675213,11.179487179487179,0.18304843304843305,0.06837606837606838,0.0005562168080359697,0.08547008547008547,0.0006581674097105861,0.03418803418803419,0.00023283780319616199,0.02564102564102564,0.00014367219409905374,0.017094017094017096,0.00018185902445111424,0.03418803418803419,0.00023702859471086413,0.042735042735042736,0.00030713711748830974,0.10256410256410256,0.0006036062841303647,0.017094017094017096,8.971584611572325e-05,0.03418803418803419,0.0004899673513136804,0.10256410256410256,0.0012523847399279475,0.09401709401709402,0.000597778067458421,0.017094017094017096,0.00014123240543995053,0.06837606837606838,0.0007176072103902698,0.02564102564102564,0.00019338788115419447,0.06837606837606838,0.0004566642746794969,0.03418803418803419,0.00028231542091816664,0.008547008547008548,6.250305887078866e-05,0.05982905982905983,0.0007918120245449245,0.05982905982905983,0.0006708918372169137,4
1XAA,4,0.94,5.373240089416504,-9,3.66898476996965,0.0,0.0,0.0,95.47568400770714,2.399631169922285,101.9305714285714,12.752380952380953,0.45377858387567127,0.13333333333333333,0.0013286686735227704,0.02857142857142857,0.0006566944648511708,0.02857142857142857,0.00034541578497737646,0.0380952380952381,0.0002601195592433214,0.0,0.0,0.009523809523809525,3.8893103919690475e-05,0.047619047619047616,0.0004812584083992988,0.0761904761904762,0.00047006283421069384,0.01904761904761905,0.0001756054989527911,0.0380952380952381,0.00027576449792832136,0.18095238095238095,0.0016591516323387623,0.01904761904761905,9.824461449170485e-05,0.01904761904761905,0.00018319381342735142,0.02857142857142857,0.00030944609898142517,0.06666666666666667,0.0010174844646826386,0.0761904761904762,0.003201122162863612,0.047619047619047616,0.00023606907052453607,0.0,0.0,0.0,0.0,0.14285714285714285,0.0011519741965457797,4
7Y5J,4,0.85,5.2891752243041985,-2,4.034720568871662,0.0,0.0,0.0,91.26108585858586,4.098702422145328,113.66042857142855,9.942857142857143,0.26420361247947455,0.02857142857142857,0.0005195843987166882,0.04285714285714286,0.0003613436419982463,0.04285714285714286,0.000323232525261119,0.04285714285714286,0.00025436945725232363,0.02857142857142857,0.0017235396662726998,0.014285714285714285,6.374272925313562e-05,0.07142857142857142,0.0007186078000813723,0.05714285714285714,0.0004099221550859511,0.014285714285714285,6.251521699596196e-05,0.1,0.0007584022241644561,0.05714285714285714,0.0007683133007958531,0.07142857142857142,0.0007546020206063986,0.0,0.0,0.08571428571428572,0.001344390562735498,0.04285714285714286,0.0003137102467007935,0.07142857142857142,0.000951828493271023,0.11428571428571428,0.0015030469512566924,0.014285714285714285,0.0005084496224299073,0.02857142857142857,0.0004155351489316672,0.07142857142857142,0.0008339208434335887,4
1YRV,4,0.85,6.090832328796386,-5,4.099483943756495,0.0,0.0,0.0,84.20692924872355,8.121515353103883,113.19011627906973,10.174418604651162,0.14971428571428572,0.046511627906976744,0.00034182085073553026,0.0,0.0,0.05813953488372093,0.00028810417279601097,0.046511627906976744,0.0002999459393322468,0.011627906976744186,0.00010920358181465417,0.03488372093023256,0.0004014967125840485,0.05813953488372093,0.0004555895284283906,0.03488372093023256,0.000210970378248021,0.03488372093023256,0.00033740318031050265,0.08139534883720931,0.0013261227868497372,0.10465116279069768,0.001261949772015214,0.03488372093023256,0.0004838097665924579,0.03488372093023256,0.00023398433404508978,0.05813953488372093,0.0005730574484914541,0.08139534883720931,0.0008932128548622131,0.05813953488372093,0.0003323396958876401,0.08139534883720931,0.0007389180245809257,0.023255813953488372,0.00022151684970594943,0.03488372093023256,0.00019863828492816538,0.08139534883720931,0.0026287822984158993,4
3PTW,4,0.95,5.327712059020995,-13,3.975527018263759,0.0,0.0,0.0,91.33705182341652,4.2710352891156464,106.90723809523809,12.619047619047619,0.4198814016172507,0.06666666666666667,0.0022134173195809126,0.009523809523809525,4.682608778239228e-05,0.06666666666666667,0.0004867038514930755,0.01904761904761905,9.188913099933416e-05,0.01904761904761905,0.00016261360724456608,0.0380952380952381,0.000539749744348228,0.0380952380952381,0.00041632645297795534,0.11428571428571428,0.003990115597844124,0.01904761904761905,0.00010231504711555317,0.09523809523809523,0.0007911520078778267,0.10476190476190476,0.0015068849315866828,0.02857142857142857,0.0001824254431994632,0.0380952380952381,0.00021923769963905215,0.0761904761904762,0.0008539174450561404,0.02857142857142857,0.0002535816456656903,0.06666666666666667,0.0006894865073263645,0.0380952380952381,0.00028824436594732106,0.0,0.0,0.02857142857142857,0.00022889910906087607,0.10476190476190476,0.0005624722689390182,4
1HEP,4,0.94,9.323756217956543,8,4.076812268981876,0.0,0.0,0.0,96.82788000000001,1.5994231115918516,112.97362745098035,10.362745098039216,0.13510304784165322,0.10784313725490197,0.0013895961456000805,0.06862745098039216,0.00032908673165366054,0.10784313725490197,0.0007594013586640358,0.0392156862745098,0.0002646164211910218,0.06862745098039216,0.0005160501459613442,0.0196078431372549,0.00038315969868563116,0.0196078431372549,0.00021604383073281497,0.058823529411764705,0.00045615516137331724,0.00980392156862745,6.143519567558542e-05,0.0392156862745098,0.0005322166834957898,0.06862745098039216,0.0024506107438355684,0.058823529411764705,0.0004529088910203427,0.0196078431372549,0.000203060480998829,0.029411764705882353,0.00025888619711622596,0.00980392156862745,4.136435018153861e-05,0.0784313725490196,0.0005748788244090974,0.0392156862745098,0.00044481773511506617,0.058823529411764705,0.0006073680706322193,0.029411764705882353,0.00024814525386318564,0.06862745098039216,0.0009409536141902208,4
2FGT,4,0.93,5.5649011611938475,-7,4.0697207973988245,0.0,0.0,0.0,88.85481514344869,5.335128731547136,118.88075268817201,10.688172043010752,0.3285195041215032,0.03225806451612903,0.0002962329308502376,0.03225806451612903,0.0005051628104411066,0.03225806451612903,0.00038062228122726083,0.06451612903225806,0.0005582739831879735,0.0,0.0,0.0967741935483871,0.000981283956207335,0.021505376344086023,0.0001291965163545683,0.021505376344086023,0.00010944875975837931,0.021505376344086023,0.0001521159865660593,0.11827956989247312,0.001029091072268784,0.07526881720430108,0.0004511356237344444,0.043010752688172046,0.0002401211968390271,0.03225806451612903,0.00021436162933241576,0.08602150537634409,0.002722770906984806,0.053763440860215055,0.0006019972497597337,0.06451612903225806,0.0008587648044340312,0.06451612903225806,0.0004548924043774605,0.03225806451612903,0.00014929297321941704,0.043010752688172046,0.0006431159563362598,0.06451612903225806,0.0005098985857330263,4
5NJM,4,0.94,9.323756217956543,8,4.0820286314881455,0.0,0.0,0.0,97.05362637362637,1.4801934979868998,113.1111764705882,10.362745098039216,0.13549260763908214,0.10784313725490197,0.0013954847818240523,0.06862745098039216,0.0003282722900621593,0.10784313725490197,0.0007606232538819313,0.0392156862745098,0.00026318320306017995,0.06862745098039216,0.0005155223188921809,0.0196078431372549,0.0003807431203313172,0.0196078431372549,0.0002176708512706682,0.058823529411764705,0.0004533508908934891,0.00980392156862745,6.161091005196795e-05,0.049019607843137254,0.0008694648859091103,0.06862745098039216,0.0024790805764496326,0.058823529411764705,0.00045475768274627626,0.0196078431372549,0.00020137337560299784,0.029411764705882353,0.0002593744720797986,0.00980392156862745,4.108422217541374e-05,0.0784313725490196,0.0007148862932808697,0.0392156862745098,0.0003104834468103945,0.058823529411764705,0.0006053017568774521,0.029411764705882353,0.0002464496064931154,0.058823529411764705,0.0006100081955082715,4
1SZT,4,0.77,6.028764152526855,-1,3.7215277841122743,0.0,0.0,0.0,88.55412612612612,4.047750865051903,118.56149999999998,8.275,0.10196374622356495,0.05,0.0004924419336020947,0.05,0.00028458453016355634,0.05,0.0005226451903581619,0.025,0.00013520661741495132,0.0,0.0,0.1,0.0032343114726245403,0.1,0.0008866323041729629,0.025,0.00012888471246697009,0.05,0.001226964988745749,0.125,0.001904885983094573,0.175,0.002376990858465433,0.025,0.00011404036922613159,0.0,0.0,0.0,0.0,0.0,0.0,0.075,0.0007901059580035508,0.05,0.0012951616663485765,0.05,0.00030518602579832077,0.025,0.0004702854494098574,0.025,0.0002979364653583616,4
1UIA,4,0.92,9.180765342712402,7,4.030170168041165,0.0,0.0,0.0,96.42933673469388,1.82241924483849,112.29762376237618,10.316831683168317,0.12960605081621407,0.10891089108910891,0.0014095008373260498,0.0594059405940594,0.00028937443858012557,0.1188118811881188,0.0008108491892926395,0.039603960396039604,0.0002665349456947297,0.0594059405940594,0.00048413642798550427,0.019801980198019802,0.0004058746562805027,0.019801980198019802,0.00022761840955354273,0.0594059405940594,0.0004620526160579175,0.0,0.0,0.04950495049504951,0.0008972228388302028,0.06930693069306931,0.0028282590210437775,0.0594059405940594,0.0004558778600767255,0.019801980198019802,0.00020309744286350906,0.0297029702970297,0.000262824643868953,0.009900990099009901,4.190435356576927e-05,0.0891089108910891,0.0007559568039141595,0.039603960396039604,0.000314314995193854,0.0594059405940594,0.0006162469508126378,0.0297029702970297,0.0002505680313333869,0.0594059405940594,0.0005981086869724095,4
132L,4,0.94,9.323756217956543,8,4.0820286314881455,0.0,0.0,0.0,97.05362637362637,1.4801934979868998,113.1111764705882,10.362745098039216,0.13549260763908214,0.10784313725490197,0.0013954847818240523,0.06862745098039216,0.0003282722900621593,0.10784313725490197,0.0007606232538819313,0.0392156862745098,0.00026318320306017995,0.06862745098039216,0.0005155223188921809,0.0196078431372549,0.0003807431203313172,0.0196078431372549,0.0002176708512706682,0.058823529411764705,0.0004533508908934891,0.00980392156862745,6.161091005196795e-05,0.049019607843137254,0.0008694648859091103,0.06862745098039216,0.0024790805764496326,0.058823529411764705,0.00045475768274627626,0.0196078431372549,0.00020137337560299784,0.029411764705882353,0.0002593744720797986,0.00980392156862745,4.108422217541374e-05,0.0784313725490196,0.0007148862932808697,0.0392156862745098,0.0003104834468103945,0.058823529411764705,0.0006053017568774521,0.029411764705882353,0.0002464496064931154,0.058823529411764705,0.0006100081955082715,4
4WFU,4,0.92,4.590851402282715,-11,4.034151441704607,0.0,0.0,0.0,93.78471291866029,2.884233234714004,116.15301724137932,10.663793103448276,0.19017088060658435,0.04310344827586207,0.0004690366331487894,0.05172413793103448,0.00041648157639428973,0.07758620689655173,0.0005396076594479382,0.017241379310344827,8.187959610950202e-05,0.017241379310344827,7.175597420427948e-05,0.017241379310344827,7.859166362322867e-05,0.09482758620689655,0.0013003083877265453,0.05172413793103448,0.0004280923749320209,0.008620689655172414,7.365669443970546e-05,0.08620689655172414,0.0007833715062588453,0.10344827586206896,0.0009511172538623214,0.06896551724137931,0.0003552041598595679,0.017241379310344827,0.00019836274441331625,0.02586206896551724,0.00017570350610185415,0.034482758620689655,0.00016912116552703083,0.04310344827586207,0.00020459695952013135,0.06896551724137931,0.000998320640064776,0.008620689655172414,8.798987983027473e-05,0.08620689655172414,0.0008601992158219218,0.07758620689655173,0.0008205165504477918,4
2WLW,4,0.95,7.69835262298584,1,4.015695255556467,0.0,0.0,0.0,95.87020553359683,1.8359889807162535,107.07516393442619,11.532786885245901,0.24442191851049203,0.07377049180327869,0.00046183617087081075,0.02459016393442623,0.00017888034926727414,0.04918032786885246,0.0003415812680032104,0.02459016393442623,0.00012534625420812517,0.03278688524590164,0.00036226375959813595,0.02459016393442623,0.00044124125270172954,0.040983606557377046,0.00023161461285781115,0.13934426229508196,0.0012335819192230701,0.040983606557377046,0.0002416019851807505,0.07377049180327869,0.0007122215465642512,0.040983606557377046,0.0004533267056103796,0.06557377049180328,0.00037499534664675593,0.03278688524590164,0.00034822674933820963,0.10655737704918032,0.0018686408875510097,0.03278688524590164,0.00015318953956011683,0.04918032786885246,0.0005836000782437623,0.08196721311475409,0.00044107355643063784,0.0,0.0,0.00819672131147541,9.579384641256183e-05,0.05737704918032787,0.0004679567355196923,4
1QTO,4,0.96,4.6375730514526365,-10,3.9149392627406403,0.0,0.0,0.0,96.49767665952889,1.8824979844127923,108.01326086956514,10.326086956521738,0.16988558352402747,0.13043478260869565,0.0010543802054598927,0.05434782608695652,0.0005477865925058722,0.03260869565217391,0.0003957059234380722,0.08695652173913043,0.0006281453534029424,0.010869565217391304,0.0002412640315014869,0.0,0.0,0.05434782608695652,0.000309469091007486,0.06521739130434782,0.0004305937618482858,0.03260869565217391,0.0003935048298444599,0.03260869565217391,0.00037657745997421443,0.043478260869565216,0.0005816127522848547,0.010869565217391304,6.028169082128443e-05,0.010869565217391304,0.0001020741619868204,0.05434782608695652,0.0005318392068147659,0.06521739130434782,0.0004929620772600174,0.043478260869565216,0.00034700892865657806,0.08695652173913043,0.0005707143573090434,0.03260869565217391,0.0004478942137211561,0.010869565217391304,5.198526559979655e-05,0.14130434782608695,0.0017334825824946165,4
4TTP,4,0.89,8.788926506042483,4,3.977438430113526,0.0,0.0,0.0,87.80570190641247,4.911273120605732,112.9235802469136,10.074074074074074,0.42653110626966834,0.07407407407407407,0.0011374715249985456,0.024691358024691357,0.00017784768715500832,0.037037037037037035,0.00023822799266781658,0.037037037037037035,0.00044366795918904245,0.012345679012345678,8.14246159279719e-05,0.037037037037037035,0.00017754572036210448,0.07407407407407407,0.001513802562840283,0.037037037037037035,0.0004377982404548675,0.037037037037037035,0.0002311362768523395,0.1111111111111111,0.005825186613947153,0.12345679012345678,0.0014153786469250917,0.08641975308641975,0.0006806300953030586,0.0,0.0,0.037037037037037035,0.00021152761473786086,0.04938271604938271,0.0007839318714104593,0.04938271604938271,0.00032581546111032367,0.037037037037037035,0.00040842744056135416,0.0,0.0,0.04938271604938271,0.0006523379124701023,0.08641975308641975,0.0006181192002259195,4
5RCS,4,0.85,4.774043464660645,-8,3.6244764526481017,0.0,0.0,0.0,85.50343913612565,11.769145766998367,104.18305555555553,11.99074074074074,0.4628199628199628,0.1111111111111111,0.0014905339339748025,0.0,0.0,0.037037037037037035,0.0005016293725930154,0.08333333333333333,0.0007488210685551167,0.0,0.0,0.009259259259259259,3.679569999803789e-05,0.0,0.0,0.1111111111111111,0.0008764755330048501,0.0,0.0,0.046296296296296294,0.00027442158898338675,0.09259259259259259,0.0007385505014099181,0.027777777777777776,0.00016464368673041463,0.0,0.0,0.1111111111111111,0.0012639673659577966,0.046296296296296294,0.00027377079823054373,0.06481481481481481,0.00039831787580624223,0.14814814814814814,0.0017821958754211664,0.009259259259259259,5.0769343943102285e-05,0.037037037037037035,0.0013257949613034725,0.06481481481481481,0.000599255261477083,4
3NPO,4,0.91,4.834235954284667,-8,3.977082629996572,0.0,0.0,0.0,92.65957812500001,2.957338820301783,114.42899999999992,10.909090909090908,0.2214242424242424,0.1,0.0008157923584803939,0.02727272727272727,0.00019827877986244857,0.02727272727272727,0.0001427002571290359,0.05454545454545454,0.00026967699523083866,0.03636363636363636,0.0008664132910780609,0.045454545454545456,0.0007297407719306648,0.05454545454545454,0.00039869145257398486,0.00909090909090909,4.451083441381343e-05,0.00909090909090909,4.211474151816219e-05,0.05454545454545454,0.00035827604006044567,0.19090909090909092,0.001763680949807167,0.08181818181818182,0.00044624743168242276,0.03636363636363636,0.00043946667574346066,0.03636363636363636,0.0005689384997822344,0.03636363636363636,0.0001686905015958473,0.03636363636363636,0.00033070723293349147,0.03636363636363636,0.0002045646106125787,0.01818181818181818,0.000125556907732971,0.03636363636363636,0.00035743211628869176,0.07272727272727272,0.000830064294859767,4
1MJZ,4,0.96,5.127752494812011,-8,4.009763014393094,0.0,0.0,0.0,96.74610427226646,1.4953044897959185,109.40963636363635,11.372727272727273,0.2137272000581353,0.10909090909090909,0.0007666154997423291,0.01818181818181818,0.00011729700781870633,0.045454545454545456,0.0003392545913811773,0.05454545454545454,0.0010020884219557047,0.01818181818181818,0.00019233737839385867,0.01818181818181818,8.576647815061733e-05,0.06363636363636363,0.00039090748759917915,0.05454545454545454,0.000632503826636821,0.02727272727272727,0.00012311946193221956,0.08181818181818182,0.0007273491937667131,0.08181818181818182,0.001378200831823051,0.045454545454545456,0.0005383300594985485,0.00909090909090909,5.2225492254365236e-05,0.03636363636363636,0.00020728025992866606,0.08181818181818182,0.0006185236270539463,0.02727272727272727,0.00015917356358841062,0.02727272727272727,0.00015191370039246976,0.00909090909090909,4.704870661953464e-05,0.05454545454545454,0.0009339277748949826,0.13636363636363635,0.005324778147041798,4
6VV4,4,0.92,5.9009901046752935,-7,4.048709195144875,0.0,0.0,0.0,87.40281351526966,8.847505588428666,112.92095238095237,10.444444444444445,0.4497756549428282,0.07936507936507936,0.00048223102930933237,0.047619047619047616,0.00028152676532045007,0.031746031746031744,0.0001954821782419458,0.06349206349206349,0.0007949471473693848,0.06349206349206349,0.000526945514138788,0.015873015873015872,6.389983900589868e-05,0.06349206349206349,0.0003152097051497549,0.07936507936507936,0.001144111854955554,0.031746031746031744,0.0003571008564904332,0.047619047619047616,0.0006994997384026647,0.031746031746031744,0.0007303170277737081,0.0,0.0,0.015873015873015872,6.619667692575604e-05,0.031746031746031744,0.00020408423733897507,0.06349206349206349,0.0003801652346737683,0.031746031746031744,0.00015333060582634062,0.09523809523809523,0.006178431678563356,0.015873015873015872,9.8333643109072e-05,0.1111111111111111,0.0013312263181433082,0.07936507936507936,0.0005243422347120941,4
6F4M,4,0.96,5.321061897277832,-10,4.030219021629476,0.0,0.0,0.0,95.25008316008316,1.8687550928021732,116.08536082474224,11.649484536082474,0.4775020527324149,0.05154639175257732,0.0005014857742935419,0.041237113402061855,0.00033785687992349267,0.030927835051546393,0.0003230814472772181,0.020618556701030927,0.00014207125059328973,0.0,0.0,0.07216494845360824,0.0006291570025496185,0.020618556701030927,0.0001185701839858666,0.05154639175257732,0.0002955078089144081,0.030927835051546393,0.00031047442462295294,0.10309278350515463,0.0007939625065773726,0.1134020618556701,0.0010612589539960027,0.020618556701030927,0.0001886493555502966,0.010309278350515464,6.672141171293333e-05,0.061855670103092786,0.0006261299131438136,0.07216494845360824,0.0004202417912892997,0.07216494845360824,0.0009666942642070353,0.030927835051546393,0.00020170255447737873,0.041237113402061855,0.00046566742821596563,0.061855670103092786,0.0004730615473818034,0.09278350515463918,0.0009147358359768987,4
3ASD,4,0.85,6.07696361541748,-7,3.575713013193471,0.0,0.0,0.0,88.2197965670693,8.54016,108.85909090909088,11.106060606060606,0.11736739840423333,0.12121212121212122,0.0006659729406237602,0.06060606060606061,0.00044507879647426307,0.045454545454545456,0.0005715930601581931,0.0,0.0,0.0,0.0,0.030303030303030304,0.0002574861282482743,0.015151515151515152,6.266032869461924e-05,0.09090909090909091,0.000546417897567153,0.015151515151515152,7.671635830774903e-05,0.045454545454545456,0.00026882512611337006,0.13636363636363635,0.0010292859515175223,0.07575757575757576,0.00046289735473692417,0.0,0.0,0.045454545454545456,0.0003549633838701993,0.015151515151515152,6.25285247224383e-05,0.0,0.0,0.06060606060606061,0.0005367810372263193,0.0,0.0,0.06060606060606061,0.0003279553784523159,0.18181818181818182,0.0013633528724312782,4
3O7K,4,0.88,6.12055912017822,-5,3.7255626971348668,0.0,0.0,0.0,81.30101092896174,9.624551384339744,108.11308823529406,8.602941176470589,0.2867772750125691,0.14705882352941177,0.0011134848464280367,0.08823529411764706,0.001023942488245666,0.04411764705882353,0.0006154646980576217,0.0,0.0,0.014705882352941176,0.0001790093956515193,0.029411764705882353,0.00026566063752397895,0.08823529411764706,0.0009799450635910034,0.08823529411764706,0.0006814791704528034,0.029411764705882353,0.00023955575306899846,0.058823529411764705,0.0009517983999103308,0.19117647058823528,0.0017472233157604933,0.029411764705882353,0.00029595207888633013,0.014705882352941176,0.0001293692330364138,0.029411764705882353,0.000286346796201542,0.029411764705882353,0.00026837759651243687,0.058823529411764705,0.0003832265210803598,0.014705882352941176,0.00021770139574073255,0.0,0.0,0.014705882352941176,0.00021940271835774183,0.029411764705882353,0.0002679585013538599,4
5P1Q,4,0.97,4.1373899459838865,-14,3.6850270864240278,0.0,0.0,0.0,97.88970280452072,1.8217079889807162,108.4785046728972,12.19626168224299,0.4521574103913775,0.08411214953271028,0.0007789815426804125,0.0,0.0,0.04672897196261682,0.00022008166706655174,0.102803738317757,0.001940478221513331,0.0,0.0,0.0,0.0,0.009345794392523364,5.241388134891167e-05,0.11214953271028037,0.0023986962623894215,0.009345794392523364,3.736419239430688e-05,0.08411214953271028,0.0005390041042119265,0.11214953271028037,0.0009822056163102388,0.009345794392523364,8.026976865949109e-05,0.0,0.0,0.11214953271028037,0.0009136887965723872,0.028037383177570093,0.0001555196358822286,0.04672897196261682,0.0003280412347521633,0.11214953271028037,0.005155394785106182,0.028037383177570093,0.00016204194980673492,0.04672897196261682,0.0003898662398569286,0.056074766355140186,0.0003168587863910943,4
4WJ1,4,0.9,4.672187995910644,-22,3.9040998045793947,0.0,0.0,0.0,89.27051918735893,6.794207673504091,108.95666666666665,9.73076923076923,0.3988885510624641,0.14102564102564102,0.0015747904544696212,0.07692307692307693,0.0005745516391471028,0.0,0.0,0.0641025641025641,0.0004633926728274673,0.01282051282051282,0.00030317038181237876,0.05128205128205128,0.0003546039224602282,0.07692307692307693,0.0006567531963810325,0.11538461538461539,0.0011461477261036634,0.01282051282051282,8.888221782399341e-05,0.02564102564102564,0.00022376351989805698,0.07692307692307693,0.0015896769473329186,0.05128205128205128,0.0009983613854274154,0.038461538461538464,0.0005420476081781089,0.02564102564102564,0.0006631294963881373,0.07692307692307693,0.0007028133841231465,0.05128205128205128,0.0003639778879005462,0.05128205128205128,0.0006290420424193144,0.038461538461538464,0.00043641493539325893,0.01282051282051282,0.0001621554692974314,0.0,0.0,4
3RLE,4,0.83,5.052099800109862,-10,4.093412085282893,0.0,0.0,0.0,89.26430348258707,5.497142922552139,114.74164705882347,10.623529411764705,0.3053091003843398,0.023529411764705882,0.00027593033155426383,0.047058823529411764,0.0006806732271797955,0.058823529411764705,0.0005568441702052951,0.09411764705882353,0.0006332627381198108,0.023529411764705882,0.00040643144166097045,0.011764705882352941,6.551391561515629e-05,0.058823529411764705,0.00043172590085305274,0.07058823529411765,0.0005753886071033776,0.047058823529411764,0.0005041867261752486,0.08235294117647059,0.0010283105075359344,0.07058823529411765,0.0012035705149173737,0.023529411764705882,0.00014279852621257305,0.011764705882352941,8.613803220214322e-05,0.058823529411764705,0.0012320260284468532,0.023529411764705882,0.0003396951360628009,0.058823529411764705,0.00048530736239627004,0.058823529411764705,0.00031496549490839243,0.011764705882352941,8.128886838676408e-05,0.058823529411764705,0.0008401949889957905,0.10588235294117647,0.0012002113508060575,4
7W8U,4,0.95,5.407229804992675,-10,3.7615674812818853,0.0,0.0,0.0,90.70728474455163,3.9385110273866966,111.60208333333337,12.125,0.3842174971363116,0.09375,0.0007985120173543692,0.052083333333333336,0.0003302411932963878,0.010416666666666666,5.490698094945401e-05,0.03125,0.00016923410294111818,0.03125,0.0002636222343426198,0.0,0.0,0.041666666666666664,0.00038021348882466555,0.03125,0.00014817218470852822,0.041666666666666664,0.0002787396952044219,0.0,0.0,0.1875,0.0014729625545442104,0.020833333333333332,0.00017545389709994197,0.010416666666666666,8.118819823721424e-05,0.041666666666666664,0.0002550559293013066,0.07291666666666667,0.00040617038030177355,0.052083333333333336,0.0005174220423214138,0.0625,0.00045094816596247256,0.010416666666666666,0.00011312220158288255,0.0625,0.0007949940045364201,0.14583333333333334,0.001218903693370521,4
3V75,4,0.94,5.536026954650878,-10,3.6233463418821064,0.0,0.0,0.0,90.90880090497737,5.141208154435382,100.90657407407404,12.175925925925926,0.28188987466554005,0.17592592592592593,0.0015851362841203809,0.06481481481481481,0.00034668020089156926,0.018518518518518517,0.0001465928362449631,0.027777777777777776,0.0004822349292226136,0.009259259259259259,0.00012939378211740404,0.009259259259259259,9.455802501179278e-05,0.027777777777777776,0.00011753233411582187,0.12037037037037036,0.0008623753092251718,0.0,0.0,0.009259259259259259,6.9999456172809e-05,0.12962962962962962,0.0014292835257947445,0.027777777777777776,0.0004109009460080415,0.018518518518518517,0.0004070472496096045,0.06481481481481481,0.0007484778761863708,0.05555555555555555,0.0004806630895473063,0.06481481481481481,0.0005171626689843833,0.027777777777777776,0.0003058123984374106,0.0,0.0,0.009259259259259259,4.116929994779639e-05,0.1388888888888889,0.0035745545756071806,4
3ZPJ,4,0.82,5.108086204528808,-15,3.8193916641792174,0.0,0.0,0.0,86.81166260869566,7.200094660966317,108.40527777777777,11.11111111111111,0.13772569444444444,0.18055555555555555,0.0024049775674939156,0.013888888888888888,0.0002815446350723505,0.013888888888888888,0.00026672292733564973,0.06944444444444445,0.001050530350767076,0.0,0.0,0.013888888888888888,0.00016751178191043437,0.06944444444444445,0.0007756603881716728,0.06944444444444445,0.0011948792962357402,0.013888888888888888,6.223248055903241e-05,0.08333333333333333,0.0006697257049381733,0.125,0.0017683982150629163,0.08333333333333333,0.0008317971369251609,0.027777777777777776,0.00040389993228018284,0.027777777777777776,0.0002700474578887224,0.041666666666666664,0.0012352520134299994,0.013888888888888888,0.0007843643543310463,0.027777777777777776,0.0005106499884277582,0.013888888888888888,6.417293479898944e-05,0.05555555555555555,0.0005331101710908115,0.05555555555555555,0.0004627998569048941,4
1FQI,4,0.84,9.34026012420654,6,4.061983259053601,0.0,0.0,0.0,89.39749185667752,4.806955435235318,121.66150684931507,9.465753424657533,0.11757825664611542,0.0684931506849315,0.00044429750414565206,0.0684931506849315,0.0007674985681660473,0.0410958904109589,0.00039927588659338653,0.0547945205479452,0.00040035921847447753,0.0136986301369863,0.00015810878539923579,0.0410958904109589,0.00058364198775962,0.0684931506849315,0.0010137627832591534,0.0547945205479452,0.0007132100290618837,0.0273972602739726,0.00020282898913137615,0.0684931506849315,0.0007770356605760753,0.1095890410958904,0.0016304932069033384,0.0821917808219178,0.0005063554272055626,0.0273972602739726,0.00030440796399489045,0.0821917808219178,0.0008186575141735375,0.0136986301369863,0.0001609348109923303,0.0547945205479452,0.0004735577676910907,0.0136986301369863,0.00011883145634783432,0.0410958904109589,0.0007139189983718097,0.0684931506849315,0.0005620017764158547,0.0,0.0,4
1W7B,4,0.94,6.922500419616699,0,4.001678900992699,0.0,0.0,0.0,92.85087357169185,4.09139234778674,113.54831683168318,10.504950495049505,0.30590420022209575,0.0594059405940594,0.00037493021227419376,0.0594059405940594,0.0008624735055491328,0.0594059405940594,0.0003208513371646404,0.06930693069306931,0.0005178785067982972,0.0297029702970297,0.00029450602596625686,0.04950495049504951,0.00026285042986273766,0.06930693069306931,0.0006362316198647022,0.0297029702970297,0.0001620467664906755,0.0,0.0,0.07920792079207921,0.0011612739181146026,0.13861386138613863,0.0008765406673774123,0.04950495049504951,0.0003443823952693492,0.0297029702970297,0.00026659801369532943,0.0297029702970297,0.0002892266493290663,0.0297029702970297,0.00026913778856396675,0.0891089108910891,0.0010746015468612313,0.019801980198019802,0.0001492675655754283,0.0,0.0,0.039603960396039604,0.00030165904900059104,0.06930693069306931,0.0005175762926228344,4
2TMY,4,0.95,7.7724706649780275,1,3.8737774504127227,0.0,0.0,0.0,95.7526579520697,1.5409861111111112,110.29697247706417,10.339449541284404,0.11574123067655463,0.11926605504587157,0.0009560074540786445,0.03669724770642202,0.0002524621959310025,0.03669724770642202,0.00023147398314904422,0.07339449541284404,0.0007610410102643073,0.009174311926605505,0.00022764792083762586,0.01834862385321101,7.954477041494101e-05,0.07339449541284404,0.00042030279291793704,0.045871559633027525,0.00038950188900344074,0.0,0.0,0.12844036697247707,0.0019871420226991177,0.03669724770642202,0.0004330466908868402,0.10091743119266056,0.0007011849666014314,0.07339449541284404,0.0014738219324499369,0.027522935779816515,0.00022525359236169606,0.045871559633027525,0.0002451040199957788,0.01834862385321101,0.0001465501554775983,0.03669724770642202,0.0061524007469415665,0.0,0.0,0.01834862385321101,0.00012680322106461972,0.10091743119266056,0.0018804079154506326,4
5R2I,4,0.85,4.774043464660645,-8,3.6244764526481017,0.0,0.0,0.0,85.50343913612565,11.769145766998367,104.18305555555553,11.99074074074074,0.4628199628199628,0.1111111111111111,0.0014905339339748025,0.0,0.0,0.037037037037037035,0.0005016293725930154,0.08333333333333333,0.0007488210685551167,0.0,0.0,0.009259259259259259,3.679569999803789e-05,0.0,0.0,0.1111111111111111,0.0008764755330048501,0.0,0.0,0.046296296296296294,0.00027442158898338675,0.09259259259259259,0.0007385505014099181,0.027777777777777776,0.00016464368673041463,0.0,0.0,0.1111111111111111,0.0012639673659577966,0.046296296296296294,0.00027377079823054373,0.06481481481481481,0.00039831787580624223,0.14814814814814814,0.0017821958754211664,0.009259259259259259,5.0769343943102285e-05,0.037037037037037035,0.0013257949613034725,0.06481481481481481,0.000599255261477083,4
1KAB,4,0.95,9.601228141784667,9,3.978620389669425,0.0,0.0,0.0,95.74980680772768,1.66587910899654,113.1515463917526,10.917525773195877,0.17402139735015526,0.10309278350515463,0.0009702275856398046,0.05154639175257732,0.0004945753607898951,0.041237113402061855,0.0008263465133495629,0.061855670103092786,0.0010291367070749402,0.0,0.0,0.020618556701030927,0.00010782757453853264,0.09278350515463918,0.0006510762614198029,0.05154639175257732,0.0004713851085398346,0.020618556701030927,0.0001237138785654679,0.05154639175257732,0.0004853684513363987,0.09278350515463918,0.0020580943673849106,0.09278350515463918,0.0005796511541120708,0.030927835051546393,0.00028643934638239443,0.030927835051546393,0.00030211510602384806,0.020618556701030927,0.00012201062781969085,0.020618556701030927,0.00015370450273621827,0.08247422680412371,0.0008312675636261702,0.0,0.0,0.05154639175257732,0.0005252684350125492,0.08247422680412371,0.0012340188259258866,4
7ID0,4,0.85,6.226279640197753,-2,3.657528079547314,0.0,0.0,0.0,87.69675138121546,4.236860879904875,111.96170212765954,10.180851063829786,0.26078836790502236,0.031914893617021274,0.0003648878773674369,0.06382978723404255,0.0005071680643595755,0.0,0.0,0.010638297872340425,5.711529956897721e-05,0.010638297872340425,0.0001818418240873143,0.06382978723404255,0.00035249412758275867,0.10638297872340426,0.0007474291487596929,0.07446808510638298,0.0008487008162774146,0.0425531914893617,0.0002888141025323421,0.010638297872340425,0.0005635911948047578,0.1595744680851064,0.0026668505743145943,0.0425531914893617,0.00036669455585069954,0.010638297872340425,7.221303530968726e-05,0.02127659574468085,0.0005769777344539762,0.0425531914893617,0.00033959123538807034,0.05319148936170213,0.00030946318292990327,0.02127659574468085,0.0002055227814707905,0.0,0.0,0.031914893617021274,0.0002603085886221379,0.20212765957446807,0.002386063104495406,4
4WEI,4,0.92,5.730473136901856,-6,3.9444064448694722,0.0,0.0,0.0,90.71121050072922,4.478358899503446,106.88214285714284,12.196428571428571,0.41013909224011713,0.13392857142857142,0.0015748630976304412,0.026785714285714284,0.00021903203742112964,0.05357142857142857,0.000299280509352684,0.026785714285714284,0.00011312527203699574,0.0,0.0,0.008928571428571428,3.5672397643793374e-05,0.05357142857142857,0.0003037832211703062,0.09821428571428571,0.0012750227469950914,0.008928571428571428,8.003087714314461e-05,0.0625,0.0006600631750188768,0.11607142857142858,0.0023135426454246044,0.03571428571428571,0.0002469681203365326,0.008928571428571428,4.359176818979904e-05,0.05357142857142857,0.0004889275296591222,0.03571428571428571,0.0003249704313930124,0.08035714285714286,0.000500007881782949,0.0625,0.0003806344757322222,0.026785714285714284,0.00020427296112757176,0.044642857142857144,0.0007192132179625332,0.0625,0.00047124011325649917,4
5P7D,4,0.97,4.1373899459838865,-14,3.6850270864240278,0.0,0.0,0.0,97.88970280452072,1.8217079889807162,108.4785046728972,12.19626168224299,0.4521574103913775,0.08411214953271028,0.0007789815426804125,0.0,0.0,0.04672897196261682,0.00022008166706655174,0.102803738317757,0.001940478221513331,0.0,0.0,0.0,0.0,0.009345794392523364,5.241388134891167e-05,0.11214953271028037,0.0023986962623894215,0.009345794392523364,3.736419239430688e-05,0.08411214953271028,0.0005390041042119265,0.11214953271028037,0.0009822056163102388,0.009345794392523364,8.026976865949109e-05,0.0,0.0,0.11214953271028037,0.0009136887965723872,0.028037383177570093,0.0001555196358822286,0.04672897196261682,0.0003280412347521633,0.11214953271028037,0.005155394785106182,0.028037383177570093,0.00016204194980673492,0.04672897196261682,0.0003898662398569286,0.056074766355140186,0.0003168587863910943,4
1PEN,4,0.53,4.0500284194946286,-1,2.8614422328142335,0.0,0.0,0.0,97.22254385964911,1.809342560553633,94.6976470588235,7.0588235294117645,0.18529411764705883,0.11764705882352941,0.02814607322216034,0.0,0.0,0.11764705882352941,0.004526100587099791,0.058823529411764705,0.0008540473063476384,0.23529411764705882,0.01223429199308157,0.0,0.0,0.0,0.0,0.058823529411764705,0.0008071237243711948,0.0,0.0,0.0,0.0,0.058823529411764705,0.0014948712196201086,0.0,0.0,0.0,0.0,0.0,0.0,0.17647058823529413,0.004303261637687683,0.058823529411764705,0.0013469344703480601,0.0,0.0,0.0,0.0,0.058823529411764705,0.001375444931909442,0.0,0.0,4
4G14,4,0.53,5.525000190734862,0,2.4056390622295662,0.0,0.0,0.0,92.41971698113207,2.556640625,88.23,6.25,0.15375,0.375,0.013064512982964516,0.0,0.0,0.0,0.0,0.0,0.0,0.0,0.0,0.0625,0.003369361162185669,0.0,0.0,0.0625,0.007713353727012873,0.0,0.0,0.0,0.0,0.0625,0.004474428482353687,0.0,0.0,0.0,0.0,0.125,0.0009047056082636118,0.125,0.005897424649447203,0.0,0.0,0.0,0.0,0.0,0.0,0.0,0.0,0.125,0.005275583826005459,4
6CB6,4,0.9,5.032604026794433,-3,3.932070107716331,0.0,0.0,0.0,93.04444557477112,2.7712644450416555,116.09670212765954,9.425531914893616,0.1168411699726238,0.05319148936170213,0.00030481573776341975,0.02127659574468085,0.000233411745284684,0.0425531914893617,0.0002643905463628471,0.0851063829787234,0.0006080559687688947,0.010638297872340425,0.00020615621178876609,0.02127659574468085,0.00014008086873218417,0.02127659574468085,0.0001629977923585102,0.010638297872340425,4.683372026192956e-05,0.0,0.0,0.06382978723404255,0.000460150622529909,0.10638297872340426,0.0009808246977627277,0.09574468085106383,0.0006076803547330201,0.06382978723404255,0.0007501646177843213,0.0851063829787234,0.0012921765446662903,0.02127659574468085,0.00010116913472302258,0.05319148936170213,0.00048651991528458893,0.06382978723404255,0.00047817520680837333,0.010638297872340425,6.80127486702986e-05,0.0425531914893617,0.0005112371873110533,0.1276595744680851,0.0012546349316835403,4
1GVL,4,0.95,6.6537656784057635,-2,3.9586428545656145,0.0,0.0,0.0,93.94240093240093,2.4809226004946807,109.49198275862062,12.681034482758621,0.3126362549520617,0.05172413793103448,0.0005403546965681016,0.017241379310344827,0.0001277902483707294,0.017241379310344827,0.00010917473264271393,0.04310344827586207,0.00041926998528651893,0.08620689655172414,0.0006226038676686585,0.05172413793103448,0.0003622829681262374,0.008620689655172414,4.608088420354761e-05,0.1206896551724138,0.005497255362570286,0.07758620689655173,0.0004434022703208029,0.06896551724137931,0.0005040441756136715,0.15517241379310345,0.001926453085616231,0.04310344827586207,0.0002181723393732682,0.017241379310344827,0.00012183585931779817,0.008620689655172414,4.3779997213277966e-05,0.04310344827586207,0.000993638765066862,0.034482758620689655,0.0005614246474578977,0.017241379310344827,0.00034433219116181135,0.02586206896551724,0.0001946263510035351,0.04310344827586207,0.00033402725239284337,0.06896551724137931,0.0010731788352131844,4
6RU3,4,0.85,8.625047874450683,2,4.0665276566636726,0.0,0.0,0.0,86.98772549019607,5.13778334595886,110.00638297872337,10.617021276595745,0.2540932929689166,0.10638297872340426,0.0011188937351107597,0.06382978723404255,0.0005973795196041465,0.031914893617021274,0.00015699383220635355,0.05319148936170213,0.00030847126618027687,0.02127659574468085,0.000502362847328186,0.05319148936170213,0.00043600599747151136,0.05319148936170213,0.00037437930586747825,0.09574468085106383,0.0009042038000188768,0.02127659574468085,0.00011645425547612831,0.031914893617021274,0.00043930744868703187,0.06382978723404255,0.000860433152411133,0.031914893617021274,0.00017181456496473402,0.02127659574468085,0.00025859149172902107,0.031914893617021274,0.0006191470893099904,0.0,0.0,0.0851063829787234,0.0007956354529596865,0.0851063829787234,0.0006478601135313511,0.02127659574468085,0.001245922059752047,0.05319148936170213,0.0008380971266888082,0.07446808510638298,0.000756343302782625,4
7IEG,4,0.85,6.226279640197753,-2,3.657528079547314,0.0,0.0,0.0,87.70758011049726,4.2393653388822825,111.96170212765954,10.191489361702128,0.26058277439701505,0.031914893617021274,0.0003649050195235759,0.06382978723404255,0.0005074789514765143,0.0,0.0,0.010638297872340425,5.7117817050311714e-05,0.010638297872340425,0.0001818617747630924,0.06382978723404255,0.00035252084489911795,0.10638297872340426,0.0007474578451365232,0.07446808510638298,0.0008490725886076689,0.0425531914893617,0.000289147807052359,0.010638297872340425,0.0005638563307002187,0.1595744680851064,0.002667117863893509,0.0425531914893617,0.0003667946730274707,0.010638297872340425,7.211798947537318e-05,0.02127659574468085,0.0005768020637333393,0.0425531914893617,0.0003396463580429554,0.05319148936170213,0.0003094716521445662,0.02127659574468085,0.00020553989452309906,0.0,0.0,0.031914893617021274,0.00026038839132525027,0.20212765957446807,0.0023864354006946087,4
1WKA,4,0.93,5.43127269744873,-6,3.850506968682656,0.0,0.0,0.0,95.31350085178876,1.9273312045906796,112.2919801980198,10.841584158415841,0.2087164880871649,0.1188118811881188,0.0010912433499470353,0.0891089108910891,0.0006747620063833892,0.0,0.0,0.039603960396039604,0.0005456821527332067,0.0,0.0,0.009900990099009901,0.00013407300866674632,0.07920792079207921,0.0005276641459204257,0.04950495049504951,0.0002635389973875135,0.0297029702970297,0.00020106392912566662,0.07920792079207921,0.0009242016822099686,0.09900990099009901,0.0008238124428316951,0.0594059405940594,0.0009307387517765164,0.009900990099009901,4.2639851017156616e-05,0.039603960396039604,0.0003580937918741256,0.06930693069306931,0.0006459255237132311,0.009900990099009901,5.958435212960467e-05,0.0594059405940594,0.000894789642188698,0.009900990099009901,6.714859773637727e-05,0.0297029702970297,0.0002828235737979412,0.1188118811881188,0.001518114935606718,4
3JSN,4,0.88,5.074153327941893,-18,4.024924084607003,0.0,0.0,0.0,89.67051817478732,5.35687373917171,112.11078431372546,11.029411764705882,0.29798692810457517,0.0784313725490196,0.0011163430754095316,0.058823529411764705,0.0004426322993822396,0.049019607843137254,0.0003228127025067806,0.06862745098039216,0.00037813454400748014,0.0,0.0,0.0196078431372549,8.532364154234529e-05,0.058823529411764705,0.0009533123229630291,0.06862745098039216,0.0009981049224734306,0.00980392156862745,8.394226460950449e-05,0.06862745098039216,0.0010454540606588125,0.11764705882352941,0.0009308290900662541,0.06862745098039216,0.00040371165960095823,0.029411764705882353,0.00018625246593728662,0.029411764705882353,0.001308368518948555,0.0392156862745098,0.0002512407081667334,0.049019607843137254,0.0005434199119918048,0.058823529411764705,0.0005924041615799069,0.0,0.0,0.058823529411764705,0.0006070045637898147,0.06862745098039216,0.0019613183103501797,4
4P9L,4,0.89,4.947572898864746,-7,4.133041441885826,0.0,0.0,0.0,87.94563169164883,5.423811803760095,116.80853448275866,11.129310344827585,0.24967947861855286,0.06896551724137931,0.0006481491145677865,0.07758620689655173,0.0006000536377541721,0.034482758620689655,0.0001950122241396457,0.05172413793103448,0.0002966702450066805,0.034482758620689655,0.0007175493519753218,0.017241379310344827,8.41452056192793e-05,0.0603448275862069,0.00042698337347246706,0.10344827586206896,0.0024588056840002537,0.017241379310344827,9.671391308074817e-05,0.02586206896551724,0.00022226598230190575,0.0603448275862069,0.00036712715518660843,0.04310344827586207,0.00018854637164622545,0.0603448275862069,0.0006691439193673432,0.11206896551724138,0.0012976411962881684,0.034482758620689655,0.0004212152271065861,0.034482758620689655,0.00028241885593160987,0.017241379310344827,0.0001414372236467898,0.034482758620689655,0.0005687882658094168,0.04310344827586207,0.00029576735687442124,0.06896551724137931,0.0011291191913187504,4
1SNQ,4,0.93,9.483250999450682,8,3.9506209299728345,0.0,0.0,0.0,91.816,3.5960091887752803,112.24723404255319,11.117021276595745,0.18095286572330246,0.11702127659574468,0.0010588738368824124,0.05319148936170213,0.0004868206160608679,0.0425531914893617,0.0010348984505981207,0.06382978723404255,0.0010241009294986725,0.0,0.0,0.02127659574468085,0.0001241422287421301,0.0851063829787234,0.0006575863808393478,0.05319148936170213,0.0004734313697554171,0.010638297872340425,8.036088547669351e-05,0.0425531914893617,0.00038337436853908,0.10638297872340426,0.0021446156315505505,0.0851063829787234,0.000539379776455462,0.031914893617021274,0.00027186356601305306,0.031914893617021274,0.0002785717078950256,0.02127659574468085,0.00013147886784281582,0.02127659574468085,0.00016128468269016594,0.07446808510638298,0.000759681744966656,0.0,0.0,0.05319148936170213,0.0005204548942856491,0.0851063829787234,0.0013916254974901676,4
2Y7N,4,0.92,4.2295259475708,-15,3.8951017767467815,0.0,0.0,0.0,92.00706181202371,4.123295734714004,110.73846938775512,11.010204081632653,0.34654158234192656,0.05102040816326531,0.00032352819107472897,0.01020408163265306,0.00018168514361605048,0.07142857142857142,0.0010761501034721732,0.05102040816326531,0.0004044592787977308,0.02040816326530612,0.00025209662271663547,0.0,0.0,0.030612244897959183,0.0007344916230067611,0.061224489795918366,0.0006917780265212059,0.0,0.0,0.05102040816326531,0.0005629228544421494,0.08163265306122448,0.00046521745389327407,0.05102040816326531,0.0005220940220169723,0.0,0.0,0.10204081632653061,0.0020174828823655844,0.061224489795918366,0.0005627624341286719,0.12244897959183673,0.0008623055182397366,0.11224489795918367,0.0011120775016024709,0.030612244897959183,0.000197782734176144,0.04081632653061224,0.00019259739201515913,0.05102040816326531,0.0006996822776272893,4
6J6E,4,0.87,6.856112480163574,0,3.541673246271986,0.0,0.0,0.0,93.69674607471576,4.336472436945445,107.96699999999997,10.67142857142857,0.16370242876266972,0.04285714285714286,0.00038879571366123855,0.02857142857142857,0.0014380032662302256,0.02857142857142857,0.00018412215285934508,0.02857142857142857,0.00024380460672546178,0.0,0.0,0.014285714285714285,6.156093877507374e-05,0.08571428571428572,0.0009270586306229234,0.07142857142857142,0.0005342926015146077,0.0,0.0,0.05714285714285714,0.003213651245459914,0.07142857142857142,0.0010161277605220675,0.17142857142857143,0.0011370768770575523,0.0,0.0,0.0,0.0,0.014285714285714285,5.886552025913261e-05,0.11428571428571428,0.0011006587883457541,0.17142857142857143,0.0026179207488894463,0.0,0.0,0.02857142857142857,0.00021224073134362698,0.07142857142857142,0.0004985799896530807,4
1HE9,4,0.81,5.699211692810059,-2,3.622951254889469,0.0,0.0,0.0,86.54126000000001,5.42700490086879,105.44459770114939,10.793103448275861,0.15392995727908143,0.13793103448275862,0.0016324302414432168,0.08045977011494253,0.0007145128329284489,0.0,0.0,0.034482758620689655,0.00024954057880677283,0.0,0.0,0.06896551724137931,0.0006148859392851591,0.04597701149425287,0.0003541988553479314,0.09195402298850575,0.0008141804137267172,0.022988505747126436,0.00015352257469203323,0.05747126436781609,0.0003685477131512016,0.1839080459770115,0.004004263319075108,0.022988505747126436,0.00021632805874105543,0.022988505747126436,0.000262538087554276,0.0,0.0,0.011494252873563218,5.038038216298446e-05,0.10344827586206896,0.0014421179657801986,0.06896551724137931,0.0006013865349814296,0.011494252873563218,0.00014055684732738882,0.0,0.0,0.034482758620689655,0.000464659184217453,4
6K5M,4,0.93,6.242706108093262,-3,4.008907968792772,0.0,0.0,0.0,89.73110132158588,5.484405458089668,109.68774193548379,9.741935483870968,0.13343540079280305,0.0967741935483871,0.0030241631902754307,0.03225806451612903,0.00041007253457792103,0.021505376344086023,0.00010264996672049165,0.06451612903225806,0.0006908838986419141,0.010752688172043012,9.786324517335743e-05,0.043010752688172046,0.0002354845346417278,0.03225806451612903,0.00017547937750350684,0.06451612903225806,0.0007929763523861766,0.010752688172043012,8.534712105756626e-05,0.07526881720430108,0.0005737123428843915,0.15053763440860216,0.0017944966675713658,0.03225806451612903,0.0002492189814802259,0.021505376344086023,0.00164502183906734,0.03225806451612903,0.00021126311912667006,0.021505376344086023,0.00010830243991222233,0.07526881720430108,0.00046367652248591185,0.053763440860215055,0.0005101663409732282,0.021505376344086023,0.000261491077253595,0.043010752688172046,0.00023261205933522433,0.0967741935483871,0.0018305366393178701,4
5ZO0,4,0.97,8.706084632873537,2,3.9094698137413846,0.0,0.0,0.0,97.60417798913043,1.5056857310825564,116.13000000000007,11.342342342342342,0.3688827827032752,0.02702702702702703,0.0005436434294097126,0.036036036036036036,0.00018070335499942303,0.07207207207207207,0.00040770191117189825,0.018018018018018018,8.989857451524585e-05,0.0,0.0,0.036036036036036036,0.00029201520374044776,0.02702702702702703,0.000400843215174973,0.09009009009009009,0.0008738754549995065,0.018018018018018018,9.330738248536363e-05,0.06306306306306306,0.0006744310958310962,0.02702702702702703,0.0002996347611770034,0.02702702702702703,0.0001712423691060394,0.009009009009009009,4.4957068894291297e-05,0.05405405405405406,0.00034771818900480866,0.036036036036036036,0.00019170143059454858,0.14414414414414414,0.0014012125320732594,0.04504504504504504,0.00022845645435154438,0.036036036036036036,0.00031060940818861127,0.14414414414414414,0.0025356172118335962,0.09009009009009009,0.0015873564407229424,4
3H2G,4,0.97,5.866602516174315,-6,3.900787489056552,0.0,0.0,0.0,96.7269264069264,2.2197088998724688,104.18052631578941,13.008771929824562,0.32874921626385584,0.12280701754385964,0.000854060985147953,0.017543859649122806,7.476568862330168e-05,0.02631578947368421,0.00012462072481866926,0.03508771929824561,0.00019939440244343132,0.017543859649122806,0.00010517190821701661,0.03508771929824561,0.0007659226539544761,0.05263157894736842,0.0003806159947998822,0.09649122807017543,0.010656486265361309,0.043859649122807015,0.001030001905746758,0.03508771929824561,0.00027282166411168873,0.14912280701754385,0.0008470581378787756,0.008771929824561403,8.755561430007219e-05,0.03508771929824561,0.00023599724227096885,0.0,0.0,0.06140350877192982,0.0009224910172633827,0.10526315789473684,0.0010595339117571712,0.06140350877192982,0.0007838255260139704,0.008771929824561403,0.00016818518633954227,0.043859649122807015,0.0007352305692620575,0.043859649122807015,0.0002484451688360423,4
2BQQ,4,0.84,4.940524864196777,-3,3.917255199746408,0.0,0.0,0.0,86.29003289473685,7.001260866160231,114.28253164556963,9.658227848101266,0.19319143288484827,0.05063291139240506,0.0004798149748239666,0.08860759493670886,0.0010781779419630766,0.02531645569620253,0.00012876384425908327,0.0759493670886076,0.0004561436362564564,0.012658227848101266,0.00019012464326806366,0.0,0.0,0.05063291139240506,0.0005555056850425899,0.0759493670886076,0.0005583346937783062,0.0,0.0,0.05063291139240506,0.0006436609546653926,0.0759493670886076,0.0009000991703942418,0.06329113924050633,0.0005930219194851816,0.012658227848101266,0.00013909087283536792,0.06329113924050633,0.0011121148709207773,0.012658227848101266,5.444582347990945e-05,0.12658227848101267,0.0010220773983746767,0.0379746835443038,0.0002912483469117433,0.012658227848101266,7.565625128336251e-05,0.0759493670886076,0.0013069299748167396,0.08860759493670886,0.0015626021195203066,4
8C9L,4,0.94,5.950837898254394,-4,4.11132169921035,0.0,0.0,0.0,95.24409344192026,2.695103284943643,110.48233333333327,10.78888888888889,0.30505778693214325,0.06666666666666667,0.00084837363101542,0.022222222222222223,0.00026374837034381926,0.044444444444444446,0.0003093098057433963,0.05555555555555555,0.0003274018527008593,0.044444444444444446,0.0007998429355211556,0.03333333333333333,0.0005188155337236822,0.044444444444444446,0.00025652165641076863,0.1,0.001068726065568626,0.03333333333333333,0.00031471136026084423,0.044444444444444446,0.0005884073907509446,0.03333333333333333,0.00022204421111382544,0.03333333333333333,0.00026333084679208696,0.044444444444444446,0.000731765991076827,0.12222222222222222,0.0013782299356535077,0.044444444444444446,0.00030904554296284914,0.05555555555555555,0.0005694705178029835,0.06666666666666667,0.0007643691496923566,0.0,0.0,0.03333333333333333,0.0005177240236662328,0.07777777777777778,0.000747314072214067,4
6JUI,4,0.65,9.19888095855713,4,3.9479450502681543,0.0,0.0,0.0,84.26779179810725,8.02743757431629,121.51811320754712,8.50943396226415,0.10354348826507133,0.05660377358490566,0.0008699767640791833,0.09433962264150944,0.001082911854609847,0.05660377358490566,0.001389507669955492,0.03773584905660377,0.00030865040025673807,0.03773584905660377,0.0003691642777994275,0.07547169811320754,0.0009734094492159784,0.07547169811320754,0.0017748622922226787,0.03773584905660377,0.0002180499432142824,0.0,0.0,0.07547169811320754,0.0006056252750568092,0.07547169811320754,0.0006257881759665906,0.09433962264150944,0.0005747196264564991,0.0,0.0,0.0,0.0,0.03773584905660377,0.0002643633051775396,0.018867924528301886,0.00015164515934884548,0.07547169811320754,0.0009363176068291068,0.09433962264150944,0.00133770820684731,0.018867924528301886,0.00010686828318284824,0.03773584905660377,0.0001956057531060651,4
4OEF,4,0.85,9.723202323913572,10,4.098204537367057,0.0,0.0,0.0,85.4797528830313,8.855587929240375,115.14523809523804,11.095238095238095,0.20450439403229104,0.0761904761904762,0.0005099232075735927,0.0761904761904762,0.0007110389997251332,0.0380952380952381,0.0003476054116617888,0.02857142857142857,0.00017373378796037287,0.01904761904761905,0.00029643080779351294,0.0380952380952381,0.00024163996567949653,0.02857142857142857,0.00019401901226956397,0.0761904761904762,0.0005075309309177101,0.02857142857142857,0.0001492371375206858,0.0380952380952381,0.0004393398412503302,0.11428571428571428,0.002887542126700282,0.09523809523809523,0.0007358099683187902,0.01904761904761905,0.00018636556342244148,0.0761904761904762,0.001067381352186203,0.02857142857142857,0.00041949990554712713,0.06666666666666667,0.00037815087125636637,0.02857142857142857,0.00021861447021365166,0.009523809523809525,4.174964487901889e-05,0.05714285714285714,0.00080737320240587,0.05714285714285714,0.00044104657717980444,4
3OUV,4,0.8,4.945413017272949,-2,3.727799121497362,0.0,0.0,0.0,93.80992156862744,3.3368974409839316,103.36157894736843,9.87719298245614,0.2682060390763766,0.07017543859649122,0.0010647361632436514,0.0,0.0,0.05263157894736842,0.000794067105744034,0.07017543859649122,0.0007247999892570078,0.0,0.0,0.07017543859649122,0.0010203070705756545,0.03508771929824561,0.0006315836799331009,0.08771929824561403,0.0008593027596361935,0.0,0.0,0.03508771929824561,0.001081348629668355,0.017543859649122806,0.0007078278576955199,0.05263157894736842,0.0005228422814980149,0.017543859649122806,0.00045703095383942127,0.03508771929824561,0.0006186058162711561,0.07017543859649122,0.0009983590571209788,0.07017543859649122,0.000593444739934057,0.12280701754385964,0.0016567596467211843,0.0,0.0,0.017543859649122806,0.0001626151497475803,0.17543859649122806,0.0019208495505154133,4
4QRZ,4,0.9,5.682842063903809,-7,4.057066522540337,0.0,0.0,0.0,91.74004095778199,5.9448031681446905,110.20957894736833,11.631578947368421,0.6878209097404144,0.10526315789473684,0.0010068848496302962,0.021052631578947368,0.0001860451011452824,0.042105263157894736,0.0009603843791410327,0.042105263157894736,0.0019436225993558764,0.0,0.0,0.06315789473684211,0.0004466334357857704,0.042105263157894736,0.00023474579211324453,0.07368421052631578,0.0029218371491879225,0.010526315789473684,8.161183359334245e-05,0.042105263157894736,0.0002966522006317973,0.06315789473684211,0.0004676520766224712,0.031578947368421054,0.0002760944771580398,0.021052631578947368,0.0005504409200511873,0.07368421052631578,0.0004508665588218719,0.11578947368421053,0.0011085635051131248,0.08421052631578947,0.0005135382525622845,0.042105263157894736,0.0009241099469363689,0.042105263157894736,0.0002469566243235022,0.031578947368421054,0.0004873282159678638,0.05263157894736842,0.00029622099827975035,4
1QG5,4,0.91,4.7597768783569325,-9,3.981919598440762,0.0,0.0,0.0,92.21533437013997,2.979923030025911,114.67401785714279,10.821428571428571,0.21818275577557755,0.08928571428571429,0.0006420438876375556,0.026785714285714284,0.00019475561566650867,0.026785714285714284,0.00014070785255171359,0.0625,0.0002998386917170137,0.03571428571428571,0.0008549084886908531,0.044642857142857144,0.0007168221054598689,0.05357142857142857,0.00039319234201684594,0.008928571428571428,4.3840405851369724e-05,0.008928571428571428,4.1581490222597495e-05,0.0625,0.00038707960629835725,0.1875,0.00172939442563802,0.08035714285714286,0.00043952729902230203,0.03571428571428571,0.00044246259494684637,0.03571428571428571,0.0005582415615208447,0.03571428571428571,0.00016553669411223382,0.03571428571428571,0.00032516990904696286,0.03571428571428571,0.00020141186541877687,0.017857142857142856,0.00012323400005698204,0.03571428571428571,0.00035237663541920483,0.08035714285714286,0.000980249373242259,4
3ZM2,4,0.91,6.868446540832521,-1,4.133070004797246,0.0,0.0,0.0,90.32788635385278,5.249797907161278,116.00360360360355,11.486486486486486,0.31113937466878644,0.036036036036036036,0.0007890952983871102,0.06306306306306306,0.0004313129757065326,0.02702702702702703,0.0002118671836797148,0.02702702702702703,0.00015488652570638806,0.02702702702702703,0.0002670727844815701,0.05405405405405406,0.0003837982367258519,0.036036036036036036,0.00016580444935243577,0.05405405405405406,0.000643949315417558,0.02702702702702703,0.0006051237578503788,0.11711711711711711,0.00137979700230062,0.05405405405405406,0.00025598701904527843,0.04504504504504504,0.00022267601161729544,0.04504504504504504,0.00040089795948006213,0.05405405405405406,0.00040625702240504324,0.02702702702702703,0.00021099825971759856,0.04504504504504504,0.0003323299461044371,0.06306306306306306,0.000979067524895072,0.02702702702702703,0.00013390590902417898,0.036036036036036036,0.00039363643736578524,0.13513513513513514,0.005153790581971407,4
1FHG,4,0.85,4.168026161193848,-27,4.028107168362812,0.0,0.0,0.0,74.35183277027028,15.376130038792375,115.02687500000002,10.375,0.41285977242302546,0.041666666666666664,0.00030426334706135094,0.020833333333333332,0.00010321550507796928,0.041666666666666664,0.0036301640793681145,0.08333333333333333,0.001932552200742066,0.08333333333333333,0.0019242074340581894,0.020833333333333332,0.00010845952783711255,0.10416666666666667,0.001999873900786042,0.041666666666666664,0.0035240119323134422,0.0,0.0,0.041666666666666664,0.0003242863167542964,0.020833333333333332,0.00017070310423150659,0.08333333333333333,0.0011118483962491155,0.020833333333333332,0.00015512217942159623,0.041666666666666664,0.000345107662724331,0.0625,0.0004992960020899773,0.020833333333333332,0.00035468864371068776,0.10416666666666667,0.0006458114949055016,0.020833333333333332,0.00012705706467386335,0.0625,0.001343563199043274,0.08333333333333333,0.0010524628451094031,4
4G2E,4,0.9,8.44331150054932,2,3.9275673482666393,0.0,0.0,0.0,89.91596337579618,2.8410361475110553,114.37442477876107,10.716814159292035,0.19689717413386143,0.07079646017699115,0.0025425998028367758,0.035398230088495575,0.0002715425507631153,0.035398230088495575,0.00018919334979727864,0.061946902654867256,0.00035943419788964093,0.017699115044247787,0.00012466830958146602,0.0,0.0,0.061946902654867256,0.00034454817068763077,0.017699115044247787,0.0006396465469151735,0.0,0.0,0.035398230088495575,0.0007574144401587546,0.07079646017699115,0.0015559631865471601,0.10619469026548672,0.0005844298866577446,0.02654867256637168,0.0001815082796383649,0.07079646017699115,0.0012112611439079046,0.07079646017699115,0.0004289223870728165,0.05309734513274336,0.00041354395216330886,0.04424778761061947,0.0002845643030013889,0.017699115044247787,0.0001129485754063353,0.04424778761061947,0.0004361431347206235,0.1592920353982301,0.0016159280203282833,4
3RFY,4,0.91,4.621032905578613,-21,3.928939501475625,0.0,0.0,0.0,89.08486791123636,6.284978077423051,108.24908163265304,11.357142857142858,0.4414617599061188,0.08163265306122448,0.0010035709710791707,0.030612244897959183,0.0003557383024599403,0.04081632653061224,0.0003419714339543134,0.061224489795918366,0.0006415421376004815,0.0,0.0,0.01020408163265306,5.397988934419118e-05,0.05102040816326531,0.0004085464170202613,0.10204081632653061,0.001025100238621235,0.0,0.0,0.05102040816326531,0.0006994982832111418,0.10204081632653061,0.0016849739477038383,0.030612244897959183,0.00018533824186306447,0.030612244897959183,0.00027432985370978713,0.07142857142857142,0.0006093732663430274,0.07142857142857142,0.0006848034099675715,0.030612244897959183,0.00016565165424253792,0.05102040816326531,0.00043160392669960856,0.01020408163265306,6.338794628391042e-05,0.04081632653061224,0.0006517684087157249,0.1326530612244898,0.0011355218011885881,4
4PMD,4,0.96,5.618159294128417,-9,4.077804011592943,0.0,0.0,0.0,95.21111578947368,2.5200386891215296,114.90336956521737,12.184782608695652,0.3931272543924291,0.05434782608695652,0.0006296128267422318,0.010869565217391304,0.0001643009454710409,0.07608695652173914,0.0006524864002130926,0.05434782608695652,0.0005275009316392243,0.0,0.0,0.043478260869565216,0.0006505104247480631,0.043478260869565216,0.0010780267184600234,0.06521739130434782,0.0006915736012160778,0.03260869565217391,0.0003770774055738002,0.08695652173913043,0.0007950132130645216,0.08695652173913043,0.0008105083252303302,0.043478260869565216,0.00024745994596742094,0.010869565217391304,7.42486517992802e-05,0.06521739130434782,0.0003343754797242582,0.021739130434782608,0.00017566667520441115,0.043478260869565216,0.0003302307450212538,0.08695652173913043,0.0019294139929115772,0.05434782608695652,0.0005434174672700465,0.03260869565217391,0.00028617927455343306,0.08695652173913043,0.0006406191969290376,4
9L1R,4,0.94,4.621771812438964,-13,3.9892760955335635,0.0,0.0,0.0,92.87447944006999,4.6533622989201975,113.84616071428569,12.348214285714286,0.3028612746617085,0.03571428571428571,0.0003306592407170683,0.0,0.0,0.05357142857142857,0.000457289774203673,0.044642857142857144,0.00035809268592856824,0.0,0.0,0.026785714285714284,0.0002626561908982694,0.026785714285714284,0.0001304682664340362,0.10714285714285714,0.0008855222840793431,0.017857142857142856,0.00016614599735476077,0.044642857142857144,0.0004956095363013446,0.125,0.0009938667062669992,0.03571428571428571,0.0001766438508639112,0.03571428571428571,0.00023096744553186,0.08035714285714286,0.0006856144755147398,0.044642857142857144,0.00030047065229155123,0.044642857142857144,0.0007243878790177405,0.09821428571428571,0.0006649450515396893,0.044642857142857144,0.0008467515581287444,0.07142857142857142,0.0006601691129617393,0.0625,0.0005522974533960223,4
1KWB,4,0.97,5.7341108322143555,-8,4.034236535855114,0.0,0.0,0.0,96.9880796460177,1.8037847157065114,115.27237623762373,11.990099009900991,0.31303807507092574,0.10891089108910891,0.0015341021353378892,0.06930693069306931,0.0005433856858871877,0.009900990099009901,5.0459657359169796e-05,0.06930693069306931,0.0003313907945994288,0.019801980198019802,0.00012187307584099472,0.019801980198019802,0.00016797271382529289,0.04950495049504951,0.00036157749127596617,0.07920792079207921,0.0009799429681152105,0.0594059405940594,0.000558122934307903,0.06930693069306931,0.0008023668196983635,0.1188118811881188,0.0011998458066955209,0.009900990099009901,5.046992373536341e-05,0.019801980198019802,0.00037385759060271084,0.07920792079207921,0.001767158624716103,0.019801980198019802,9.903922182274982e-05,0.019801980198019802,8.999212150229141e-05,0.039603960396039604,0.0003887326456606388,0.0297029702970297,0.00013450661208480597,0.04950495049504951,0.0003998305764980614,0.0594059405940594,0.0005097690154798329,4
5YDN,4,0.92,4.977129173278808,-2,3.9532266214207534,0.0,0.0,0.0,94.54305458768874,2.0999410824004716,114.4890410958904,9.67123287671233,0.13910124568279716,0.136986301369863,0.003334301058202982,0.0821917808219178,0.000622314284555614,0.0410958904109589,0.00034917585435323417,0.0684931506849315,0.0006209351704455912,0.0410958904109589,0.002784479409456253,0.0410958904109589,0.0006007590563967824,0.0410958904109589,0.00028475484577938914,0.0136986301369863,7.727611227892339e-05,0.0,0.0,0.0273972602739726,0.00029309294768609107,0.1232876712328767,0.0014288388192653656,0.0136986301369863,0.00022466666996479034,0.0136986301369863,8.89492584974505e-05,0.0273972602739726,0.0004295761464163661,0.0410958904109589,0.00020630782819353044,0.0273972602739726,0.0003999200707767159,0.0821917808219178,0.0006273274775594473,0.0273972602739726,0.0004637521633412689,0.0684931506849315,0.0007713367813266814,0.0821917808219178,0.00230141612701118,4
5DZ9,4,0.89,6.674739265441895,-1,3.872085133395088,0.0,0.0,0.0,93.7387290076336,4.599329484743088,112.10349999999998,9.75,0.6089423076923077,0.05,0.001344431540928781,0.025,0.00022619226365350187,0.1125,0.001139673637226224,0.05,0.0005554003291763365,0.0,0.0,0.025,0.0001680339191807434,0.075,0.00039038751856423914,0.0625,0.0005641324678435922,0.0,0.0,0.025,0.0002721064374782145,0.1,0.0018791232723742723,0.1,0.0008246932993642986,0.0,0.0,0.05,0.0003387681790627539,0.05,0.0006239131325855851,0.0375,0.0004431955167092383,0.0625,0.0008046175353229046,0.0125,5.003848855267279e-05,0.0375,0.0003422069421503693,0.125,0.002191880950704217,4
5NPT,4,0.75,4.981051063537596,-8,3.894566965361712,0.0,0.0,0.0,73.77083905415714,10.094347533720976,117.94010989010984,9.087912087912088,0.17458841038042971,0.04395604395604396,0.0006130477995611727,0.06593406593406594,0.0004160149546805769,0.07692307692307693,0.0006374050863087177,0.054945054945054944,0.0003113035636488348,0.0,0.0,0.0,0.0,0.0989010989010989,0.0006090535898692906,0.054945054945054944,0.0005035780486650765,0.03296703296703297,0.00019653701747301966,0.0989010989010989,0.0008948191534727812,0.17582417582417584,0.0024841148406267166,0.02197802197802198,0.00015856139361858368,0.02197802197802198,0.00014737516175955534,0.054945054945054944,0.0003962726332247257,0.02197802197802198,9.459664579480886e-05,0.02197802197802198,0.00027256656903773546,0.04395604395604396,0.0003563648206181824,0.02197802197802198,0.0011339541524648666,0.04395604395604396,0.00044948302092961967,0.04395604395604396,0.0004570865712594241,4
3R63,4,0.94,6.359851264953612,-4,3.9995210213337273,0.0,0.0,0.0,88.23762542955328,4.94491822976811,118.06958762886602,10.845360824742269,0.2859256791188115,0.061855670103092786,0.0005051838234066963,0.09278350515463918,0.0007461347267962992,0.030927835051546393,0.0004780175513587892,0.041237113402061855,0.0011652765097096562,0.020618556701030927,0.00042179488809779286,0.030927835051546393,0.00014138250844553113,0.020618556701030927,0.00014534418005496264,0.05154639175257732,0.0004266289179213345,0.030927835051546393,0.0005410584853962064,0.1134020618556701,0.0010913776932284236,0.15463917525773196,0.0018095215782523155,0.07216494845360824,0.0005795049364678562,0.010309278350515464,4.349114533397369e-05,0.030927835051546393,0.00045373046305030584,0.010309278350515464,0.00012126944056944922,0.041237113402061855,0.00033774174517020583,0.041237113402061855,0.0002410368761047721,0.020618556701030927,0.00011691571853589267,0.07216494845360824,0.00039428487070836127,0.05154639175257732,0.0003476043348200619,4
2YLH,4,0.93,4.2295259475708,-15,3.911319678362089,0.0,0.0,0.0,92.05008860759493,3.975289694280079,112.17938775510208,10.918367346938776,0.3458039290482548,0.05102040816326531,0.00032321797334589064,0.01020408163265306,0.00018671125872060657,0.07142857142857142,0.0010359626030549407,0.05102040816326531,0.00039716242463327944,0.02040816326530612,0.00024637815658934414,0.0,0.0,0.030612244897959183,0.0007328142528422177,0.05102040816326531,0.000633391086012125,0.0,0.0,0.061224489795918366,0.0006159176700748503,0.08163265306122448,0.0004666536988224834,0.05102040816326531,0.0005278119933791459,0.0,0.0,0.10204081632653061,0.0020028711296617985,0.061224489795918366,0.0005640963208861649,0.12244897959183673,0.0008611569064669311,0.10204081632653061,0.001075894571840763,0.04081632653061224,0.00024681256036274135,0.04081632653061224,0.00019470420375000685,0.05102040816326531,0.0006847632466815412,4
6K1Y,4,0.86,7.042089653015137,0,3.8238615681861097,0.0,0.0,0.0,82.26164730006836,9.503597323703143,112.43381578947366,9.907894736842104,0.19452016495421823,0.09210526315789473,0.0005607063067145646,0.05263157894736842,0.0004124591941945255,0.013157894736842105,9.562518971506506e-05,0.039473684210526314,0.0001973693579202518,0.013157894736842105,5.818443969474174e-05,0.05263157894736842,0.0007677447865717113,0.10526315789473684,0.00111308041960001,0.039473684210526314,0.00019089288252871484,0.0,0.0,0.06578947368421052,0.0005364337121136487,0.13157894736842105,0.0012575560249388218,0.02631578947368421,0.00020319466420914978,0.0,0.0,0.02631578947368421,0.00022952082508709282,0.039473684210526314,0.0009073773981072009,0.039473684210526314,0.0002801349328365177,0.07894736842105263,0.001128961332142353,0.05263157894736842,0.0004901941283605993,0.0,0.0,0.13157894736842105,0.0014934809878468513,4
7IE4,4,0.85,6.226279640197753,-2,3.657528079547314,0.0,0.0,0.0,87.69675138121546,4.236860879904875,111.96170212765954,10.180851063829786,0.26078836790502236,0.031914893617021274,0.0003648878773674369,0.06382978723404255,0.0005071680643595755,0.0,0.0,0.010638297872340425,5.711529956897721e-05,0.010638297872340425,0.0001818418240873143,0.06382978723404255,0.00035249412758275867,0.10638297872340426,0.0007474291487596929,0.07446808510638298,0.0008487008162774146,0.0425531914893617,0.0002888141025323421,0.010638297872340425,0.0005635911948047578,0.1595744680851064,0.0026668505743145943,0.0425531914893617,0.00036669455585069954,0.010638297872340425,7.221303530968726e-05,0.02127659574468085,0.0005769777344539762,0.0425531914893617,0.00033959123538807034,0.05319148936170213,0.00030946318292990327,0.02127659574468085,0.0002055227814707905,0.0,0.0,0.031914893617021274,0.0002603085886221379,0.20212765957446807,0.002386063104495406,4
3SYJ,4,0.94,7.804558753967286,1,4.018757864336455,0.0,0.0,0.0,89.31378494623655,7.3728573231545,110.3775,12.055555555555555,0.37600806451612906,0.041666666666666664,0.0002377890341449529,0.06944444444444445,0.0032355384901165962,0.06944444444444445,0.0010341876186430454,0.041666666666666664,0.00022591806191485375,0.013888888888888888,6.323226989479735e-05,0.013888888888888888,8.617791172582656e-05,0.041666666666666664,0.00033959996653720737,0.1111111111111111,0.0020798046607524157,0.0,0.0,0.09722222222222222,0.0007448407704941928,0.06944444444444445,0.00045246578520163894,0.041666666666666664,0.0002746526733972132,0.013888888888888888,8.724096551304683e-05,0.06944444444444445,0.0007448472897522151,0.041666666666666664,0.0002646265784278512,0.08333333333333333,0.0010953610762953758,0.08333333333333333,0.0015650406712666154,0.027777777777777776,0.0003231798473279923,0.013888888888888888,9.974505519494414e-05,0.05555555555555555,0.0005028414307162166,4
5C10,4,0.9,5.896670341491699,-8,4.1229191242332766,0.0,0.0,0.0,86.38799167052291,8.587391956938047,113.94743362831854,11.575221238938052,0.3483261616735677,0.13274336283185842,0.001494211028330028,0.05309734513274336,0.00039922501309774816,0.017699115044247787,0.00014259401359595358,0.07079646017699115,0.0007154902559705079,0.017699115044247787,0.0003714804188348353,0.02654867256637168,0.00018426102178636938,0.04424778761061947,0.00022894094581715763,0.035398230088495575,0.00023922629770822823,0.035398230088495575,0.00029730622190982103,0.04424778761061947,0.00031281632254831493,0.10619469026548672,0.0019860900938510895,0.061946902654867256,0.00035635646781884134,0.061946902654867256,0.007069786079227924,0.05309734513274336,0.000474075524834916,0.035398230088495575,0.0002136800903826952,0.061946902654867256,0.00042023128480650485,0.04424778761061947,0.00021680643840227276,0.017699115044247787,0.0001089521319954656,0.04424778761061947,0.0005443847621791065,0.035398230088495575,0.00025201556854881346,4
1YHW,4,0.95,5.218808555603027,-8,4.131590626200176,0.0,0.0,0.0,92.17009020618558,2.8847963359747877,110.7430612244898,11.081632653061224,0.24183485548915698,0.08163265306122448,0.000432110158726573,0.02040816326530612,0.0001840959448600188,0.061224489795918366,0.0014123363653197885,0.05102040816326531,0.0009883621241897345,0.030612244897959183,0.0002997178235091269,0.02040816326530612,0.00010250182094750926,0.061224489795918366,0.0003329363826196641,0.061224489795918366,0.0004146195715293288,0.02040816326530612,0.0002324124361621216,0.10204081632653061,0.0014171774964779615,0.10204081632653061,0.0013554418692365289,0.04081632653061224,0.000569838797673583,0.05102040816326531,0.00031930036493577063,0.030612244897959183,0.0003331842599436641,0.04081632653061224,0.00020000501535832882,0.05102040816326531,0.000518367625772953,0.030612244897959183,0.0007077743066474795,0.02040816326530612,0.000135967624373734,0.030612244897959183,0.00015204881492536515,0.09183673469387756,0.0006069198134355247,4
3GYW,4,0.88,6.499561500549316,-2,3.9806551476606784,0.0,0.0,0.0,84.28884964200476,6.442484798632279,117.66513157894734,9.81578947368421,0.246631155637082,0.02631578947368421,0.0015910835936665535,0.02631578947368421,0.00018037052359431982,0.02631578947368421,0.00011565382737899199,0.039473684210526314,0.0005728628020733595,0.013157894736842105,0.0001283013407373801,0.0,0.0,0.07894736842105263,0.0007508713752031326,0.02631578947368421,0.00027445892919786274,0.06578947368421052,0.000517573207616806,0.13157894736842105,0.0011413282481953502,0.09210526315789473,0.0010041134664788842,0.039473684210526314,0.0006396803073585033,0.02631578947368421,0.000155294532305561,0.07894736842105263,0.0009735693456605077,0.02631578947368421,0.00011572911898838356,0.05263157894736842,0.0003953839768655598,0.09210526315789473,0.0011114152148365974,0.013157894736842105,5.1520684792194515e-05,0.05263157894736842,0.0009010159410536289,0.09210526315789473,0.00087959278607741,4
3P7K,4,1.02,9.697866249084473,3,3.2680488287579594,0.0,0.0,0.0,91.57345945945946,2.820246913580247,116.23428571428572,8.0,0.11904761904761904,0.09523809523809523,0.00100906437728554,0.047619047619047616,0.0002429707528790459,0.0,0.0,0.0,0.0,0.0,0.0,0.19047619047619047,0.0077387369237840176,0.047619047619047616,0.0005099371774122119,0.047619047619047616,0.0005402435781434178,0.047619047619047616,0.0021135881543159485,0.09523809523809523,0.0008687373483553529,0.23809523809523808,0.05470583587884903,0.047619047619047616,0.000320112711051479,0.0,0.0,0.0,0.0,0.0,0.0,0.0,0.0,0.047619047619047616,0.0020977333188056946,0.047619047619047616,0.0007231578347273171,0.0,0.0,0.047619047619047616,0.0012612417340278625,4
2JDW,4,0.91,8.263122367858887,3,4.177983037795792,0.0,0.0,0.0,86.53144740697333,9.03475233193054,116.18231481481479,11.777777777777779,0.4090743652457489,0.08333333333333333,0.0036645005457103252,0.07407407407407407,0.0006187832332216203,0.037037037037037035,0.00017725203360896558,0.046296296296296294,0.0016586006386205554,0.027777777777777776,0.0002823968243319541,0.018518518518518517,0.00011788198025897145,0.05555555555555555,0.0004719156422652304,0.05555555555555555,0.00030636918381787837,0.027777777777777776,0.00022100501519162208,0.10185185185185185,0.0016576354391872883,0.037037037037037035,0.0004972980823367834,0.009259259259259259,6.632363511016592e-05,0.05555555555555555,0.000545914750546217,0.06481481481481481,0.0006380380364134908,0.06481481481481481,0.0005826703854836524,0.037037037037037035,0.0002086464228341356,0.05555555555555555,0.0004060941282659769,0.037037037037037035,0.00023321628395933658,0.046296296296296294,0.000274702935712412,0.06481481481481481,0.0004296389233786613,4
3ZDE,4,0.96,6.196780204772949,-4,3.9611781490113764,0.0,0.0,0.0,94.73438950554994,2.053338835891494,115.15354166666664,10.979166666666666,0.25873655913978494,0.09375,0.0009790923213586211,0.08333333333333333,0.0005265737418085337,0.020833333333333332,0.00017506454605609179,0.11458333333333333,0.0016230280743911862,0.020833333333333332,0.0002385136322118342,0.041666666666666664,0.0003649576392490417,0.020833333333333332,0.00016294571105390787,0.041666666666666664,0.0008059160318225622,0.0,0.0,0.07291666666666667,0.0005719351465813816,0.125,0.001088398159481585,0.041666666666666664,0.0004047116090077907,0.0,0.0,0.041666666666666664,0.00020055699860677123,0.020833333333333332,0.00014928914606571198,0.0625,0.0004657851823139936,0.052083333333333336,0.0004379615420475602,0.041666666666666664,0.0001991920144064352,0.041666666666666664,0.0008973273797892034,0.0625,0.0004417879681568593,4
5OYR,4,0.97,4.1373899459838865,-14,3.6850270864240278,0.0,0.0,0.0,97.88970280452072,1.8217079889807162,108.4785046728972,12.19626168224299,0.4521574103913775,0.08411214953271028,0.0007789815426804125,0.0,0.0,0.04672897196261682,0.00022008166706655174,0.102803738317757,0.001940478221513331,0.0,0.0,0.0,0.0,0.009345794392523364,5.241388134891167e-05,0.11214953271028037,0.0023986962623894215,0.009345794392523364,3.736419239430688e-05,0.08411214953271028,0.0005390041042119265,0.11214953271028037,0.0009822056163102388,0.009345794392523364,8.026976865949109e-05,0.0,0.0,0.11214953271028037,0.0009136887965723872,0.028037383177570093,0.0001555196358822286,0.04672897196261682,0.0003280412347521633,0.11214953271028037,0.005155394785106182,0.028037383177570093,0.00016204194980673492,0.04672897196261682,0.0003898662398569286,0.056074766355140186,0.0003168587863910943,4
1XEI,4,0.94,9.323756217956543,8,4.0820286314881455,0.0,0.0,0.0,97.05541458541458,1.4801995072411513,113.1111764705882,10.362745098039216,0.13549260763908214,0.10784313725490197,0.0013956106267869473,0.06862745098039216,0.00032826457754708827,0.10784313725490197,0.0007606294238939881,0.0392156862745098,0.0002631667593959719,0.06862745098039216,0.0005155073595233262,0.0196078431372549,0.0003807363973464817,0.0196078431372549,0.00021768204169347882,0.058823529411764705,0.00045333345769904554,0.00980392156862745,6.161275814520195e-05,0.049019607843137254,0.0008693431736901402,0.06862745098039216,0.00247796718031168,0.058823529411764705,0.00045476664672605693,0.0196078431372549,0.00020134105579927564,0.029411764705882353,0.0002593703684397042,0.00980392156862745,4.1082468669628724e-05,0.0784313725490196,0.0007149175507947803,0.0392156862745098,0.0003104651696048677,0.058823529411764705,0.0006053425022400916,0.029411764705882353,0.00024645921075716615,0.058823529411764705,0.0006100093596614897,4
1LNS,4,0.96,5.248023796081542,-26,4.09020159609058,0.0,0.0,0.0,95.11024032258064,3.2160425924430878,111.54604166666667,12.145833333333334,0.48027444253859347,0.10416666666666667,0.0017217480344697833,0.010416666666666666,7.926868420327082e-05,0.041666666666666664,0.0002847580472007394,0.041666666666666664,0.0002557600091677159,0.0,0.0,0.03125,0.00022263308346737176,0.03125,0.0023172360379248857,0.0625,0.001018789829686284,0.041666666666666664,0.000939039746299386,0.08333333333333333,0.0008761684293858707,0.09375,0.0008893784251995385,0.03125,0.000478619709610939,0.041666666666666664,0.00035963207483291626,0.041666666666666664,0.00035296191344968975,0.03125,0.0001867197424871847,0.07291666666666667,0.0005444964626803994,0.07291666666666667,0.0005117686232551932,0.03125,0.00018222494691144675,0.0625,0.0006188401603139937,0.07291666666666667,0.0012783866841346025,4
6EFR,4,0.79,5.641122245788575,-12,3.917872099650797,0.0,0.0,0.0,89.87190002426595,7.071291525373967,113.19823529411767,10.24705882352941,0.611764705882353,0.047058823529411764,0.0002383868704782799,0.011764705882352941,0.00011011954484274611,0.047058823529411764,0.00036345855914987624,0.058823529411764705,0.0007513607270084321,0.0,0.0,0.03529411764705882,0.00017473001207690686,0.047058823529411764,0.0003812710929196328,0.08235294117647059,0.001006824430078268,0.047058823529411764,0.00024351732281502336,0.023529411764705882,0.00024493035743944347,0.08235294117647059,0.0007092651794664562,0.047058823529411764,0.0003574772854335606,0.0,0.0,0.08235294117647059,0.0009528885711915791,0.12941176470588237,0.0016517374897375703,0.03529411764705882,0.00021813713829033077,0.08235294117647059,0.0005791871226392686,0.0,0.0,0.09411764705882353,0.0005286666564643383,0.047058823529411764,0.0009306113352067769,4
8HEK,4,0.66,5.712796211242675,-7,4.048433255832327,0.0,0.0,0.0,72.50080272108843,9.322247164461247,110.87042253521128,9.704225352112676,0.20775158936200658,0.09859154929577464,0.003478426020592451,0.04225352112676056,0.0003952463448513299,0.028169014084507043,0.0001287896593566984,0.04225352112676056,0.0004175145295448601,0.0,0.0,0.04225352112676056,0.0007729585631750524,0.09859154929577464,0.0006122151389718056,0.09859154929577464,0.000722925818990916,0.056338028169014086,0.0005451909964904189,0.04225352112676056,0.0007537475321441889,0.056338028169014086,0.0005197920836508274,0.028169014084507043,0.0004964235122315586,0.028169014084507043,0.00033644610084593296,0.056338028169014086,0.0011305956868454814,0.028169014084507043,0.0005586154293268919,0.056338028169014086,0.0005345204845070839,0.07042253521126761,0.0005224201013334095,0.0,0.0,0.056338028169014086,0.0006479136645793915,0.07042253521126761,0.0008808755083009601,4
2F9F,4,0.91,8.551618385314942,3,4.0315826474064025,0.0,0.0,0.0,88.74993060374739,5.032490663602413,112.57956140350879,11.12280701754386,0.17826802811445017,0.06140350877192982,0.0006218671333044767,0.02631578947368421,0.0001836602168623358,0.03508771929824561,0.00028848627698607743,0.043859649122807015,0.00020244460029061884,0.02631578947368421,0.0007060281932353973,0.008771929824561403,8.660268213134259e-05,0.09649122807017543,0.0005258431192487478,0.07894736842105263,0.0006258810753934085,0.0,0.0,0.07894736842105263,0.0006966028013266623,0.09649122807017543,0.0021607347298413515,0.07894736842105263,0.0005114543600939214,0.017543859649122806,0.00013861092156730592,0.07017543859649122,0.0004099583311472088,0.03508771929824561,0.00038240899448283017,0.043859649122807015,0.0007341615855693817,0.043859649122807015,0.0005364050157368183,0.017543859649122806,0.00017382284568157047,0.043859649122807015,0.0003308118029963225,0.09649122807017543,0.0010478328913450241,4
2BTZ,4,0.92,5.899796485900879,-7,3.9209838142448055,0.0,0.0,0.0,88.42999681427206,6.44493802983844,118.97289156626508,10.566265060240964,0.3597697517550247,0.03614457831325301,0.00034331632195971906,0.060240963855421686,0.0008329891134053469,0.024096385542168676,0.00010997281060554087,0.03614457831325301,0.0003510196984279901,0.0,0.0,0.03614457831325301,0.00021130497043486685,0.024096385542168676,0.00017641758313402534,0.04819277108433735,0.00041429640259593725,0.03614457831325301,0.00039052392821758986,0.07228915662650602,0.001831481815315783,0.1566265060240964,0.002252101432532072,0.024096385542168676,0.00023332179989665747,0.04819277108433735,0.0003771528718061745,0.08433734939759036,0.0005756544996984303,0.04819277108433735,0.0004941493971273303,0.08433734939759036,0.0011201509041711688,0.012048192771084338,5.138626147527248e-05,0.0,0.0,0.10843373493975904,0.001753074349835515,0.060240963855421686,0.0003751566691789776,4
3UMF,4,0.83,8.73258113861084,4,3.9436089019088643,0.0,0.0,0.0,83.27740675990675,8.583032130646222,110.87882978723407,10.25531914893617,0.27787587181071777,0.0425531914893617,0.00023516723013017327,0.02127659574468085,0.00025783380260691047,0.031914893617021274,0.0001943925890373066,0.031914893617021274,0.0008307883981615305,0.05319148936170213,0.0003386861935723573,0.02127659574468085,0.000183820680831559,0.06382978723404255,0.0003973785787820816,0.07446808510638298,0.0012065829942002892,0.031914893617021274,0.00021498660498764366,0.07446808510638298,0.0010325791081413627,0.1702127659574468,0.0015282470267266035,0.07446808510638298,0.00042820305679924786,0.010638297872340425,7.258812547661364e-05,0.06382978723404255,0.0007152825128287077,0.05319148936170213,0.0006961998296901584,0.031914893617021274,0.0006167281535454094,0.02127659574468085,0.00012309843441471457,0.0,0.0,0.02127659574468085,0.0024735841434448957,0.10638297872340426,0.0009587407112121582,4
8P33,4,0.81,5.523351860046386,-1,3.799993148771695,0.0,0.0,0.0,84.73438961038961,7.259401437723116,116.68617977528088,10.01123595505618,0.16514710147668948,0.056179775280898875,0.0006320363027043641,0.02247191011235955,0.00016911080456338823,0.07865168539325842,0.0005208384827710688,0.07865168539325842,0.00041081878589466214,0.0,0.0,0.033707865168539325,0.0004919346538372338,0.02247191011235955,9.547506488161162e-05,0.011235955056179775,0.0002191181411035359,0.0,0.0,0.0898876404494382,0.001089622383005917,0.07865168539325842,0.001183705753646791,0.11235955056179775,0.0008516801171936095,0.011235955056179775,5.651184983435087e-05,0.12359550561797752,0.002270092023536563,0.0,0.0,0.10112359550561797,0.0007379578892141581,0.06741573033707865,0.0004716561525128782,0.02247191011235955,0.00019181649258825928,0.02247191011235955,0.00015872943913564086,0.06741573033707865,0.0007883915677666664,4
4KIA,4,0.87,6.6533109664917,-1,3.942728770316031,0.0,0.0,0.0,84.38392727272726,4.853705762128437,116.87386363636365,10.579545454545455,0.2905844155844156,0.022727272727272728,0.00016500971105415374,0.011363636363636364,8.01128990133293e-05,0.022727272727272728,0.00012112830154364929,0.022727272727272728,0.00020405539544299245,0.0,0.0,0.056818181818181816,0.0003801309212576598,0.056818181818181816,0.0006109726964496076,0.056818181818181816,0.0002923431165982038,0.03409090909090909,0.00021845610172022134,0.07954545454545454,0.002640481572598219,0.09090909090909091,0.0009674764587543905,0.07954545454545454,0.0006603585206903517,0.022727272727272728,9.797915845410898e-05,0.09090909090909091,0.001349256606772542,0.0,0.0,0.125,0.0010311424266546965,0.06818181818181818,0.0006399605772458017,0.022727272727272728,0.00013719194976147264,0.06818181818181818,0.0006944857304915786,0.06818181818181818,0.0010379183804616332,4
7ICB,4,0.85,6.226279640197753,-2,3.657528079547314,0.0,0.0,0.0,87.70758011049726,4.2393653388822825,111.96170212765954,10.191489361702128,0.26058277439701505,0.031914893617021274,0.0003649050195235759,0.06382978723404255,0.0005074789514765143,0.0,0.0,0.010638297872340425,5.7117817050311714e-05,0.010638297872340425,0.0001818617747630924,0.06382978723404255,0.00035252084489911795,0.10638297872340426,0.0007474578451365232,0.07446808510638298,0.0008490725886076689,0.0425531914893617,0.000289147807052359,0.010638297872340425,0.0005638563307002187,0.1595744680851064,0.002667117863893509,0.0425531914893617,0.0003667946730274707,0.010638297872340425,7.211798947537318e-05,0.02127659574468085,0.0005768020637333393,0.0425531914893617,0.0003396463580429554,0.05319148936170213,0.0003094716521445662,0.02127659574468085,0.00020553989452309906,0.0,0.0,0.031914893617021274,0.00026038839132525027,0.20212765957446807,0.0023864354006946087,4
4U64,4,0.84,5.687048149108887,-1,3.8971181646673116,0.0,0.0,0.0,85.6776605944391,3.859174873259134,112.00437500000001,9.96875,0.30507934952978055,0.0625,0.004947523586452007,0.015625,0.00012191214773338288,0.015625,0.0002714905422180891,0.046875,0.0006956194993108511,0.0,0.0,0.09375,0.0007464470691047609,0.03125,0.0007901766221038997,0.03125,0.00024099412257783115,0.0,0.0,0.046875,0.0005531336646527052,0.09375,0.0009223299566656351,0.078125,0.000884979497641325,0.015625,6.742799450876191e-05,0.0625,0.0011778810294345021,0.046875,0.00040629866998642683,0.140625,0.004110892303287983,0.046875,0.0007742948364466429,0.015625,9.363389835925773e-05,0.046875,0.0004681162827182561,0.109375,0.0016274943482130766,4
2OBR,4,0.94,6.258450508117675,-4,4.009931437673744,0.0,0.0,0.0,92.38955835962145,5.328236493374109,110.11077669902916,11.514563106796116,0.5353476645000737,0.038834951456310676,0.00028809995274059474,0.02912621359223301,0.0016416443977504969,0.038834951456310676,0.0010263003641739488,0.019417475728155338,0.0003110255638603121,0.02912621359223301,0.0005948488251306117,0.06796116504854369,0.0007837510202080011,0.038834951456310676,0.00021478049166034907,0.06796116504854369,0.0011528326431289315,0.009708737864077669,4.539749352261424e-05,0.038834951456310676,0.0003241412923671305,0.1262135922330097,0.0011689451057463884,0.009708737864077669,4.5635861170012504e-05,0.02912621359223301,0.00018013385124504566,0.04854368932038835,0.0005803087842650712,0.11650485436893204,0.0010237906826660037,0.04854368932038835,0.0014721652260050178,0.07766990291262135,0.0006169702974148095,0.019417475728155338,0.0001537050848128274,0.02912621359223301,0.00016083283117040992,0.11650485436893204,0.0006674972828477621,4
2OBS,4,0.94,6.258450508117675,-4,4.009931437673744,0.0,0.0,0.0,92.38955835962145,5.328236493374109,110.11077669902916,11.514563106796116,0.5353476645000737,0.038834951456310676,0.00028809995274059474,0.02912621359223301,0.0016416443977504969,0.038834951456310676,0.0010263003641739488,0.019417475728155338,0.0003110255638603121,0.02912621359223301,0.0005948488251306117,0.06796116504854369,0.0007837510202080011,0.038834951456310676,0.00021478049166034907,0.06796116504854369,0.0011528326431289315,0.009708737864077669,4.539749352261424e-05,0.038834951456310676,0.0003241412923671305,0.1262135922330097,0.0011689451057463884,0.009708737864077669,4.5635861170012504e-05,0.02912621359223301,0.00018013385124504566,0.04854368932038835,0.0005803087842650712,0.11650485436893204,0.0010237906826660037,0.04854368932038835,0.0014721652260050178,0.07766990291262135,0.0006169702974148095,0.019417475728155338,0.0001537050848128274,0.02912621359223301,0.00016083283117040992,0.11650485436893204,0.0006674972828477621,4
1MN4,4,0.92,7.101088523864747,0,3.972295729181117,0.0,0.0,0.0,86.49596583442839,5.483081836929732,117.33684782608694,11.25,0.5503570678428902,0.043478260869565216,0.0006644108798354864,0.06521739130434782,0.0005252650589682162,0.010869565217391304,5.214937118580565e-05,0.03260869565217391,0.000160173891345039,0.021739130434782608,0.0002965210296679288,0.043478260869565216,0.00028179987566545606,0.05434782608695652,0.00036229920806363225,0.021739130434782608,0.00015861987776588649,0.010869565217391304,0.0001755717530613765,0.09782608695652174,0.0019478057511150837,0.10869565217391304,0.0010004936484619975,0.05434782608695652,0.0011000048834830523,0.010869565217391304,0.00011288648966001347,0.08695652173913043,0.0005507118767127395,0.08695652173913043,0.0007115423795767128,0.043478260869565216,0.0006007389165461063,0.03260869565217391,0.0003347806341480464,0.0,0.0,0.06521739130434782,0.0004672162758652121,0.10869565217391304,0.0014057800872251391,4
3E0E,4,0.88,5.423144721984862,-1,3.908983564391644,0.0,0.0,0.0,94.74565159574469,2.135540440004251,109.51387499999998,10.2,0.20863970588235295,0.05,0.0005466578295454383,0.0125,0.0003444193280301988,0.0625,0.0004565866256598383,0.05,0.00039858013042248785,0.0,0.0,0.025,0.0001311864034505561,0.075,0.000645263004116714,0.1,0.002776517067104578,0.0,0.0,0.1,0.0012578277382999659,0.1,0.0015694095054641366,0.1,0.0007473893347196281,0.0125,5.4633441322948784e-05,0.025,0.00035452385782264173,0.025,0.00013139312795829028,0.0875,0.0011042262194678187,0.0375,0.0008773808367550373,0.0125,0.00014279023162089288,0.05,0.0003533395065460354,0.075,0.0012925263727083802,4
5P18,4,0.97,4.1373899459838865,-14,3.6850270864240278,0.0,0.0,0.0,97.88970280452072,1.8217079889807162,108.4785046728972,12.19626168224299,0.4521574103913775,0.08411214953271028,0.0007789815426804125,0.0,0.0,0.04672897196261682,0.00022008166706655174,0.102803738317757,0.001940478221513331,0.0,0.0,0.0,0.0,0.009345794392523364,5.241388134891167e-05,0.11214953271028037,0.0023986962623894215,0.009345794392523364,3.736419239430688e-05,0.08411214953271028,0.0005390041042119265,0.11214953271028037,0.0009822056163102388,0.009345794392523364,8.026976865949109e-05,0.0,0.0,0.11214953271028037,0.0009136887965723872,0.028037383177570093,0.0001555196358822286,0.04672897196261682,0.0003280412347521633,0.11214953271028037,0.005155394785106182,0.028037383177570093,0.00016204194980673492,0.04672897196261682,0.0003898662398569286,0.056074766355140186,0.0003168587863910943,4
5Y30,4,0.9,8.14894886016846,2,3.6980647206677606,0.0,0.0,0.0,85.2748119402985,8.370657596371881,111.89460784313724,11.098039215686274,0.14084909582207442,0.0196078431372549,0.00026614355738274753,0.029411764705882353,0.00022107994300313294,0.0784313725490196,0.00042891851626336575,0.058823529411764705,0.00041769727249629796,0.0,0.0,0.00980392156862745,6.700653466396034e-05,0.0392156862745098,0.0003309705061838031,0.0392156862745098,0.00027875739033333957,0.029411764705882353,0.0002351681177970022,0.09803921568627451,0.0010850775288417935,0.17647058823529413,0.0018857545219361782,0.0392156862745098,0.00020480061357375234,0.0,0.0,0.09803921568627451,0.001252008369192481,0.0392156862745098,0.0002000432723434642,0.14705882352941177,0.001019493443891406,0.058823529411764705,0.0004667321336455643,0.0,0.0,0.00980392156862745,0.00011615613766480237,0.029411764705882353,0.00019644542771857232,4
1I9Y,4,0.93,7.224713325500488,0,4.056431138082182,0.0,0.0,0.0,92.18286824443659,3.9035047214078684,114.04236363636362,11.781818181818181,0.3638608305274972,0.07272727272727272,0.0006436434923671186,0.045454545454545456,0.00037587160477414727,0.02727272727272727,0.00012211326975375414,0.045454545454545456,0.00026781894848681986,0.01818181818181818,0.00020395161118358374,0.02727272727272727,0.00013541428779717535,0.03636363636363636,0.00021264290262479335,0.06363636363636363,0.000544838432688266,0.02727272727272727,0.0001591750478837639,0.08181818181818182,0.001148930168710649,0.1,0.0007724800379946828,0.01818181818181818,8.724216604605317e-05,0.00909090909090909,7.35663779778406e-05,0.1,0.0015228409320116043,0.02727272727272727,0.00014458877558354288,0.06363636363636363,0.0004740706935990602,0.05454545454545454,0.0005025489954277873,0.00909090909090909,0.0008309248369187117,0.07272727272727272,0.0007200228283181787,0.1,0.0020165611058473587,4
7NMO,4,0.9,6.4037878036499025,-1,4.119395317836778,0.0,0.0,0.0,94.37498800959231,2.37275,120.74464788732394,9.577464788732394,0.24877796188898094,0.014084507042253521,0.00024700743961147964,0.056338028169014086,0.0005539160338230431,0.056338028169014086,0.0006831390201114118,0.056338028169014086,0.0005241602193564177,0.028169014084507043,0.003669565077871084,0.028169014084507043,0.0004089753783773631,0.08450704225352113,0.0005669184029102325,0.028169014084507043,0.00015544146299362183,0.04225352112676056,0.0002988347550854087,0.056338028169014086,0.0007327367784455419,0.09859154929577464,0.0013539226492866874,0.07042253521126761,0.0006066723144613206,0.014084507042253521,6.629557901760563e-05,0.056338028169014086,0.0003342042909935117,0.028169014084507043,0.0002199687296524644,0.07042253521126761,0.0004993983311578631,0.028169014084507043,0.00021348887821659446,0.014084507042253521,0.00016652498743496835,0.08450704225352113,0.0017935545183718204,0.08450704225352113,0.0018370902398601174,4
9DD2,4,0.88,5.0413003921508786,-19,3.125925770814006,0.0,0.0,0.0,85.94970823529412,6.192795631169922,107.87647058823528,11.823529411764707,0.14039280720580105,0.24509803921568626,0.004584542475640774,0.06862745098039216,0.0017636161064729095,0.0,0.0,0.00980392156862745,5.126939504407346e-05,0.0,0.0,0.00980392156862745,4.9506408686283976e-05,0.14705882352941177,0.0008055542130023241,0.0196078431372549,0.0006523313350044191,0.0,0.0,0.0784313725490196,0.0006621174397878349,0.21568627450980393,0.002088508103042841,0.0392156862745098,0.0002486748853698373,0.029411764705882353,0.00014173531963024288,0.0196078431372549,0.00024161834153346717,0.0,0.0,0.00980392156862745,4.644068394554779e-05,0.00980392156862745,5.411771053331904e-05,0.0,0.0,0.00980392156862745,0.0005560746067203581,0.08823529411764706,0.000555455160792917,4
2F8H,4,0.91,5.2453523635864245,-16,3.9716141308176747,0.0,0.0,0.0,91.50203911626222,4.130852446735849,105.2111111111111,12.333333333333334,0.58727322363686,0.1414141414141414,0.000960963312536478,0.06060606060606061,0.00037001012242399156,0.04040404040404041,0.0003406124305911362,0.06060606060606061,0.000518216984346509,0.020202020202020204,0.00011350223940098658,0.010101010101010102,5.030989632359706e-05,0.04040404040404041,0.0009375551017001271,0.08080808080808081,0.0005356053588911891,0.030303030303030304,0.0002964794111903757,0.04040404040404041,0.00035596394445747137,0.08080808080808081,0.0005285378429107368,0.010101010101010102,5.098749170429073e-05,0.010101010101010102,4.2782554373843595e-05,0.06060606060606061,0.0005152223166078329,0.09090909090909091,0.0005638456204906106,0.08080808080808081,0.0005832394817844033,0.04040404040404041,0.0015539821470156312,0.010101010101010102,0.0006433177622966468,0.010101010101010102,6.580660556210205e-05,0.08080808080808081,0.0006245665717869997,4
7BAJ,4,0.92,5.950837898254394,-4,4.118599721788724,0.0,0.0,0.0,93.5843918918919,3.24222200862916,110.79400000000001,10.755555555555556,0.3004820936639118,0.05555555555555555,0.0007904323283582926,0.022222222222222223,0.0002549397759139538,0.044444444444444446,0.0003182337386533618,0.05555555555555555,0.0003317137889098376,0.044444444444444446,0.0007225569570437074,0.03333333333333333,0.0005207009380683303,0.044444444444444446,0.0002554601524025202,0.1,0.0010797267314046621,0.03333333333333333,0.00030193175189197063,0.044444444444444446,0.00056193966884166,0.044444444444444446,0.0002668396627996117,0.03333333333333333,0.0002563190646469593,0.044444444444444446,0.0006985009531490505,0.12222222222222222,0.0014816578477621078,0.044444444444444446,0.0003049891092814505,0.06666666666666667,0.000651989714242518,0.05555555555555555,0.000734155357349664,0.0,0.0,0.03333333333333333,0.0005226815119385719,0.07777777777777778,0.0007684195297770202,4
3DQI,4,0.9,5.3546537399292,-10,4.128519359349369,0.0,0.0,0.0,92.55285492227979,4.096797574895426,115.80239316239314,11.547008547008547,0.26990453415323884,0.05982905982905983,0.00038908194983378053,0.042735042735042736,0.000279348372714594,0.042735042735042736,0.0003141404304187745,0.02564102564102564,0.0001238971744896844,0.008547008547008548,0.0001094193576136604,0.03418803418803419,0.00030701799551025033,0.05982905982905983,0.000398877338739112,0.06837606837606838,0.0022630945313721895,0.03418803418803419,0.00019512756261974573,0.05128205128205128,0.0003265333944000304,0.10256410256410256,0.0010928596602752805,0.05982905982905983,0.000329817266901955,0.03418803418803419,0.00039376731729134917,0.06837606837606838,0.0007091891020536423,0.02564102564102564,0.0001225657033501193,0.03418803418803419,0.0002180039882659912,0.06837606837606838,0.000946909305639565,0.008547008547008548,4.313177487347275e-05,0.07692307692307693,0.004178760573267937,0.09401709401709402,0.0007765276823192835,4
6P1F,4,0.88,5.3999544143676745,-7,3.9590188559573187,0.0,0.0,0.0,89.55054347826086,3.676825359827516,111.831237113402,10.494845360824742,0.23632349664796548,0.14432989690721648,0.0010269330814480782,0.061855670103092786,0.00036309228744357824,0.010309278350515464,4.826053191209212e-05,0.061855670103092786,0.00032736652065068483,0.0,0.0,0.020618556701030927,0.00028642851975746453,0.08247422680412371,0.0006110863760113716,0.041237113402061855,0.0002926509769167751,0.061855670103092786,0.0006690039299428463,0.07216494845360824,0.000599662191234529,0.08247422680412371,0.0014900454552844167,0.020618556701030927,0.00014864311378914863,0.05154639175257732,0.0008294788422062993,0.030927835051546393,0.00025745120365172625,0.041237113402061855,0.00042588336509652436,0.030927835051546393,0.00025999968056567013,0.030927835051546393,0.00028844017651863396,0.010309278350515464,0.00019089675333816558,0.030927835051546393,0.0007535882177762687,0.1134020618556701,0.0013374870177358389,4
3GVQ,4,0.98,5.772192955017089,-7,3.8971900164676634,0.0,0.0,0.0,95.8672850678733,2.2096897296735443,106.38215686274503,12.009803921568627,0.40449779911964784,0.11764705882352941,0.0010204451391473413,0.00980392156862745,0.00011704597272910178,0.0196078431372549,0.00012644332309719175,0.0392156862745098,0.0002493598440196365,0.029411764705882353,0.00017711622058413923,0.049019607843137254,0.000916848483029753,0.0196078431372549,0.00017952834605239332,0.10784313725490197,0.0009244106477126479,0.0196078431372549,0.0001518213248346001,0.08823529411764706,0.0010528392158448696,0.14705882352941177,0.0012814481742680073,0.00980392156862745,7.817820005584508e-05,0.0196078431372549,0.00029504444682970643,0.049019607843137254,0.0011197334388270974,0.049019607843137254,0.0002504000149201602,0.0196078431372549,0.00020271839457564056,0.029411764705882353,0.0001610045146662742,0.029411764705882353,0.00016248985775746405,0.029411764705882353,0.00014904073032084852,0.11764705882352941,0.0006321164546534419,4
5XCN,4,0.93,7.813455390930176,1,3.9033786472464667,0.0,0.0,0.0,86.06271743332044,7.05113387755102,102.33599999999997,12.209090909090909,0.3095985920259934,0.1,0.0006455860566347837,0.03636363636363636,0.0004562179674394429,0.06363636363636363,0.0006590752163901925,0.00909090909090909,4.8391906602773815e-05,0.00909090909090909,0.0001543462130939588,0.03636363636363636,0.0002830995072145015,0.045454545454545456,0.0003387721662875265,0.12727272727272726,0.0013795563718304038,0.00909090909090909,0.00025991047732532024,0.10909090909090909,0.001170964096672833,0.045454545454545456,0.00028616664349101484,0.03636363636363636,0.0004919968778267503,0.00909090909090909,7.373775588348508e-05,0.00909090909090909,7.416790322167799e-05,0.06363636363636363,0.0005980638088658452,0.09090909090909091,0.0010629039024934173,0.06363636363636363,0.0006818366819061339,0.00909090909090909,4.0619270293973386e-05,0.02727272727272727,0.00013876589946448803,0.1,0.0008833884494379163,4
2IQT,4,0.96,5.617988777160644,-7,3.8592939339409966,0.0,0.0,0.0,95.83083619210979,2.0750593498904313,109.23048543689315,11.96116504854369,0.2976216744420628,0.07766990291262135,0.0009373626089654863,0.06796116504854369,0.0004358158621471375,0.009708737864077669,3.825422754744068e-05,0.02912621359223301,0.00030274028540588915,0.0,0.0,0.019417475728155338,0.0001496526674600318,0.02912621359223301,0.0002912543131969869,0.08737864077669903,0.0007173215853981674,0.0,0.0,0.10679611650485436,0.0010651516495272517,0.11650485436893204,0.0011255735298618674,0.04854368932038835,0.0007226308225654066,0.05825242718446602,0.00042311532888561487,0.04854368932038835,0.0005921262199990451,0.02912621359223301,0.000247273244895041,0.06796116504854369,0.0008329185075126588,0.038834951456310676,0.00029467555577866733,0.009708737864077669,3.809486952377483e-05,0.019417475728155338,8.195732516469434e-05,0.13592233009708737,0.0011878104414790869,4
1ZXQ,4,0.85,6.471198844909667,-2,3.95979345502057,0.0,0.0,0.0,92.15688,4.5729356553819445,106.80515151515151,10.530303030303031,0.39557444953128407,0.09090909090909091,0.0008084368309937418,0.030303030303030304,0.00038491375744342804,0.030303030303030304,0.00032238641870208085,0.045454545454545456,0.0007794913835823536,0.0,0.0,0.045454545454545456,0.0005205969791859388,0.06060606060606061,0.0007792344549670815,0.06060606060606061,0.0006431442452594638,0.030303030303030304,0.0002178031427320093,0.030303030303030304,0.0003080202732235193,0.10606060606060606,0.002077797893434763,0.06060606060606061,0.00037248386070132256,0.015151515151515152,0.00022103448281995952,0.030303030303030304,0.00032557020313106477,0.10606060606060606,0.0015650076093152165,0.07575757575757576,0.0010777435963973403,0.06060606060606061,0.0004012886493001133,0.0,0.0,0.015151515151515152,0.0007027991814538836,0.10606060606060606,0.0011555262608453631,4
4X1O,4,0.89,6.047521018981934,-6,3.5592599240137743,0.0,0.0,0.0,82.85791459781531,9.733383832007743,101.7060638297872,11.361702127659575,0.24767909793609053,0.13829787234042554,0.0013255388475954533,0.0425531914893617,0.0005577908013947308,0.0,0.0,0.05319148936170213,0.0004711751244030893,0.0,0.0,0.010638297872340425,5.720329500036314e-05,0.0425531914893617,0.0004564218979794532,0.10638297872340426,0.0011132268700748682,0.02127659574468085,0.00015520556189585477,0.0425531914893617,0.0004851499106734991,0.14893617021276595,0.004545703995972872,0.02127659574468085,0.0001563612458994612,0.02127659574468085,0.00024604835198260844,0.0,0.0,0.06382978723404255,0.0004274244711268693,0.0425531914893617,0.0003988933749496937,0.031914893617021274,0.00021389895118772984,0.02127659574468085,0.0001526442647445947,0.0,0.0,0.19148936170212766,0.002373325638473034,4
3DGJ,4,0.53,5.525000190734862,0,2.5216406363433186,0.0,0.0,0.0,92.60018867924529,2.316326530612245,104.2642857142857,5.428571428571429,0.37593984962406013,0.14285714285714285,0.01084996946156025,0.0,0.0,0.2857142857142857,0.023866768926382065,0.0,0.0,0.0,0.0,0.0,0.0,0.0,0.0,0.14285714285714285,0.006998247932642698,0.0,0.0,0.14285714285714285,0.02317621372640133,0.14285714285714285,0.007662333548069,0.0,0.0,0.0,0.0,0.14285714285714285,0.01274186559021473,0.0,0.0,0.0,0.0,0.0,0.0,0.0,0.0,0.0,0.0,0.0,0.0,4
2D27,4,0.9,4.881298637390137,-8,3.7508275337013424,0.0,0.0,0.0,90.93162711864407,2.933575064186298,111.81047619047615,10.0,0.16945861678004534,0.09523809523809523,0.0034759079571813345,0.07142857142857142,0.0005400583613663912,0.0,0.0,0.10714285714285714,0.0031107685063034296,0.023809523809523808,0.00030567371868528426,0.011904761904761904,9.929999941959977e-05,0.05952380952380952,0.0004663958679884672,0.047619047619047616,0.0004867434618063271,0.03571428571428571,0.0006103859050199389,0.05952380952380952,0.0013475223677232862,0.2261904761904762,0.0018570938846096396,0.011904761904761904,9.275229240301996e-05,0.011904761904761904,5.549131310544908e-05,0.023809523809523808,0.0002828249125741422,0.03571428571428571,0.0008154975948855281,0.03571428571428571,0.00021655413729604334,0.023809523809523808,0.00014400893996935338,0.011904761904761904,0.0002187681384384632,0.023809523809523808,0.0003273143374826759,0.08333333333333333,0.0007349227671511471,4
1OEM,4,0.94,6.03410701751709,-6,4.119086330165702,0.0,0.0,0.0,90.31661837590545,4.90650614803816,115.25546218487395,11.512605042016807,0.2834324970864258,0.04201680672268908,0.0002946130116470158,0.08403361344537816,0.0005845965933986008,0.025210084033613446,0.00020369076810311526,0.01680672268907563,0.00011233244731556624,0.03361344537815126,0.0005571835208684206,0.04201680672268908,0.0002764297532849014,0.008403361344537815,3.3552132663317025e-05,0.06722689075630252,0.0007930098799988627,0.025210084033613446,0.0010440265759825706,0.058823529411764705,0.000472676387289539,0.10084033613445378,0.0010182957630604506,0.025210084033613446,0.00012973588309250772,0.05042016806722689,0.0005108884652145207,0.07563025210084033,0.0006012414814904332,0.04201680672268908,0.000245314440689981,0.08403361344537816,0.0010603239061310887,0.058823529411764705,0.0004931476432830095,0.025210084033613446,0.00013732865045312792,0.04201680672268908,0.0003253248578403145,0.09243697478991597,0.002014806028455496,4
3B5O,4,0.91,4.6294450759887695,-18,3.963983919016383,0.0,0.0,0.0,89.29267745302714,4.09499462510078,114.26336363636364,10.809090909090909,0.21059714045416317,0.1,0.0006711204187013209,0.01818181818181818,8.545030141249299e-05,0.02727272727272727,0.0001311726082349196,0.00909090909090909,5.6006418162724e-05,0.0,0.0,0.03636363636363636,0.00023980140394996852,0.09090909090909091,0.0008099295664578676,0.02727272727272727,0.00013473990838974714,0.02727272727272727,0.00017590506467968225,0.07272727272727272,0.0007835697033442557,0.15454545454545454,0.0010445818770676851,0.03636363636363636,0.00021697500778827816,0.03636363636363636,0.00032196997199207544,0.06363636363636363,0.0006015895050950348,0.03636363636363636,0.00043158410699106753,0.045454545454545456,0.0005446862778626382,0.06363636363636363,0.0005859400844201446,0.02727272727272727,0.00020557906827889383,0.03636363636363636,0.0003287724684923887,0.09090909090909091,0.0004933119635097682,4
2PII,4,0.92,5.170211219787595,-3,3.5894050148228724,0.0,0.0,0.0,91.3702752293578,3.465983737244898,108.90333333333334,9.545454545454545,0.35055315055315056,0.06060606060606061,0.0032118542585521936,0.030303030303030304,0.0002456960501149297,0.0,0.0,0.09090909090909091,0.0011530311312526464,0.015151515151515152,0.00012641989451367408,0.015151515151515152,0.00010147216380573809,0.045454545454545456,0.0007010622648522258,0.07575757575757576,0.0005735806771554053,0.0,0.0,0.13636363636363635,0.004338627215474844,0.045454545454545456,0.000402011995902285,0.12121212121212122,0.0020725554786622524,0.015151515151515152,0.0001713912934064865,0.06060606060606061,0.0004707351326942444,0.030303030303030304,0.0002489159523975104,0.0,0.0,0.10606060606060606,0.0008322251378558576,0.0,0.0,0.0,0.0,0.15151515151515152,0.0016188692534342408,4
1L0B,4,0.88,5.167994499206541,-8,4.089796005828022,0.0,0.0,0.0,83.83095785440615,7.596811655002766,115.10406593406597,10.758241758241759,0.2105198172613903,0.02197802197802198,0.00026796816382557154,0.07692307692307693,0.0005811743321828544,0.01098901098901099,8.386981789954007e-05,0.04395604395604396,0.00047325712512247264,0.04395604395604396,0.0002951589704025537,0.03296703296703297,0.00018708956486079842,0.04395604395604396,0.0003830834466498345,0.08791208791208792,0.0006271855090744793,0.02197802197802198,9.234460594598204e-05,0.07692307692307693,0.0007832577684894204,0.08791208791208792,0.0017596121178939939,0.054945054945054944,0.00042124255560338497,0.03296703296703297,0.0004642584826797247,0.03296703296703297,0.0011104950681328773,0.02197802197802198,0.00016646897711325437,0.04395604395604396,0.0005179289146326482,0.04395604395604396,0.00039345704135484993,0.03296703296703297,0.0002825915871653706,0.04395604395604396,0.00043220422230660915,0.14285714285714285,0.0009122611954808235,4
5P39,4,0.97,4.1373899459838865,-14,3.6850270864240278,0.0,0.0,0.0,97.88709083298451,1.82544536271809,108.47850467289722,12.19626168224299,0.4521574103913775,0.08411214953271028,0.0007790917297825217,0.0,0.0,0.04672897196261682,0.00022008329688105732,0.102803738317757,0.0019408402731642127,0.0,0.0,0.0,0.0,0.009345794392523364,5.242184124654159e-05,0.11214953271028037,0.0023984152358025312,0.009345794392523364,3.7367328332038596e-05,0.08411214953271028,0.000539079075679183,0.11214953271028037,0.0009823291329666972,0.009345794392523364,8.028784941416234e-05,0.0,0.0,0.11214953271028037,0.0009138374007306993,0.028037383177570093,0.00015554364654235542,0.04672897196261682,0.00032804658985696733,0.11214953271028037,0.005154947284609079,0.028037383177570093,0.00016206296277232468,0.04672897196261682,0.0003899523289874196,0.056074766355140186,0.00031689839670434594,4
3EMI,4,0.91,8.816325569152834,2,3.5995729677087978,0.0,0.0,0.0,89.24389810426541,5.94959126040428,103.90152173913046,9.826086956521738,0.24668141592920353,0.10869565217391304,0.0015400928677991033,0.021739130434782608,0.00019962966325692832,0.08695652173913043,0.0008899971144273877,0.06521739130434782,0.0009178993641398847,0.0,0.0,0.0,0.0,0.021739130434782608,0.0009777586674317718,0.13043478260869565,0.002592911943793297,0.0,0.0,0.043478260869565216,0.0003281990357208997,0.021739130434782608,0.0007406456279568374,0.13043478260869565,0.003653781022876501,0.021739130434782608,0.00025659092352725565,0.043478260869565216,0.0003906841448042542,0.0,0.0,0.043478260869565216,0.00039745899266563356,0.10869565217391304,0.005851637572050095,0.021739130434782608,0.00029615432140417397,0.0,0.0,0.13043478260869565,0.0015247062547132373,4
1LMQ,4,0.94,8.46020221710205,3,4.098724203067562,0.0,0.0,0.0,97.14882,1.5442701760711497,113.96929292929288,10.383838383838384,0.1355579137680305,0.09090909090909091,0.0010397579753771424,0.0707070707070707,0.00043101649498566985,0.0707070707070707,0.0005035292124375701,0.06060606060606061,0.00036465763696469367,0.06060606060606061,0.0004964038380421698,0.04040404040404041,0.0004858371976297349,0.020202020202020204,0.00023081204562913626,0.06060606060606061,0.00047010669368319213,0.010101010101010102,5.003008482162841e-05,0.050505050505050504,0.00096842524362728,0.09090909090909091,0.0008633093675598502,0.04040404040404041,0.00034430300001986325,0.010101010101010102,8.596307452535257e-05,0.010101010101010102,0.002069584559649229,0.010101010101010102,6.251295417314395e-05,0.0707070707070707,0.000757404777687043,0.050505050505050504,0.00036997205461375415,0.050505050505050504,0.0006105101783759892,0.06060606060606061,0.00046082495828159153,0.0707070707070707,0.0006142811616882682,4
2B2H,4,0.97,6.098846626281736,-5,3.623809677555153,0.0,0.0,0.0,93.3179011099899,2.576447384124472,102.4362992125984,13.94488188976378,0.33368309198504337,0.2047244094488189,0.0016117679188027978,0.0,0.0,0.007874015748031496,4.83279800391756e-05,0.015748031496062992,0.00010412654228275642,0.007874015748031496,3.906674464815296e-05,0.007874015748031496,4.373046976979822e-05,0.007874015748031496,3.949954407289624e-05,0.11023622047244094,0.0010301832808181643,0.015748031496062992,0.0005729894619435072,0.07874015748031496,0.0010377990547567606,0.09448818897637795,0.0007097497582435608,0.0,0.0,0.047244094488188976,0.00035853657755069435,0.08661417322834646,0.0005707236705347896,0.015748031496062992,0.0001030524872476235,0.07874015748031496,0.0007762361783534288,0.07874015748031496,0.000825140334200114,0.03937007874015748,0.00028156748157925904,0.023622047244094488,0.00015028346388135105,0.07874015748031496,0.0010304840980097651,4
7AHW,4,0.89,5.8286340713500975,-12,3.8169634945234243,0.0,0.0,0.0,80.84517140773158,8.405386848100871,110.7608045977011,10.310344827586206,0.3139199630953754,0.14942528735632185,0.0014475758653134108,0.034482758620689655,0.00022827273642178625,0.022988505747126436,0.0002868337032850832,0.034482758620689655,0.004677942022681236,0.0,0.0,0.08045977011494253,0.001002976088784635,0.08045977011494253,0.0006649407441727817,0.04597701149425287,0.000301362102618441,0.05747126436781609,0.0007922942168079317,0.022988505747126436,0.000455945119028911,0.16091954022988506,0.0024548321962356567,0.04597701149425287,0.00027570934616960585,0.011494252873563218,8.693709969520569e-05,0.06896551724137931,0.00040815386455506086,0.06896551724137931,0.0005005468847230077,0.022988505747126436,0.0010450328700244427,0.022988505747126436,0.00015734478074591607,0.0,0.0,0.011494252873563218,8.732487913221121e-05,0.05747126436781609,0.0004816522996407002,4
5Y5D,4,0.96,5.756391716003418,-12,4.0400059405836695,0.0,0.0,0.0,95.70110143830432,2.5533234220331966,117.09801980198017,11.92079207920792,0.34992269991118713,0.0594059405940594,0.0011324983788654208,0.0297029702970297,0.0001500194484833628,0.04950495049504951,0.00029551563784480095,0.039603960396039604,0.0012249626452103257,0.019801980198019802,0.00018382757843937725,0.019801980198019802,0.000109638407593593,0.019801980198019802,0.0001804116036510095,0.07920792079207921,0.002809923142194748,0.04950495049504951,0.0016616962384432554,0.0891089108910891,0.000778843357693404,0.12871287128712872,0.0012287249555811286,0.009900990099009901,4.5656535803573206e-05,0.009900990099009901,4.847683885600418e-05,0.06930693069306931,0.0006381140556186438,0.039603960396039604,0.0003564564685802907,0.019801980198019802,0.0002565142931416631,0.039603960396039604,0.000193944331840612,0.04950495049504951,0.0011225504567846656,0.0891089108910891,0.0005480183172039688,0.0891089108910891,0.0006792887579649687,4
5P3O,4,0.97,4.1373899459838865,-14,3.6850270864240278,0.0,0.0,0.0,97.88734198409375,1.8247915518824611,108.47850467289722,12.19626168224299,0.4521574103913775,0.08411214953271028,0.000779040390625596,0.0,0.0,0.04672897196261682,0.00022010316024534404,0.102803738317757,0.0019403640180826187,0.0,0.0,0.0,0.0,0.009345794392523364,5.240507744019851e-05,0.11214953271028037,0.0023978641256690025,0.009345794392523364,3.735954305739142e-05,0.08411214953271028,0.0005389413563534617,0.11214953271028037,0.0009823142318055034,0.009345794392523364,8.029556920519099e-05,0.0,0.0,0.11214953271028037,0.0009137076558545232,0.028037383177570093,0.00015552935656160116,0.04672897196261682,0.0003280093369539827,0.11214953271028037,0.005159880965948105,0.028037383177570093,0.00016203257837332785,0.04672897196261682,0.0003898679278790951,0.056074766355140186,0.0003168491239193827,4
7L6W,4,0.88,8.945520210266114,6,3.915894984366408,0.0,0.0,0.0,89.0206790123457,3.067748372190716,118.31276190476193,9.695238095238095,0.13367948358125176,0.05714285714285714,0.000520573288667947,0.08571428571428572,0.0005840033991262317,0.0,0.0,0.0761904761904762,0.0004597967490553856,0.05714285714285714,0.0008971844217739999,0.047619047619047616,0.00029398067272268236,0.047619047619047616,0.00024910669890232384,0.0,0.0,0.0,0.0,0.08571428571428572,0.0014426442794501781,0.11428571428571428,0.0009104026248678565,0.0761904761904762,0.00044480193173512816,0.01904761904761905,0.0005220026941969991,0.0761904761904762,0.0006438097334466875,0.02857142857142857,0.00034155306639149785,0.0761904761904762,0.0004164700803812593,0.02857142857142857,0.00021313386969268322,0.009523809523809525,5.413952385424636e-05,0.0380952380952381,0.00040109679684974253,0.0761904761904762,0.005475113168358803,4
6HHN,4,0.88,5.865749931335448,-5,4.08587767149209,0.0,0.0,0.0,89.98552380952381,5.765799621928166,116.38512499999995,9.2625,0.1961875843454791,0.05,0.0006749431486241519,0.025,0.0001636226661503315,0.05,0.000255160586675629,0.05,0.00030840179533697665,0.0,0.0,0.0625,0.0008060860564000905,0.0625,0.00037893993430770934,0.05,0.0005261980113573372,0.025,0.0001728110946714878,0.05,0.00045582634629681706,0.1125,0.000977736315689981,0.1,0.0007543632527813315,0.0375,0.0002609100192785263,0.0625,0.0007776671554893255,0.0375,0.00026841129874810576,0.0875,0.0012966268695890903,0.0125,6.461517477873713e-05,0.0375,0.00023932899057399482,0.025,0.0004482849035412073,0.0625,0.0005759094492532313,4
4YWF,4,0.93,6.202123069763183,-6,3.9569183435888884,0.0,0.0,0.0,90.94427083333333,5.3039577911864795,108.23245283018862,12.056603773584905,0.2203250952254407,0.11320754716981132,0.0007740829023532569,0.04716981132075472,0.00022640959650743753,0.018867924528301886,0.00013021478662267327,0.02830188679245283,0.00011945918231504038,0.009433962264150943,3.813336297753267e-05,0.009433962264150943,0.00012148644600529224,0.03773584905660377,0.00042005948489531875,0.0660377358490566,0.004342375323176384,0.02830188679245283,0.00019748831982724369,0.05660377358490566,0.0007974696345627308,0.11320754716981132,0.0008292830898426473,0.009433962264150943,0.00016497520846314728,0.03773584905660377,0.0004773433320224285,0.04716981132075472,0.0004156104987487197,0.04716981132075472,0.0003294657217338681,0.04716981132075472,0.0012525605270639062,0.09433962264150944,0.0008739056647755206,0.018867924528301886,0.0001608643651707098,0.02830188679245283,0.0001515105104772374,0.14150943396226415,0.0010708909248933196,4
1ANF,4,0.84,5.220854759216308,-8,4.107483475779223,0.0,0.0,0.0,93.16659485753996,4.306660336011687,113.04300970873783,11.864077669902912,0.6083056583986144,0.11650485436893204,0.001050414051860571,0.019417475728155338,0.00012546690413728356,0.05825242718446602,0.00042935163946822286,0.038834951456310676,0.00028917973395437,0.0,0.0,0.019417475728155338,9.433921513846144e-05,0.06796116504854369,0.000641952792648226,0.06796116504854369,0.0008607399649918079,0.019417475728155338,0.00015283667016774416,0.06796116504854369,0.00040663545951247215,0.07766990291262135,0.0006510576349683106,0.04854368932038835,0.00029222157900221646,0.02912621359223301,0.00021044067398179322,0.05825242718446602,0.000508803641423583,0.06796116504854369,0.0005480041727423668,0.04854368932038835,0.0002872331824619323,0.038834951456310676,0.00022202407126314938,0.05825242718446602,0.00048001547111198306,0.038834951456310676,0.00034323681029491127,0.05825242718446602,0.0006217402406036854,4
5P0D,4,0.97,4.1373899459838865,-14,3.6850270864240278,0.0,0.0,0.0,97.88970280452072,1.8217079889807162,108.4785046728972,12.19626168224299,0.4521574103913775,0.08411214953271028,0.0007789815426804125,0.0,0.0,0.04672897196261682,0.00022008166706655174,0.102803738317757,0.001940478221513331,0.0,0.0,0.0,0.0,0.009345794392523364,5.241388134891167e-05,0.11214953271028037,0.0023986962623894215,0.009345794392523364,3.736419239430688e-05,0.08411214953271028,0.0005390041042119265,0.11214953271028037,0.0009822056163102388,0.009345794392523364,8.026976865949109e-05,0.0,0.0,0.11214953271028037,0.0009136887965723872,0.028037383177570093,0.0001555196358822286,0.04672897196261682,0.0003280412347521633,0.11214953271028037,0.005155394785106182,0.028037383177570093,0.00016204194980673492,0.04672897196261682,0.0003898662398569286,0.056074766355140186,0.0003168587863910943,4
8X8S,4,0.94,6.753688621520996,-1,3.9523430060777685,0.0,0.0,0.0,90.80154,3.8297818028095736,113.00999999999998,11.295918367346939,0.3812565676677175,0.08163265306122448,0.00048294043517671525,0.030612244897959183,0.0001737806887831539,0.05102040816326531,0.0005816011689603329,0.01020408163265306,5.470382529892959e-05,0.01020408163265306,8.442947728326544e-05,0.02040816326530612,0.00023658892314415425,0.04081632653061224,0.00021137717703823,0.05102040816326531,0.0004575032799039036,0.02040816326530612,0.0001745305780787021,0.10204081632653061,0.0019538667984306812,0.061224489795918366,0.00040663278196007013,0.07142857142857142,0.0005218148580752313,0.01020408163265306,7.400731556117535e-05,0.030612244897959183,0.0005041300319135189,0.030612244897959183,0.00023206870537251234,0.10204081632653061,0.0009803730063140392,0.030612244897959183,0.0001430988486390561,0.01020408163265306,0.0043353005312383175,0.11224489795918367,0.0009786353912204504,0.12244897959183673,0.002422627527266741,4
1KF7,4,0.93,8.635427284240723,4,4.008867422367603,0.0,0.0,0.0,96.46547844374344,2.0609326222684703,111.24344827586205,10.367816091954023,0.20911384662435967,0.11494252873563218,0.0007846022490411997,0.034482758620689655,0.0003209721762686968,0.04597701149425287,0.0005398545763455331,0.04597701149425287,0.0005509455222636461,0.08045977011494253,0.0004982059472240508,0.05747126436781609,0.0005916501977480948,0.034482758620689655,0.00032115710200741887,0.0,0.0,0.04597701149425287,0.0015397234819829464,0.034482758620689655,0.00045233190758153796,0.022988505747126436,0.00016710183990653604,0.06896551724137931,0.00042504569864831865,0.04597701149425287,0.0005617311107926071,0.034482758620689655,0.0013006379595026374,0.022988505747126436,0.0001820053585106507,0.09195402298850575,0.0006159024778753519,0.09195402298850575,0.0014251850079745054,0.0,0.0,0.034482758620689655,0.00017364851373713464,0.09195402298850575,0.001035772729665041,4
5P8C,4,0.97,4.1373899459838865,-14,3.6850270864240278,0.0,0.0,0.0,97.88709083298451,1.82544536271809,108.47850467289722,12.19626168224299,0.4521574103913775,0.08411214953271028,0.0007790917297825217,0.0,0.0,0.04672897196261682,0.00022008329688105732,0.102803738317757,0.0019408402731642127,0.0,0.0,0.0,0.0,0.009345794392523364,5.242184124654159e-05,0.11214953271028037,0.0023984152358025312,0.009345794392523364,3.7367328332038596e-05,0.08411214953271028,0.000539079075679183,0.11214953271028037,0.0009823291329666972,0.009345794392523364,8.028784941416234e-05,0.0,0.0,0.11214953271028037,0.0009138374007306993,0.028037383177570093,0.00015554364654235542,0.04672897196261682,0.00032804658985696733,0.11214953271028037,0.005154947284609079,0.028037383177570093,0.00016206296277232468,0.04672897196261682,0.0003899523289874196,0.056074766355140186,0.00031689839670434594,4
6G9P,4,0.94,8.52750720977783,3,3.8406833178191264,0.0,0.0,0.0,90.83352723311548,5.289918931047108,108.62257425742574,12.168316831683168,0.5528119939740109,0.0891089108910891,0.000916321063414216,0.039603960396039604,0.00036294132587499917,0.009900990099009901,0.00032999349059537053,0.039603960396039604,0.0002627184148877859,0.0,0.0,0.039603960396039604,0.00032469487632624805,0.039603960396039604,0.0004528544668573886,0.0891089108910891,0.0007719165296293795,0.019801980198019802,0.0006554462597705424,0.06930693069306931,0.0006799686816520989,0.13861386138613863,0.0014287421945482492,0.019801980198019802,0.00010595009371172637,0.0297029702970297,0.00014376082981470972,0.0,0.0,0.04950495049504951,0.0003583044745028019,0.04950495049504951,0.0004585508431773633,0.07920792079207921,0.0008349386043846607,0.0,0.0,0.0891089108910891,0.00047665764577686787,0.10891089108910891,0.0014971776399761438,4
1EY0,4,0.94,9.483250999450682,8,3.9792374824823322,0.0,0.0,0.0,92.4269822485207,3.3001171118418084,112.50234042553193,11.095744680851064,0.17956590032843067,0.11702127659574468,0.0010587743017822504,0.05319148936170213,0.0004872806021012366,0.0425531914893617,0.0010308281052857637,0.06382978723404255,0.0010283454321324825,0.0,0.0,0.02127659574468085,0.000123593068565242,0.0851063829787234,0.0006586388335563242,0.05319148936170213,0.0004734197282232344,0.02127659574468085,0.00014141114661470056,0.0425531914893617,0.00038340187165886164,0.09574468085106383,0.002084355801343918,0.0851063829787234,0.0005397786153480411,0.031914893617021274,0.0002718533796723932,0.031914893617021274,0.0002784894313663244,0.02127659574468085,0.00013186392607167363,0.02127659574468085,0.0001607405865797773,0.07446808510638298,0.0007608539890497923,0.0,0.0,0.05319148936170213,0.000520073517691344,0.0851063829787234,0.0013879442121833563,4
1SLL,4,0.97,5.03192195892334,-18,4.0141064076681765,0.0,0.0,0.0,96.64778961384819,2.833508733496588,110.5164705882353,13.098039215686274,0.7408565222496184,0.0784313725490196,0.0006539821624755859,0.0392156862745098,0.0022273086942732334,0.0392156862745098,0.00024529872462153435,0.06862745098039216,0.0006770361796952784,0.00980392156862745,8.773347508395091e-05,0.00980392156862745,8.206592610804364e-05,0.049019607843137254,0.0006564732757396996,0.08823529411764706,0.0005117969703860581,0.0196078431372549,0.00018873292719945312,0.06862745098039216,0.001032786094583571,0.08823529411764706,0.0008858205401338637,0.049019607843137254,0.00046859178110025823,0.00980392156862745,4.38372117059771e-05,0.0392156862745098,0.0005929493927396834,0.058823529411764705,0.0005481073167175055,0.13725490196078433,0.0011381659423932433,0.029411764705882353,0.0002792088780552149,0.0196078431372549,0.000130760163301602,0.0784313725490196,0.001034651999361813,0.0196078431372549,9.199114720104262e-05,4
6AR0,4,0.91,8.67894344329834,3,4.1204615988532955,0.0,0.0,0.0,93.64444444444445,2.607178571428572,112.90549019607846,11.147058823529411,0.19487126424888337,0.049019607843137254,0.0006296683568507433,0.058823529411764705,0.000401503435568884,0.058823529411764705,0.0003992714628111571,0.0392156862745098,0.00029931083554401994,0.049019607843137254,0.00033464308944530785,0.049019607843137254,0.000500035472214222,0.0392156862745098,0.00022096946486271918,0.049019607843137254,0.0004373093834146857,0.029411764705882353,0.00026545225409790874,0.08823529411764706,0.0014081478584557772,0.0784313725490196,0.0007566586718894541,0.049019607843137254,0.00034428731305524707,0.0,0.0,0.0784313725490196,0.0008913786732591689,0.058823529411764705,0.0003171088465023786,0.09803921568627451,0.0007023164653219283,0.049019607843137254,0.0005573431844823062,0.00980392156862745,8.98167781997472e-05,0.0196078431372549,0.00014862669922877103,0.049019607843137254,0.000553308695089072,4
2DYI,4,0.66,5.05425968170166,-8,3.4989727402379804,0.0,0.0,0.0,88.36788281249999,6.123822588020119,115.83484848484846,9.303030303030303,0.26379429473892013,0.045454545454545456,0.0012081938330084085,0.09090909090909091,0.0005976748652756214,0.0,0.0,0.06060606060606061,0.00036978127900511026,0.0,0.0,0.0,0.0,0.10606060606060606,0.001243817387148738,0.06060606060606061,0.0005944827571511269,0.015151515151515152,7.294015813386068e-05,0.07575757575757576,0.0010140803642570972,0.16666666666666666,0.0013555871555581689,0.0,0.0,0.015151515151515152,8.793672895990312e-05,0.045454545454545456,0.0025471302215009928,0.06060606060606061,0.00035629040212370455,0.015151515151515152,7.494036253774539e-05,0.0,0.0,0.0,0.0,0.07575757575757576,0.001292822533287108,0.16666666666666666,0.0021406610030680895,4
3BVS,4,0.96,6.592947959899903,-2,3.917990306879992,0.0,0.0,0.0,95.40255964214712,2.6866704014285467,120.16946666666665,10.493333333333334,0.12721728081321473,0.08,0.0007428581593558192,0.04,0.00031574704917147756,0.013333333333333334,6.536411092383787e-05,0.05333333333333334,0.019712751731276512,0.0,0.0,0.06666666666666667,0.00042630641837604344,0.06666666666666667,0.00034314379445277154,0.02666666666666667,0.00018206797540187836,0.0,0.0,0.14666666666666667,0.0013889848487451673,0.10666666666666667,0.0010305095929652452,0.05333333333333334,0.0003302756231278181,0.02666666666666667,0.0001393240672769025,0.08,0.0006066524656489491,0.02666666666666667,0.00036758166970685124,0.04,0.0014132364885881543,0.02666666666666667,0.00027553498512133956,0.08,0.0009945553028956056,0.013333333333333334,6.190176645759493e-05,0.05333333333333334,0.002021693391725421,4
2OBT,4,0.94,6.258450508117675,-4,4.009931437673744,0.0,0.0,0.0,92.38955835962145,5.328236493374109,110.11077669902916,11.514563106796116,0.5353476645000737,0.038834951456310676,0.00028809995274059474,0.02912621359223301,0.0016416443977504969,0.038834951456310676,0.0010263003641739488,0.019417475728155338,0.0003110255638603121,0.02912621359223301,0.0005948488251306117,0.06796116504854369,0.0007837510202080011,0.038834951456310676,0.00021478049166034907,0.06796116504854369,0.0011528326431289315,0.009708737864077669,4.539749352261424e-05,0.038834951456310676,0.0003241412923671305,0.1262135922330097,0.0011689451057463884,0.009708737864077669,4.5635861170012504e-05,0.02912621359223301,0.00018013385124504566,0.04854368932038835,0.0005803087842650712,0.11650485436893204,0.0010237906826660037,0.04854368932038835,0.0014721652260050178,0.07766990291262135,0.0006169702974148095,0.019417475728155338,0.0001537050848128274,0.02912621359223301,0.00016083283117040992,0.11650485436893204,0.0006674972828477621,4
7VKP,4,0.94,4.884140586853028,-11,3.914465130631706,0.0,0.0,0.0,92.90057432432432,2.9750911002459963,104.40401869158875,12.794392523364486,0.28567137483530514,0.12149532710280374,0.001260439632460475,0.018691588785046728,0.00018466637993697077,0.08411214953271028,0.0007543890387751162,0.037383177570093455,0.0014723511412739754,0.037383177570093455,0.0002795289910864085,0.018691588785046728,0.0001403648784616962,0.009345794392523364,5.164631875231862e-05,0.07476635514018691,0.001254466362297535,0.009345794392523364,3.956681030103937e-05,0.06542056074766354,0.000764568685553968,0.12149532710280374,0.0007056681206449866,0.028037383177570093,0.0002128996857209131,0.037383177570093455,0.0005334673915058374,0.018691588785046728,0.00013295859389472753,0.028037383177570093,0.00027993458206765354,0.08411214953271028,0.0005654543056152761,0.037383177570093455,0.00026932149194180965,0.028037383177570093,0.0001262531877728179,0.009345794392523364,4.299028660170734e-05,0.1308411214953271,0.001473790965974331,4
2DX1,4,0.8,5.147930335998534,-24,4.169915017730655,0.0,0.0,0.0,83.03175529168819,11.985166405537097,115.91456521739129,10.141304347826088,0.30940397968218464,0.06521739130434782,0.0006775133078917861,0.06521739130434782,0.0004263023438397795,0.03260869565217391,0.0002123881276929751,0.07608695652173914,0.0006414255476556718,0.021739130434782608,0.0001156662983703427,0.03260869565217391,0.00019719303236342967,0.08695652173913043,0.0006358879618346691,0.07608695652173914,0.0005778181366622448,0.05434782608695652,0.001080595888197422,0.05434782608695652,0.00027278088964521885,0.08695652173913043,0.0006342488923110068,0.05434782608695652,0.00041409695404581726,0.021739130434782608,0.00011479078239062801,0.03260869565217391,0.0010744667379185557,0.043478260869565216,0.0005938652320764959,0.043478260869565216,0.00042623322224244475,0.021739130434782608,0.00020372708968352526,0.05434782608695652,0.0006550615071319044,0.010869565217391304,0.00012197215255582705,0.06521739130434782,0.0006715177441947162,4
5YNL,4,0.93,5.372444343566895,-16,3.960800200322705,0.0,0.0,0.0,87.90741816844427,7.758961875400628,109.56161016949149,12.135593220338983,0.3073513398352429,0.0847457627118644,0.0006872228113934398,0.05084745762711865,0.00024541516904719174,0.01694915254237288,7.714223465882242e-05,0.07627118644067797,0.0007412798004224896,0.03389830508474576,0.0003044277837034315,0.0,0.0,0.05084745762711865,0.00029684879700653255,0.06779661016949153,0.0004915213794447482,0.059322033898305086,0.00043457612628117204,0.1016949152542373,0.0014177835546433926,0.1271186440677966,0.0012154207797721028,0.01694915254237288,9.488353680353612e-05,0.03389830508474576,0.0002084939187625423,0.025423728813559324,0.0004932373994961381,0.025423728813559324,0.00012367102317512035,0.0423728813559322,0.0005486479494720697,0.05084745762711865,0.00025108223780989647,0.00847457627118644,0.00074671272886917,0.01694915254237288,0.00026850018184632063,0.11016949152542373,0.0019076586468145251,4
4QSC,4,0.9,5.682842063903809,-7,4.057066522540337,0.0,0.0,0.0,91.73960617517328,5.943881339458734,110.20957894736833,11.631578947368421,0.6878209097404144,0.10526315789473684,0.001006933394819498,0.021052631578947368,0.00018610578263178468,0.042105263157894736,0.0009602755308151245,0.042105263157894736,0.0019405476050451398,0.0,0.0,0.06315789473684211,0.0004466073296498507,0.042105263157894736,0.00023464462719857693,0.07368421052631578,0.002922777086496353,0.010526315789473684,8.164386235876009e-05,0.042105263157894736,0.0002965726307593286,0.06315789473684211,0.00046770329936407506,0.031578947368421054,0.00027617483283393085,0.021052631578947368,0.0005510975024662912,0.07368421052631578,0.00045084443991072476,0.11578947368421053,0.0011088767787441611,0.08421052631578947,0.0005135847022756934,0.042105263157894736,0.0009244183893315494,0.042105263157894736,0.00024688930716365576,0.031578947368421054,0.000487118202727288,0.05263157894736842,0.0002962151193059981,4
1CUC,4,0.95,5.898375511169434,-1,3.889520028521135,0.0,0.0,0.0,93.61877877237853,3.341922875360294,106.43737288135591,11.805084745762711,0.17712046917395696,0.1271186440677966,0.0018679576460272074,0.06779661016949153,0.0004956944030709565,0.01694915254237288,0.000143673867569305,0.025423728813559324,0.0001464707456761971,0.00847457627118644,3.456616832409054e-05,0.03389830508474576,0.0002758716291282326,0.05084745762711865,0.00026362735661678016,0.13559322033898305,0.0026562821585685015,0.0,0.0,0.09322033898305085,0.0010421362239867449,0.09322033898305085,0.0008859209483489394,0.03389830508474576,0.00016218623204622418,0.00847457627118644,9.159155160887167e-05,0.0423728813559322,0.00041762299952097237,0.025423728813559324,0.00018482857558410615,0.0423728813559322,0.0003046675119549036,0.0847457627118644,0.0005690259276889265,0.00847457627118644,5.649528975482099e-05,0.05084745762711865,0.002865097252652049,0.05084745762711865,0.0004853685386478901,4
5G0Z,4,0.74,6.001254081726074,-4,3.852995186066243,0.0,0.0,0.0,74.54708011583011,12.629445239334025,115.13644444444441,9.222222222222221,1.1208567603748327,0.0,0.0,0.06666666666666667,0.0010876102605834603,0.08888888888888889,0.0007793133263476193,0.044444444444444446,0.001024963683448732,0.0,0.0,0.022222222222222223,0.00011495485523482785,0.06666666666666667,0.0007281985599547625,0.06666666666666667,0.0006551849073730409,0.0,0.0,0.1111111111111111,0.0007644846336916089,0.1111111111111111,0.0009468159987591207,0.06666666666666667,0.0005910409963689744,0.022222222222222223,0.0001533886679681018,0.06666666666666667,0.0028337694238871336,0.06666666666666667,0.001667635515332222,0.044444444444444446,0.00025682407431304455,0.044444444444444446,0.0002748612023424357,0.022222222222222223,0.0003065649652853608,0.0,0.0,0.08888888888888889,0.00048747783876024187,4
7Q6B,4,0.93,7.242049217224122,0,4.083927654474242,0.0,0.0,0.0,90.2000528262018,4.5331175427420325,117.40643478260871,11.365217391304348,0.26936562323276003,0.034782608695652174,0.0002599938597995788,0.08695652173913043,0.0007298404816538095,0.008695652173913044,3.837486292468384e-05,0.034782608695652174,0.00022092921426519752,0.017391304347826087,7.320330041693524e-05,0.02608695652173913,0.00020638277055695653,0.06086956521739131,0.00044152760528959334,0.06956521739130435,0.0019484045915305614,0.043478260869565216,0.00032226339681074023,0.034782608695652174,0.00026536104269325733,0.06086956521739131,0.0007039106567390263,0.02608695652173913,0.00013737546396441758,0.06956521739130435,0.00041781304753385484,0.06086956521739131,0.0005860855453647673,0.017391304347826087,0.00010449847468407825,0.05217391304347826,0.0008526216843165457,0.11304347826086956,0.0010739016579464078,0.017391304347826087,0.00015187368262559175,0.06086956521739131,0.0021096193231642246,0.10434782608695652,0.0006752560148015618,4
7IHZ,4,0.97,4.1373899459838865,-14,3.6850270864240278,0.0,0.0,0.0,97.88970280452072,1.8217079889807162,108.4785046728972,12.19626168224299,0.4521574103913775,0.08411214953271028,0.0007789815426804125,0.0,0.0,0.04672897196261682,0.00022008166706655174,0.102803738317757,0.001940478221513331,0.0,0.0,0.0,0.0,0.009345794392523364,5.241388134891167e-05,0.11214953271028037,0.0023986962623894215,0.009345794392523364,3.736419239430688e-05,0.08411214953271028,0.0005390041042119265,0.11214953271028037,0.0009822056163102388,0.009345794392523364,8.026976865949109e-05,0.0,0.0,0.11214953271028037,0.0009136887965723872,0.028037383177570093,0.0001555196358822286,0.04672897196261682,0.0003280412347521633,0.11214953271028037,0.005155394785106182,0.028037383177570093,0.00016204194980673492,0.04672897196261682,0.0003898662398569286,0.056074766355140186,0.0003168587863910943,4
3AA5,4,0.92,8.42854824066162,2,4.078976892978107,0.0,0.0,0.0,91.67416398713827,2.4415400624349637,112.36781249999997,11.302083333333334,0.28492703533026115,0.10416666666666667,0.001582361408509314,0.052083333333333336,0.00048372187302447855,0.041666666666666664,0.0004027918621432036,0.0625,0.0005812838207930326,0.020833333333333332,0.00014356602332554758,0.041666666666666664,0.0002626802015583962,0.07291666666666667,0.001003925339318812,0.09375,0.000776719069108367,0.010416666666666666,4.505530159804039e-05,0.07291666666666667,0.0007608509040437639,0.09375,0.0021244811359792948,0.041666666666666664,0.00017781688075046986,0.020833333333333332,0.0008618909050710499,0.03125,0.0012461099540814757,0.0,0.0,0.041666666666666664,0.0004145009152125567,0.0625,0.0006186810205690563,0.041666666666666664,0.0002881826658267528,0.041666666666666664,0.0003855690301861614,0.052083333333333336,0.0005514331278391182,4
1TK1,4,0.95,6.002788734436035,-5,4.08561095647735,0.0,0.0,0.0,95.07836570345808,2.5099082840236684,114.35126436781609,11.344827586206897,0.24234589898566422,0.06896551724137931,0.0005548856570385396,0.04597701149425287,0.0004690319183282554,0.022988505747126436,0.05003715306520462,0.06896551724137931,0.000478674890473485,0.034482758620689655,0.00029530946630984545,0.011494252873563218,9.116703586187214e-05,0.034482758620689655,0.00020434394537005574,0.10344827586206896,0.0017626252956688404,0.034482758620689655,0.00031601544469594955,0.05747126436781609,0.00043546390952542424,0.08045977011494253,0.0013527206610888243,0.034482758620689655,0.00019792922830674797,0.04597701149425287,0.0004462988581508398,0.10344827586206896,0.0008579111308790743,0.0,0.0,0.04597701149425287,0.000732780375983566,0.05747126436781609,0.00030821198015473783,0.022988505747126436,0.00011846309644170105,0.05747126436781609,0.0013142566895112395,0.06896551724137931,0.000597763282712549,4
5P6A,4,0.97,4.1373899459838865,-14,3.6850270864240278,0.0,0.0,0.0,97.88970280452072,1.8217079889807162,108.4785046728972,12.19626168224299,0.4521574103913775,0.08411214953271028,0.0007789815426804125,0.0,0.0,0.04672897196261682,0.00022008166706655174,0.102803738317757,0.001940478221513331,0.0,0.0,0.0,0.0,0.009345794392523364,5.241388134891167e-05,0.11214953271028037,0.0023986962623894215,0.009345794392523364,3.736419239430688e-05,0.08411214953271028,0.0005390041042119265,0.11214953271028037,0.0009822056163102388,0.009345794392523364,8.026976865949109e-05,0.0,0.0,0.11214953271028037,0.0009136887965723872,0.028037383177570093,0.0001555196358822286,0.04672897196261682,0.0003280412347521633,0.11214953271028037,0.005155394785106182,0.028037383177570093,0.00016204194980673492,0.04672897196261682,0.0003898662398569286,0.056074766355140186,0.0003168587863910943,4
1CNU,4,0.89,5.916507148742675,-2,4.109024998568561,0.0,0.0,0.0,91.25685424354245,3.1027385582609623,115.16179999999999,10.13,0.12842053307008885,0.07,0.0032216296531260014,0.03,0.00031081432825885713,0.02,0.00010277688852511346,0.07,0.00042019542888738215,0.02,0.00016137691272888333,0.05,0.0003587545361369848,0.09,0.0005630996311083436,0.03,0.00018311224994249642,0.03,0.00019553214951884001,0.06,0.002276105573400855,0.04,0.0005205547204241157,0.1,0.0007324961479753256,0.02,9.376162779517472e-05,0.05,0.001308375271037221,0.03,0.00015210156561806798,0.06,0.0003052889951504767,0.06,0.0007476149476133287,0.01,0.00016117798804771155,0.05,0.0008663518237881362,0.11,0.0010323855094611645,4
1DG3,4,0.91,6.016373252868651,-7,3.921486509091311,0.0,0.0,0.0,88.54526868178003,5.6776887212381295,109.65624999999994,9.944444444444445,0.5427141527001862,0.08333333333333333,0.0012171645648777485,0.027777777777777776,0.00037067444645799696,0.05555555555555555,0.0005946720484644175,0.041666666666666664,0.00029840966453775764,0.0,0.0,0.08333333333333333,0.0006620167987421155,0.05555555555555555,0.0008460129611194134,0.041666666666666664,0.00036385818384587765,0.013888888888888888,7.069393177516758e-05,0.06944444444444445,0.0007701191352680326,0.1388888888888889,0.0011244631605222821,0.05555555555555555,0.00046003598254173994,0.041666666666666664,0.0001924061798490584,0.041666666666666664,0.0007545019034296274,0.027777777777777776,0.00021379529789555818,0.08333333333333333,0.001293717185035348,0.05555555555555555,0.00030797734507359564,0.0,0.0,0.0,0.0,0.08333333333333333,0.0006876851548440754,4
7A8B,4,0.87,5.80726261138916,-10,4.05350711115943,0.0,0.0,0.0,84.97120111731843,9.478550767733564,111.03591666666667,11.366666666666667,0.26258553274682306,0.06666666666666667,0.0005830037989653647,0.03333333333333333,0.0002213717089034617,0.05,0.0003548356762621552,0.03333333333333333,0.00021935424592811614,0.008333333333333333,0.0008161748410202563,0.041666666666666664,0.0003068701771553606,0.08333333333333333,0.0005256173899397254,0.08333333333333333,0.0007410334073938429,0.025,0.00011832229938590899,0.041666666666666664,0.00028780539287254214,0.10833333333333334,0.0015277507482096553,0.05,0.0004808982484973967,0.016666666666666666,0.00013668510655406862,0.05,0.0008835093467496336,0.041666666666666664,0.00026236323174089193,0.03333333333333333,0.00022418727166950703,0.1,0.0006504788179881871,0.0,0.0,0.05,0.0004522327217273414,0.08333333333333333,0.0012873222585767508,4
5IJM,4,0.85,9.56054859161377,5,3.8432447873110425,0.0,0.0,0.0,86.10390096618357,6.1805001779992885,113.4828378378378,9.554054054054054,0.15134370579915135,0.17567567567567569,0.0017680723685771227,0.05405405405405406,0.0006413253140635788,0.02702702702702703,0.00016068709373939782,0.06756756756756757,0.000385993072995916,0.013513513513513514,9.223996312357485e-05,0.04054054054054054,0.0006218429771251976,0.04054054054054054,0.0002701210614759475,0.013513513513513514,6.665607361355796e-05,0.0,0.0,0.0,0.0,0.10810810810810811,0.0014892576728016138,0.10810810810810811,0.0009570425027050078,0.02702702702702703,0.00013184203999117017,0.02702702702702703,0.0028689235914498568,0.02702702702702703,0.00012948499352205545,0.08108108108108109,0.0006249804864637554,0.02702702702702703,0.0002038761886069551,0.04054054054054054,0.0002364521787967533,0.05405405405405406,0.001680581597611308,0.06756756756756757,0.0009533233242109418,4
3OKQ,4,0.67,4.786548042297363,-9,3.765319531114783,0.0,0.0,0.0,88.42666374781086,8.285594286001709,121.325625,8.0625,0.1282703488372093,0.03125,0.0002931870403699577,0.03125,0.00037473184056580067,0.0625,0.000483640527818352,0.03125,0.00020726380171254277,0.03125,0.00015548647206742316,0.03125,0.0002278729371028021,0.125,0.001311237458139658,0.0,0.0,0.03125,0.0002035202196566388,0.0,0.0,0.03125,0.000407575600547716,0.1875,0.00129211344756186,0.0625,0.0005654635606333613,0.0,0.0,0.03125,0.0001606326986802742,0.125,0.0006454066606238484,0.0625,0.0005997167318128049,0.0625,0.0012701202649623156,0.03125,0.00019796979904640466,0.03125,0.00024020468117669225,4
9JLA,4,0.92,7.802302360534669,1,4.152899475666143,0.0,0.0,0.0,91.73901398601397,4.378273502066116,117.11999999999998,10.852173913043478,0.19209866220735786,0.05217391304347826,0.0006358247483149171,0.034782608695652174,0.00027338607469573617,0.0782608695652174,0.0006024388130754232,0.043478260869565216,0.0003234338073525578,0.008695652173913044,7.142221147660166e-05,0.02608695652173913,0.00012037410488119349,0.06086956521739131,0.0002667421067599207,0.043478260869565216,0.00024503839085809886,0.02608695652173913,0.0001675562816672027,0.06956521739130435,0.0008375061443075538,0.09565217391304348,0.0012224795063957572,0.10434782608695652,0.0007083127275109291,0.02608695652173913,0.00018090593221131712,0.06086956521739131,0.0008353491430170834,0.043478260869565216,0.0003217347548343241,0.043478260869565216,0.00024323318211827427,0.034782608695652174,0.0009359633550047874,0.034782608695652174,0.0002644815540406853,0.034782608695652174,0.00023191075888462365,0.0782608695652174,0.0027834023348987103,4
4U3V,4,0.89,6.187799644470215,-6,3.995169403807984,0.0,0.0,0.0,85.38662613981762,8.608917954815695,111.64142857142856,11.459183673469388,0.32212368473658387,0.07142857142857142,0.0011541983112692833,0.01020408163265306,7.480946078430861e-05,0.02040816326530612,0.00023360326304100454,0.04081632653061224,0.000257814594078809,0.01020408163265306,7.272419315995649e-05,0.05102040816326531,0.0003264057158958167,0.02040816326530612,0.00013490494166035205,0.07142857142857142,0.002613202901557088,0.04081632653061224,0.00019582296954467893,0.11224489795918367,0.0011272762203589082,0.12244897959183673,0.0010610484750941396,0.04081632653061224,0.0002404753613518551,0.02040816326530612,0.0001567375147715211,0.061224489795918366,0.00038978768861852586,0.05102040816326531,0.0004549663281068206,0.08163265306122448,0.0009571001282893121,0.04081632653061224,0.0006177062750793993,0.0,0.0,0.08163265306122448,0.0012095993151888251,0.05102040816326531,0.0003792294883169234,4
1L40,4,0.93,9.6582181930542,7,4.003966331638213,0.0,0.0,0.0,95.90619083969466,1.7678651100535396,115.29258426966291,10.089887640449438,0.12123069993243413,0.0898876404494382,0.0007971125305630267,0.0898876404494382,0.0005897513474337757,0.033707865168539325,0.000917200290132314,0.0449438202247191,0.00046323862625285983,0.0,0.0,0.033707865168539325,0.0013511462602764368,0.06741573033707865,0.0005298912292346358,0.07865168539325842,0.0007460056222043931,0.011235955056179775,0.00012004351447103545,0.07865168539325842,0.0008057562517933547,0.10112359550561797,0.0008285681833513081,0.033707865168539325,0.0001477999030612409,0.0449438202247191,0.0009493826073594391,0.056179775280898875,0.0020291742403060198,0.011235955056179775,5.581244477070868e-05,0.011235955056179775,4.511350198299624e-05,0.07865168539325842,0.0004326326888985932,0.011235955056179775,8.410451118834317e-05,0.056179775280898875,0.0002603301836643368,0.06741573033707865,0.0009748538723215461,4
3P2J,4,0.96,9.745121574401853,5,3.8191876130009943,0.0,0.0,0.0,95.65757002801121,1.8140237383843647,106.99462809917351,11.396694214876034,0.1985688515453167,0.09090909090909091,0.0007688545156270266,0.0743801652892562,0.000620540464296937,0.04132231404958678,0.00029494648333638906,0.03305785123966942,0.0002984644379466772,0.0,0.0,0.03305785123966942,0.00017414247849956155,0.049586776859504134,0.0003128030803054571,0.11570247933884298,0.0019602354150265455,0.03305785123966942,0.0007422442431561649,0.06611570247933884,0.0038717868737876415,0.14049586776859505,0.001298542832955718,0.03305785123966942,0.0002457374648656696,0.01652892561983471,0.00016821565805003047,0.03305785123966942,0.0003100596077274531,0.03305785123966942,0.0001928171404870227,0.024793388429752067,0.0001535039336886257,0.024793388429752067,0.00017444555123802274,0.0,0.0,0.008264462809917356,3.615643072407693e-05,0.1487603305785124,0.002091582864522934,4
1QMR,4,0.92,5.374717903137207,-5,3.973254287115703,0.0,0.0,0.0,94.03470973017171,2.2436849808156323,112.0904854368932,10.553398058252426,0.18108984378488938,0.05825242718446602,0.000360948994057253,0.019417475728155338,0.00013069971464574337,0.04854368932038835,0.0004660215927287936,0.04854368932038835,0.0003737287188414484,0.0,0.0,0.02912621359223301,0.0001284667814616114,0.08737864077669903,0.0006194128654897213,0.05825242718446602,0.0005686001968570054,0.009708737864077669,3.847563493764028e-05,0.0970873786407767,0.0009522447944618762,0.05825242718446602,0.0005513307405635715,0.10679611650485436,0.0007515001925639808,0.009708737864077669,0.0001370877434965223,0.05825242718446602,0.00045954270171932876,0.038834951456310676,0.00018702208762988448,0.07766990291262135,0.0005936708766967058,0.05825242718446602,0.00035436940379440784,0.0,0.0,0.04854368932038835,0.0004132803878746927,0.08737864077669903,0.0005861897370778024,4
1YG2,4,0.85,5.838865089416504,-3,3.95705390167024,0.0,0.0,0.0,90.61659485753995,4.302746481071127,116.88392156862737,9.058823529411764,0.18886342415754181,0.0392156862745098,0.0005541059654206038,0.0784313725490196,0.0005278820171952248,0.0196078431372549,0.00025972447474487126,0.0196078431372549,7.93366925790906e-05,0.0,0.0,0.0196078431372549,9.97997703962028e-05,0.058823529411764705,0.0004429668188095093,0.0196078431372549,0.001548263942822814,0.058823529411764705,0.0003047398349735886,0.0784313725490196,0.0011933798668906093,0.1568627450980392,0.0010581067763268948,0.0392156862745098,0.0009040766162797809,0.0196078431372549,0.00011327290121698752,0.0392156862745098,0.004066810477524996,0.0392156862745098,0.00019887369126081467,0.09803921568627451,0.0009992491686716676,0.058823529411764705,0.00048427266301587224,0.0196078431372549,0.0031048795208334923,0.0392156862745098,0.001641116919927299,0.09803921568627451,0.0006293052574619651,4
3GS9,4,0.86,5.035161781311035,-12,4.154691064068853,0.0,0.0,0.0,88.97497492836676,5.7226146506617415,116.25093023255816,10.19767441860465,0.36653761501949034,0.03488372093023256,0.0003164221125189215,0.023255813953488372,0.00013800626038573682,0.046511627906976744,0.002060879487544298,0.05813953488372093,0.0003817817778326571,0.023255813953488372,0.00010402793122921139,0.046511627906976744,0.00023739243624731898,0.06976744186046512,0.006348597351461649,0.03488372093023256,0.0003161337226629257,0.023255813953488372,0.00012926840281579643,0.10465116279069768,0.0008994076051749289,0.08139534883720931,0.0004906501271761954,0.06976744186046512,0.0004941599327139556,0.023255813953488372,0.00040352452197112143,0.023255813953488372,0.00013040803605690598,0.03488372093023256,0.0002578850544523448,0.06976744186046512,0.0005079379770904779,0.05813953488372093,0.0008572460501454771,0.023255813953488372,0.0004187809827271849,0.06976744186046512,0.00047088199062272906,0.08139534883720931,0.0010420052567496896,4
1UEK,4,0.92,6.939779472351074,0,3.596463492458867,0.0,0.0,0.0,93.03606177606179,3.2130499173553724,100.78444444444439,11.981481481481481,0.41425525216097087,0.1574074074074074,0.001642042538151145,0.06481481481481481,0.00032410884159617126,0.018518518518518517,0.00020765236695297062,0.037037037037037035,0.00036211125552654266,0.0,0.0,0.009259259259259259,5.46581250091549e-05,0.027777777777777776,0.0001798002194846049,0.16666666666666666,0.0021107401698827744,0.009259259259259259,3.950335303670727e-05,0.009259259259259259,0.00010256422683596611,0.1574074074074074,0.0015164113137871027,0.027777777777777776,0.001775341690517962,0.009259259259259259,6.341099651763216e-05,0.07407407407407407,0.0008611750090494752,0.06481481481481481,0.0006709952722303569,0.05555555555555555,0.0006661831284873188,0.027777777777777776,0.00016588019207119942,0.009259259259259259,4.6617918997071683e-05,0.0,0.0,0.07407407407407407,0.0007671058410778642,4
6HYN,4,0.88,7.156279182434083,0,4.007353454033305,0.0,0.0,0.0,86.15066433566435,7.495494643982357,116.4736046511628,9.593023255813954,0.22122621564482028,0.03488372093023256,0.0004349315713625401,0.03488372093023256,0.00015226812683977187,0.023255813953488372,0.00038403368671424687,0.03488372093023256,0.00016200836398638785,0.0,0.0,0.03488372093023256,0.0002657185250427574,0.05813953488372093,0.0004717044357676059,0.05813953488372093,0.00033218367025256157,0.023255813953488372,0.0004354342818260193,0.046511627906976744,0.0014995482051745057,0.08139534883720931,0.0009671091684140265,0.08139534883720931,0.00047369906678795815,0.023255813953488372,0.0002671795664355159,0.10465116279069768,0.0011620671721175313,0.06976744186046512,0.00058539560995996,0.06976744186046512,0.0003846434992738068,0.03488372093023256,0.0002536569954827428,0.0,0.0,0.08139534883720931,0.0013126448029652238,0.10465116279069768,0.0018129788804799318,4
2BMJ,4,0.91,8.459944343566896,2,3.9405968704736782,0.0,0.0,0.0,90.96207999999999,3.839499431889913,109.9108181818181,11.072727272727272,0.19355874011046426,0.10909090909090909,0.001059642294421792,0.07272727272727272,0.0004760990559589118,0.00909090909090909,5.865208731847815e-05,0.02727272727272727,0.00020336390298325568,0.02727272727272727,0.00019244801660533994,0.05454545454545454,0.0002910238690674305,0.05454545454545454,0.00042059505358338356,0.08181818181818182,0.0007191639160737395,0.01818181818181818,0.0001247965992661193,0.02727272727272727,0.004421202000230551,0.13636363636363635,0.0014038988156244159,0.05454545454545454,0.00036946844193153083,0.01818181818181818,9.215197496814653e-05,0.05454545454545454,0.0008171697263605893,0.00909090909090909,5.5534273997182027e-05,0.09090909090909091,0.0005784258828498423,0.01818181818181818,0.00013264207518659532,0.00909090909090909,4.580578752211295e-05,0.02727272727272727,0.00022180470114108175,0.1,0.0019179658265784383,4
1IIW,4,0.89,4.888687705993653,-6,3.9214059470690086,0.0,0.0,0.0,90.69671468144044,3.8313540428061827,111.94,11.05,0.3424434389140272,0.05,0.0003741186228580773,0.05,0.0003175439778715372,0.05,0.0004630018083844334,0.04,0.0004096213378943503,0.0,0.0,0.02,0.00010225653386441991,0.04,0.0002525705494917929,0.08,0.0011378951603546739,0.0,0.0,0.1,0.0010493164882063866,0.07,0.00046621717046946287,0.0,0.0,0.01,5.83248256589286e-05,0.08,0.0007987440330907702,0.06,0.0020868638530373573,0.07,0.0007741032750345767,0.08,0.0005412959144450724,0.03,0.00014939838729333133,0.05,0.0004546901909634471,0.12,0.0009085602941922843,4
5I4W,4,0.94,9.323756217956543,8,4.0820286314881455,0.0,0.0,0.0,97.05362637362637,1.4801934979868998,113.1111764705882,10.362745098039216,0.13549260763908214,0.10784313725490197,0.0013954847818240523,0.06862745098039216,0.0003282722900621593,0.10784313725490197,0.0007606232538819313,0.0392156862745098,0.00026318320306017995,0.06862745098039216,0.0005155223188921809,0.0196078431372549,0.0003807431203313172,0.0196078431372549,0.0002176708512706682,0.058823529411764705,0.0004533508908934891,0.00980392156862745,6.161091005196795e-05,0.049019607843137254,0.0008694648859091103,0.06862745098039216,0.0024790805764496326,0.058823529411764705,0.00045475768274627626,0.0196078431372549,0.00020137337560299784,0.029411764705882353,0.0002593744720797986,0.00980392156862745,4.108422217541374e-05,0.0784313725490196,0.0007148862932808697,0.0392156862745098,0.0003104834468103945,0.058823529411764705,0.0006053017568774521,0.029411764705882353,0.0002464496064931154,0.058823529411764705,0.0006100081955082715,4
3FFM,4,0.81,4.235948753356933,-19,3.939674345385021,0.0,0.0,0.0,79.77564593301436,10.268137975545914,108.18204301075266,10.387096774193548,0.2618602373160578,0.10752688172043011,0.0007335487753152847,0.043010752688172046,0.0008350925054401159,0.021505376344086023,0.00010191068577114493,0.043010752688172046,0.0004454976588021964,0.053763440860215055,0.0007443455397151411,0.03225806451612903,0.00021914258832111955,0.06451612903225806,0.0003517593431752175,0.053763440860215055,0.0003690748708322644,0.03225806451612903,0.0002003060217248276,0.07526881720430108,0.0013418541057035327,0.16129032258064516,0.0013542681699618697,0.021505376344086023,0.00013199768727645278,0.010752688172043012,7.788828224875033e-05,0.043010752688172046,0.00042734743328765035,0.021505376344086023,0.0003764762368518859,0.06451612903225806,0.0006648183334618807,0.043010752688172046,0.00030459617846645415,0.010752688172043012,0.0001239087141584605,0.0,0.0,0.0967741935483871,0.01483000349253416,4
3VYC,4,0.91,5.337999916076659,-28,3.521640636343319,0.0,0.0,0.0,90.78429084810733,6.0735676218197385,110.26214285714285,8.428571428571429,0.589588377723971,0.0,0.0,0.07142857142857142,0.0003998221072833985,0.07142857142857142,0.00028714630752801895,0.14285714285714285,0.0010016851592808962,0.0,0.0,0.07142857142857142,0.00043355891830287874,0.07142857142857142,0.0006825612508691847,0.07142857142857142,0.00029182195430621505,0.0,0.0,0.07142857142857142,0.00033751895534805954,0.07142857142857142,0.00030128195066936314,0.07142857142857142,0.00038429818232543766,0.0,0.0,0.0,0.0,0.0,0.0,0.14285714285714285,0.0010446154046803713,0.07142857142857142,0.0003430226934142411,0.0,0.0,0.0,0.0,0.07142857142857142,0.00032790322438813746,4
1L18,4,0.9,9.566092872619631,8,4.065721987254022,0.0,0.0,0.0,94.47565879664889,2.2521155562165376,116.02466666666666,10.088888888888889,0.11993392070484582,0.07777777777777778,0.0006696553900837898,0.08888888888888889,0.0005859637167304754,0.05555555555555555,0.0009822866413742304,0.044444444444444446,0.0004575240018311888,0.011111111111111112,0.00011551121133379638,0.03333333333333333,0.001397794345393777,0.05555555555555555,0.0004706384497694671,0.07777777777777778,0.0007396177388727665,0.011111111111111112,0.00011735902808140963,0.06666666666666667,0.000671805755700916,0.1,0.0008213134133256972,0.03333333333333333,0.00014683252084068954,0.044444444444444446,0.0009434973471798003,0.05555555555555555,0.0019691656343638897,0.011111111111111112,5.582305675488897e-05,0.011111111111111112,4.497399277170189e-05,0.07777777777777778,0.0004291913937777281,0.011111111111111112,8.427790453424677e-05,0.06666666666666667,0.0003804818552453071,0.06666666666666667,0.0009614839218556881,4
5LZ1,4,0.91,4.738405418395996,-12,3.9713470010356184,0.0,0.0,0.0,83.37415631848064,8.374503968253968,115.98764044943817,10.674157303370787,0.5298639858072147,0.0449438202247191,0.00022343311866279691,0.056179775280898875,0.00048689066898077726,0.02247191011235955,0.00011540237028384581,0.033707865168539325,0.0002670402463991195,0.011235955056179775,4.877476021647453e-05,0.011235955056179775,5.056152440374717e-05,0.056179775280898875,0.00042212364496663213,0.0449438202247191,0.0006193186854943633,0.02247191011235955,0.00018047938647214323,0.033707865168539325,0.00026906628045253456,0.056179775280898875,0.00885238777846098,0.02247191011235955,0.0010086499387398362,0.011235955056179775,5.633882756228559e-05,0.056179775280898875,0.0007940756622701883,0.06741573033707865,0.00042027156450785697,0.0898876404494382,0.0004881716740783304,0.056179775280898875,0.0005846417625434697,0.02247191011235955,0.00017412287706974894,0.11235955056179775,0.0011380932992324233,0.16853932584269662,0.0024661726783961058,4
1T7N,4,0.95,7.698409461975097,1,4.084147925607339,0.0,0.0,0.0,93.72030881755384,4.108226243964767,110.08831683168312,12.07920792079208,0.6246307417627008,0.07920792079207921,0.0007755229016765952,0.0297029702970297,0.00017747674428392202,0.019801980198019802,9.721485548652709e-05,0.0297029702970297,0.00014536471280734986,0.0297029702970297,0.00019270340271759778,0.04950495049504951,0.0003160513879265636,0.0297029702970297,0.0007059313938952982,0.07920792079207921,0.0010344875045120716,0.019801980198019802,0.00043030179222114384,0.04950495049504951,0.00042474103975109756,0.0891089108910891,0.00048708627582527697,0.019801980198019802,9.39022284001112e-05,0.019801980198019802,0.00013297567784320563,0.0594059405940594,0.0004816698201466352,0.0594059405940594,0.0008215249981731176,0.0891089108910891,0.0009220952051691711,0.04950495049504951,0.0003444098692853004,0.009900990099009901,4.960956721333787e-05,0.07920792079207921,0.0006174551090225577,0.10891089108910891,0.0008777492912486196,4
6L2A,4,0.91,9.612832450866701,3,3.8572960794534032,0.0,0.0,0.0,92.49579408543265,2.9646398817522175,106.45285714285711,10.494505494505495,0.1979517864334618,0.15384615384615385,0.002011532662436366,0.06593406593406594,0.0006828505429439247,0.054945054945054944,0.00030136865098029375,0.03296703296703297,0.0001919807109516114,0.01098901098901099,7.74911604821682e-05,0.07692307692307693,0.0006730804452672601,0.054945054945054944,0.0004673962539527565,0.04395604395604396,0.0003897076821886003,0.01098901098901099,5.067551683168858e-05,0.054945054945054944,0.0007847370579838753,0.10989010989010989,0.0008238690788857639,0.02197802197802198,0.00015153136337175965,0.01098901098901099,8.818160131340846e-05,0.01098901098901099,6.019512875354849e-05,0.03296703296703297,0.0007462544017471373,0.06593406593406594,0.0005016367067582905,0.054945054945054944,0.0004923372762277722,0.01098901098901099,0.00020760072220582515,0.0,0.0,0.12087912087912088,0.006032194942235947,4
1F1S,4,0.96,8.454722404479984,4,3.931539534658108,0.0,0.0,0.0,94.75993245317777,3.4862330892429174,109.21563218390801,11.839080459770114,0.3450507755830822,0.08045977011494253,0.003167848801240325,0.04597701149425287,0.0007178450468927622,0.08045977011494253,0.0008170614019036293,0.04597701149425287,0.000393514841562137,0.0,0.0,0.0,0.0,0.06896551724137931,0.0005355135654099286,0.12643678160919541,0.0015815638471394777,0.022988505747126436,0.00016908049292396754,0.05747126436781609,0.00046759090037085116,0.09195402298850575,0.0006648915586993098,0.011494252873563218,4.842160706175491e-05,0.04597701149425287,0.0003099633031524718,0.034482758620689655,0.0002003946719923988,0.011494252873563218,5.104148294776678e-05,0.09195402298850575,0.0010238352697342634,0.022988505747126436,0.00026396362227387726,0.022988505747126436,0.00010111718438565731,0.05747126436781609,0.0007140327361412346,0.08045977011494253,0.0007618885138072073,4
1JI6,4,0.95,5.838353538513183,-7,4.059074020778075,0.0,0.0,0.0,92.59228228859908,3.831267060800586,112.79069999999997,11.12,0.6376618705035971,0.03,0.00012814532965421677,0.05,0.0006848560879006982,0.04,0.0002259307511849329,0.05,0.0008663943153806031,0.01,4.839281245949678e-05,0.05,0.0002634362899698317,0.04,0.00036446494050323963,0.08,0.001062296680174768,0.03,0.00041742631583474576,0.04,0.00043454623664729297,0.11,0.0016024783253669739,0.03,0.0001448168040951714,0.01,9.464732283959165e-05,0.07,0.0004350450180936605,0.07,0.0003757724189199507,0.03,0.0002964233863167465,0.1,0.0011842955136671662,0.01,9.528255031909794e-05,0.04,0.00018242030637338758,0.11,0.0008766069076955318,4
7IDX,4,0.85,6.226279640197753,-2,3.657528079547314,0.0,0.0,0.0,87.69675138121546,4.236860879904875,111.96170212765954,10.180851063829786,0.26078836790502236,0.031914893617021274,0.0003648878773674369,0.06382978723404255,0.0005071680643595755,0.0,0.0,0.010638297872340425,5.711529956897721e-05,0.010638297872340425,0.0001818418240873143,0.06382978723404255,0.00035249412758275867,0.10638297872340426,0.0007474291487596929,0.07446808510638298,0.0008487008162774146,0.0425531914893617,0.0002888141025323421,0.010638297872340425,0.0005635911948047578,0.1595744680851064,0.0026668505743145943,0.0425531914893617,0.00036669455585069954,0.010638297872340425,7.221303530968726e-05,0.02127659574468085,0.0005769777344539762,0.0425531914893617,0.00033959123538807034,0.05319148936170213,0.00030946318292990327,0.02127659574468085,0.0002055227814707905,0.0,0.0,0.031914893617021274,0.0002603085886221379,0.20212765957446807,0.002386063104495406,4
1LIB,4,0.93,8.553616905212404,2,3.9555706893987206,0.0,0.0,0.0,96.29770894788594,1.7361925295728688,115.37277227722775,10.148514851485148,0.17038396522579088,0.039603960396039604,0.0002758062619250268,0.0594059405940594,0.0005487772868946195,0.0297029702970297,0.00019181999959982932,0.0594059405940594,0.0002914460492320359,0.019801980198019802,0.00022537614859174937,0.019801980198019802,0.0002562653971835971,0.07920792079207921,0.0005571445799432695,0.019801980198019802,9.562932973494753e-05,0.0,0.0,0.07920792079207921,0.0009157599415630102,0.04950495049504951,0.0003439015708863735,0.10891089108910891,0.0006919947336427867,0.0297029702970297,0.0002571340592112392,0.04950495049504951,0.000280251755611971,0.009900990099009901,8.675338176544756e-05,0.0891089108910891,0.0006368334288708866,0.0891089108910891,0.0007474620942957699,0.019801980198019802,0.00010700597340473905,0.019801980198019802,0.00014152367657516152,0.12871287128712872,0.0010268435580655932,4
2NWD,4,0.94,9.27779026031494,8,4.060604629216668,0.0,0.0,0.0,96.59237123420797,1.7247100591715978,116.11431372549018,10.294117647058824,0.12821661998132586,0.11764705882352941,0.0015146502992138267,0.10784313725490197,0.0005996567779220641,0.0784313725490196,0.0005104447482153773,0.049019607843137254,0.000343770399922505,0.058823529411764705,0.0004891186254099011,0.0392156862745098,0.00046211591688916087,0.029411764705882353,0.0002584420144557953,0.058823529411764705,0.00047513513709418476,0.00980392156862745,3.944155832869001e-05,0.049019607843137254,0.0008819202776066959,0.0784313725490196,0.0007311610970646143,0.0392156862745098,0.0003329662140458822,0.0196078431372549,0.00020140763081144542,0.0196078431372549,0.0021157811861485243,0.0,0.0,0.049019607843137254,0.0003380675334483385,0.0392156862745098,0.000285456539131701,0.049019607843137254,0.0005722111091017723,0.058823529411764705,0.00043144781375303864,0.049019607843137254,0.0005423887050710618,4
4R1B,4,0.87,6.1200475692749015,-4,4.138296131865828,0.0,0.0,0.0,86.58785157699444,7.279671196257519,112.66897435897431,12.547008547008547,0.5053680802999604,0.06837606837606838,0.0006277966313064098,0.042735042735042736,0.00043984525837004185,0.042735042735042736,0.0002462012635078281,0.05128205128205128,0.0005027027218602598,0.03418803418803419,0.00023391998547594994,0.02564102564102564,0.0002441443793941289,0.03418803418803419,0.00022597833594772965,0.07692307692307693,0.0008102768333628774,0.03418803418803419,0.0002241874171886593,0.06837606837606838,0.0006957963923923671,0.08547008547008547,0.0007890830165706575,0.07692307692307693,0.0006906331982463598,0.0,0.0,0.05982905982905983,0.0004505047982092947,0.05982905982905983,0.000691345427185297,0.07692307692307693,0.0007305201725102961,0.02564102564102564,0.00022820490994490683,0.017094017094017096,7.631553307874128e-05,0.05982905982905983,0.0006893359241075814,0.05982905982905983,0.0008469425956718624,4
7X3H,4,0.9,5.143155860900878,-6,4.001019827550015,0.0,0.0,0.0,89.90731833910034,4.095485136741973,109.27009523809527,11.238095238095237,0.3068684422921711,0.047619047619047616,0.0003350141632836312,0.0380952380952381,0.0002797930792439729,0.06666666666666667,0.0008255364373326302,0.047619047619047616,0.0006901531014591455,0.009523809523809525,4.180231917416677e-05,0.01904761904761905,0.00011676800204440951,0.02857142857142857,0.0002502230345271528,0.09523809523809523,0.0016360166482627392,0.009523809523809525,4.4577736844075844e-05,0.06666666666666667,0.00047780657769180834,0.13333333333333333,0.0013686857419088483,0.0380952380952381,0.0003649738500826061,0.047619047619047616,0.00021562173787970096,0.0380952380952381,0.0002279776963405311,0.02857142857142857,0.00025612101308070123,0.10476190476190476,0.0007918740739114583,0.06666666666666667,0.0005570551729761064,0.0,0.0,0.05714285714285714,0.00035070881131105125,0.05714285714285714,0.0007112150196917355,4
5K2N,4,0.94,9.323756217956543,8,4.0820286314881455,0.0,0.0,0.0,97.05362637362637,1.4801934979868998,113.1111764705882,10.362745098039216,0.13549260763908214,0.10784313725490197,0.0013954847818240523,0.06862745098039216,0.0003282722900621593,0.10784313725490197,0.0007606232538819313,0.0392156862745098,0.00026318320306017995,0.06862745098039216,0.0005155223188921809,0.0196078431372549,0.0003807431203313172,0.0196078431372549,0.0002176708512706682,0.058823529411764705,0.0004533508908934891,0.00980392156862745,6.161091005196795e-05,0.049019607843137254,0.0008694648859091103,0.06862745098039216,0.0024790805764496326,0.058823529411764705,0.00045475768274627626,0.0196078431372549,0.00020137337560299784,0.029411764705882353,0.0002593744720797986,0.00980392156862745,4.108422217541374e-05,0.0784313725490196,0.0007148862932808697,0.0392156862745098,0.0003104834468103945,0.058823529411764705,0.0006053017568774521,0.029411764705882353,0.0002464496064931154,0.058823529411764705,0.0006100081955082715,4
7P25,4,0.93,4.4639299392700185,-22,4.053203047810537,0.0,0.0,0.0,93.97345424107142,3.230368621277712,115.93271844660194,12.067961165048544,0.421365471885276,0.0970873786407767,0.0019346527988091111,0.05825242718446602,0.0005367273697629571,0.038834951456310676,0.00026576040545478463,0.009708737864077669,5.606554259429686e-05,0.009708737864077669,5.7354212913196534e-05,0.05825242718446602,0.0008633204852230847,0.06796116504854369,0.0005699648754671216,0.009708737864077669,0.00033675270969979465,0.019417475728155338,0.00016020372277125716,0.07766990291262135,0.0012472460512071848,0.08737864077669903,0.004047373775392771,0.038834951456310676,0.0006790664047002792,0.02912621359223301,0.00020144377776887268,0.04854368932038835,0.00048069568583741784,0.02912621359223301,0.0001683685986790806,0.06796116504854369,0.0005128661287017167,0.05825242718446602,0.00048417208017781377,0.019417475728155338,0.00016283229342661798,0.05825242718446602,0.0004099633952137083,0.11650485436893204,0.0008177771233022213,4
5GLX,4,0.93,4.489393806457519,-5,4.012439386414094,0.0,0.0,0.0,95.05037641154328,3.0323918537238,108.41793103448275,11.905172413793103,0.33011435990911137,0.11206896551724138,0.002652120543643832,0.02586206896551724,0.00023060054809320718,0.017241379310344827,8.242070907726884e-05,0.034482758620689655,0.0003656655317172408,0.10344827586206896,0.0007386155775748193,0.05172413793103448,0.0005702725029550493,0.017241379310344827,8.499566320097074e-05,0.11206896551724138,0.0008664354681968689,0.0,0.0,0.02586206896551724,0.00048292480641976,0.02586206896551724,0.00013904897787142545,0.02586206896551724,0.0001382907066727057,0.017241379310344827,0.00023453014728147537,0.06896551724137931,0.0016978282947093248,0.06896551724137931,0.0005368838319554925,0.0603448275862069,0.0007514691678807139,0.06896551724137931,0.000829376163892448,0.05172413793103448,0.00036328070564195514,0.05172413793103448,0.00042557460255920887,0.0603448275862069,0.0005177592393010855,4
3GW3,4,0.98,5.655957221984862,-8,3.903364588244327,0.0,0.0,0.0,95.77318593314764,2.254674101077296,106.87059405940589,12.03960396039604,0.4095964695153726,0.1188118811881188,0.0010277682449668646,0.009900990099009901,0.00011837758211186156,0.019801980198019802,0.00012754234194289893,0.039603960396039604,0.00025279197143390775,0.0297029702970297,0.00017794236191548407,0.04950495049504951,0.0009190142154693604,0.019801980198019802,0.00018004616140387952,0.09900990099009901,0.0008902052650228143,0.019801980198019802,0.00015152536798268557,0.0891089108910891,0.0010653780773282051,0.1485148514851485,0.0012877967674285173,0.009900990099009901,7.894389273133129e-05,0.019801980198019802,0.0002947577158920467,0.04950495049504951,0.0011206974741071463,0.04950495049504951,0.0002524484589230269,0.019801980198019802,0.00020358091569505632,0.0297029702970297,0.000162303404067643,0.0297029702970297,0.00016354478430002928,0.0297029702970297,0.00014984853623900563,0.1188118811881188,0.0006365848821587861,4
1TP0,4,0.92,5.90911808013916,-1,4.053410283990533,0.0,0.0,0.0,94.08592019543974,2.673112905292836,115.63165048543691,10.883495145631068,0.214874028909694,0.02912621359223301,0.00029230533982627094,0.019417475728155338,0.00015854676894377917,0.038834951456310676,0.000249923556111753,0.02912621359223301,0.00020389990822877735,0.019417475728155338,0.00017509839381091297,0.04854368932038835,0.00030386511934921145,0.06796116504854369,0.0004903738154098392,0.02912621359223301,0.0002574161044321954,0.0,0.0,0.038834951456310676,0.00042217844747938216,0.1262135922330097,0.0016440468607470393,0.07766990291262135,0.000491870567202568,0.04854368932038835,0.0003648236161097884,0.05825242718446602,0.0005783443921245635,0.05825242718446602,0.0003009746433235705,0.10679611650485436,0.000831668614409864,0.04854368932038835,0.0004023581277579069,0.038834951456310676,0.0004765113699249923,0.02912621359223301,0.0003030165680684149,0.08737864077669903,0.0007182869012467563,4
2ICC,4,0.9,6.059116172790527,-2,3.934475274657103,0.0,0.0,0.0,94.06607368421054,2.6139114469317137,115.5610714285714,9.94047619047619,0.2600940975192472,0.0,0.0,0.07142857142857142,0.000428321334766224,0.011904761904761904,0.00011850383452838287,0.08333333333333333,0.0005859909579157829,0.023809523809523808,0.00111274397931993,0.07142857142857142,0.0004450074047781527,0.047619047619047616,0.0005242676706984639,0.047619047619047616,0.00023845152463763952,0.047619047619047616,0.0003930438542738557,0.047619047619047616,0.00042895032675005496,0.10714285714285714,0.0015745752025395632,0.03571428571428571,0.0005631285603158176,0.0,0.0,0.011904761904761904,0.000216197338886559,0.05952380952380952,0.00046088386443443596,0.05952380952380952,0.000699796131812036,0.07142857142857142,0.0008308094693347812,0.023809523809523808,0.0008682774496264756,0.03571428571428571,0.00036851695040240884,0.14285714285714285,0.0016418168088421226,4
6EHX,4,0.93,8.90799961090088,5,4.05672021361581,0.0,0.0,0.0,92.94726666666668,3.671647569444445,114.99568627450982,11.607843137254902,0.30816938261791205,0.08823529411764706,0.0006576039013452828,0.0196078431372549,0.00028308408218435943,0.029411764705882353,0.00015202155918814242,0.029411764705882353,0.00016938989574555308,0.0392156862745098,0.00033636402804404497,0.0784313725490196,0.0007786515052430332,0.0196078431372549,0.00030661787604913116,0.10784313725490197,0.000876943115144968,0.00980392156862745,0.00013215448416303843,0.0392156862745098,0.00018232710135634989,0.0784313725490196,0.0008762154611758888,0.058823529411764705,0.0003508925437927246,0.029411764705882353,0.00025033208657987416,0.0196078431372549,0.0003886464983224869,0.049019607843137254,0.00040360577986575663,0.0196078431372549,0.00016616533685009927,0.058823529411764705,0.0003931878600269556,0.049019607843137254,0.0007238762336783111,0.12745098039215685,0.0012337416410446167,0.049019607843137254,0.0006091035320423543,4
6LYT,4,0.94,9.323756217956543,8,4.0820286314881455,0.0,0.0,0.0,97.05267732267734,1.480403821885704,113.1111764705882,10.362745098039216,0.13549260763908214,0.10784313725490197,0.0013955504400655627,0.06862745098039216,0.0003282696125097573,0.10784313725490197,0.0007606074796058238,0.0392156862745098,0.00026319595053792,0.06862745098039216,0.0005155366379767656,0.0196078431372549,0.00038070729351602495,0.0196078431372549,0.00021765715791843832,0.058823529411764705,0.00045331596629694104,0.00980392156862745,6.161749479360878e-05,0.049019607843137254,0.0008694843854755163,0.06862745098039216,0.0024774663615971804,0.058823529411764705,0.0004547397547867149,0.0196078431372549,0.00020134018268436193,0.029411764705882353,0.0002593521203380078,0.00980392156862745,4.108091161469929e-05,0.0784313725490196,0.0007149381563067436,0.0392156862745098,0.0003104532661382109,0.058823529411764705,0.0006052703247405589,0.029411764705882353,0.00024645988014526665,0.058823529411764705,0.000610009883530438,4
5RDZ,4,0.85,4.774043464660645,-8,3.6244764526481017,0.0,0.0,0.0,85.50361583769633,11.773869481262922,104.18305555555553,11.99074074074074,0.4628199628199628,0.1111111111111111,0.0014912403421476483,0.0,0.0,0.037037037037037035,0.0005037829978391528,0.08333333333333333,0.0007485572132281959,0.0,0.0,0.009259259259259259,3.679493966046721e-05,0.0,0.0,0.1111111111111111,0.0008766699465923011,0.0,0.0,0.046296296296296294,0.00027448462788015604,0.09259259259259259,0.0007377927540801466,0.027777777777777776,0.00016465027874801308,0.0,0.0,0.1111111111111111,0.001264238846488297,0.046296296296296294,0.00027377239894121885,0.06481481481481481,0.0003987016389146447,0.14814814814814814,0.001784604275599122,0.009259259259259259,5.069174585514702e-05,0.037037037037037035,0.001337580382823944,0.06481481481481481,0.0005994910025037825,4
1JAM,4,0.97,8.411979866027835,3,4.05830956047553,0.0,0.0,0.0,96.16671841155237,1.8468255552329802,116.81969072164944,10.989690721649485,0.2623353513471693,0.061855670103092786,0.0005780358915217221,0.05154639175257732,0.0005527852918021381,0.020618556701030927,0.0002785005490295589,0.05154639175257732,0.0011525596491992474,0.020618556701030927,0.00018910398648586124,0.010309278350515464,4.556524072540924e-05,0.05154639175257732,0.00027351267635822296,0.07216494845360824,0.0004417985037434846,0.041237113402061855,0.0005972773651592433,0.061855670103092786,0.00048228222294710577,0.16494845360824742,0.001537476433441043,0.030927835051546393,0.0005164495669305325,0.061855670103092786,0.0005871602334082127,0.061855670103092786,0.0003931423416361213,0.041237113402061855,0.00028770053177140653,0.041237113402061855,0.0005106235039420426,0.010309278350515464,5.7271528930868953e-05,0.020618556701030927,0.0002494667423889041,0.07216494845360824,0.0004507686535362154,0.05154639175257732,0.0035012466832995415,4
5P07,4,0.97,4.1373899459838865,-14,3.6850270864240278,0.0,0.0,0.0,97.88970280452072,1.8217079889807162,108.4785046728972,12.19626168224299,0.4521574103913775,0.08411214953271028,0.0007789815426804125,0.0,0.0,0.04672897196261682,0.00022008166706655174,0.102803738317757,0.001940478221513331,0.0,0.0,0.0,0.0,0.009345794392523364,5.241388134891167e-05,0.11214953271028037,0.0023986962623894215,0.009345794392523364,3.736419239430688e-05,0.08411214953271028,0.0005390041042119265,0.11214953271028037,0.0009822056163102388,0.009345794392523364,8.026976865949109e-05,0.0,0.0,0.11214953271028037,0.0009136887965723872,0.028037383177570093,0.0001555196358822286,0.04672897196261682,0.0003280412347521633,0.11214953271028037,0.005155394785106182,0.028037383177570093,0.00016204194980673492,0.04672897196261682,0.0003898662398569286,0.056074766355140186,0.0003168587863910943,4
2PW5,4,0.93,9.464877510070803,8,3.92383985350542,0.0,0.0,0.0,91.90564297800339,3.514382235034458,112.75840425531914,11.03191489361702,0.17857362686965264,0.1276595744680851,0.0011241509346291423,0.05319148936170213,0.00048718307516537607,0.0425531914893617,0.0010082527296617627,0.06382978723404255,0.0010274690575897694,0.0,0.0,0.02127659574468085,0.0001241581339854747,0.0851063829787234,0.0006513955304399133,0.05319148936170213,0.00047531723976135254,0.010638297872340425,7.995466876309365e-05,0.0425531914893617,0.00038177883834578097,0.10638297872340426,0.00212706346064806,0.0851063829787234,0.0005378010682761669,0.031914893617021274,0.00027113495161756873,0.031914893617021274,0.000277246959740296,0.02127659574468085,0.0001315275876550004,0.010638297872340425,9.550627873977646e-05,0.07446808510638298,0.0007526904810220003,0.0,0.0,0.06382978723404255,0.0005940402043052018,0.07446808510638298,0.0013008721871301532,4
5DDV,4,0.95,5.650500679016113,-7,3.886004567104088,0.0,0.0,0.0,92.49164556962026,2.5600810047562423,108.88343137254898,11.490196078431373,0.2795957973633139,0.09803921568627451,0.0007916113245300949,0.0392156862745098,0.00039504162850789726,0.00980392156862745,9.562110062688589e-05,0.058823529411764705,0.0016540464712306857,0.00980392156862745,4.5158401917433366e-05,0.049019607843137254,0.0005893716006539762,0.0392156862745098,0.00017036589269991964,0.06862745098039216,0.0005802096566185355,0.049019607843137254,0.0022543752565979958,0.11764705882352941,0.001012603403069079,0.10784313725490197,0.0007969831931404769,0.049019607843137254,0.0003231000155210495,0.0,0.0,0.029411764705882353,0.00021728234423790127,0.029411764705882353,0.0007533239549957216,0.029411764705882353,0.00016804599727038294,0.049019607843137254,0.0009722248651087284,0.0,0.0,0.029411764705882353,0.00014645489864051342,0.13725490196078433,0.0013057611649855971,4
4ACO,4,0.73,5.81817569732666,-19,3.792292716563964,0.0,0.0,0.0,74.92010764944276,20.49304984156439,116.63566265060238,9.903614457831326,0.4034825433119339,0.04819277108433735,0.00020825490355491638,0.012048192771084338,7.271314825629815e-05,0.07228915662650602,0.0005349898710846901,0.04819277108433735,0.0011982895666733384,0.03614457831325301,0.0021064316388219595,0.03614457831325301,0.000742000003810972,0.0,0.0,0.012048192771084338,8.720267214812338e-05,0.0,0.0,0.07228915662650602,0.0014940486289560795,0.18072289156626506,0.0015195525484159589,0.12048192771084337,0.0007481114589609206,0.012048192771084338,6.291264435276389e-05,0.0963855421686747,0.0010302633745595813,0.08433734939759036,0.0009922554017975926,0.060240963855421686,0.00042430602479726076,0.024096385542168676,0.00018959214503411204,0.024096385542168676,0.00015224666276481003,0.03614457831325301,0.0002499200636520982,0.024096385542168676,0.00012589279504027218,4
5R3B,4,0.85,4.774043464660645,-8,3.6244764526481017,0.0,0.0,0.0,85.50343913612565,11.769145766998367,104.18305555555553,11.99074074074074,0.4628199628199628,0.1111111111111111,0.0014905339339748025,0.0,0.0,0.037037037037037035,0.0005016293725930154,0.08333333333333333,0.0007488210685551167,0.0,0.0,0.009259259259259259,3.679569999803789e-05,0.0,0.0,0.1111111111111111,0.0008764755330048501,0.0,0.0,0.046296296296296294,0.00027442158898338675,0.09259259259259259,0.0007385505014099181,0.027777777777777776,0.00016464368673041463,0.0,0.0,0.1111111111111111,0.0012639673659577966,0.046296296296296294,0.00027377079823054373,0.06481481481481481,0.00039831787580624223,0.14814814814814814,0.0017821958754211664,0.009259259259259259,5.0769343943102285e-05,0.037037037037037035,0.0013257949613034725,0.06481481481481481,0.000599255261477083,4
1DST,4,0.96,6.850996971130371,-1,3.81866979177838,0.0,0.0,0.0,94.97793043478262,2.1847760849492155,106.93161016949148,12.610169491525424,0.31287588846364134,0.0847457627118644,0.0007440440822392702,0.05084745762711865,0.0002668076485861093,0.0,0.0,0.0423728813559322,0.00047128755250014365,0.059322033898305086,0.0004985123523510993,0.03389830508474576,0.0001780688762664795,0.025423728813559324,0.00014639396977145225,0.11016949152542373,0.005988332908600569,0.05084745762711865,0.00029696684214286506,0.0423728813559322,0.0002692080452106893,0.16101694915254236,0.001307403901591897,0.00847457627118644,6.953918637009338e-05,0.01694915254237288,0.00015867962792981416,0.0,0.0,0.05084745762711865,0.0007641523843631148,0.06779661016949153,0.001074812957085669,0.00847457627118644,0.00010408193338662386,0.03389830508474576,0.00025372346863150597,0.025423728813559324,0.00023787672398611903,0.1271186440677966,0.0019400034798309207,4
2CG7,4,0.74,6.9063013076782225,0,3.9937863204943658,0.0,0.0,0.0,91.5977240398293,4.300987654320988,113.50759999999998,9.7,0.1854020618556701,0.02,0.0003957403532695025,0.04,0.0014630424557253718,0.04,0.0006531252874992788,0.08,0.0010723702143877745,0.1,0.001174895791336894,0.02,0.00021419773111119866,0.06,0.0006709893932566047,0.12,0.0010307460324838758,0.02,0.00036010731128044426,0.08,0.0024756635539233685,0.02,0.00013043406943324953,0.06,0.0008037976804189384,0.02,0.0004724552563857287,0.0,0.0,0.02,0.00026981544215232134,0.06,0.0008568978519178927,0.1,0.000860217958688736,0.06,0.0012779239332303405,0.06,0.0007025983650237322,0.02,9.57508382271044e-05,4
8ING,0,0.97,8.261381721496583,4,3.8817339801742583,0.0,0.0,0.0,93.51537944082405,3.5421408092648834,112.76500000000004,11.724489795918368,0.5996785137031314,0.09183673469387756,0.000602055573835969,0.04081632653061224,0.00037406058982014656,0.030612244897959183,0.000181363255251199,0.05102040816326531,0.0023856598418205976,0.0,0.0,0.05102040816326531,0.0010131346061825752,0.030612244897959183,0.00018424665904603899,0.061224489795918366,0.0005851294263266027,0.030612244897959183,0.0009475201950408518,0.08163265306122448,0.0007124745170585811,0.15306122448979592,0.0010419593891128898,0.0,0.0,0.02040816326530612,0.0001560717064421624,0.11224489795918367,0.0009316212963312864,0.01020408163265306,6.244137330213562e-05,0.07142857142857142,0.0004264084855094552,0.04081632653061224,0.000324506574543193,0.02040816326530612,0.00018663631635718048,0.02040816326530612,9.749666060088202e-05,0.08163265306122448,0.0007716949330642819,0
8EKO,0,0.88,8.71104869842529,2,3.8348109656711085,0.0,0.0,0.0,90.12751023751024,3.5837455679439527,112.48443298969069,9.793814432989691,0.13109061313076506,0.10309278350515463,0.0007675809320062399,0.030927835051546393,0.00021826963347848505,0.010309278350515464,7.993467443156987e-05,0.030927835051546393,0.00017522205598652363,0.0,0.0,0.020618556701030927,0.00012658804189413786,0.05154639175257732,0.00045776175102218986,0.061855670103092786,0.0005268679815344512,0.10309278350515463,0.0006784060969948769,0.09278350515463918,0.0012556269066408277,0.13402061855670103,0.0015340647660195827,0.13402061855670103,0.0006402269355021417,0.010309278350515464,8.426045678788796e-05,0.020618556701030927,0.00023953313939273357,0.020618556701030927,0.00010075861064251512,0.041237113402061855,0.00047132442705333233,0.030927835051546393,0.00027255143504589796,0.020618556701030927,0.00013695222151000053,0.010309278350515464,0.00010215882502961904,0.07216494845360824,0.0006757535156793892,0
4AVD,0,0.81,7.830861854553223,1,3.898356051677388,0.0,0.0,0.0,91.74253071253072,4.686694214876033,108.90924731182797,9.376344086021506,0.105060668836934,0.20430107526881722,0.0015938511351123452,0.021505376344086023,0.00011116523819509894,0.053763440860215055,0.00031568281701765954,0.07526881720430108,0.0005778750637546182,0.021505376344086023,0.0002252451959066093,0.03225806451612903,0.0003232885501347482,0.03225806451612903,0.0002521670248825103,0.053763440860215055,0.00034242504625581205,0.053763440860215055,0.00033503270242363214,0.043010752688172046,0.000393893220461905,0.08602150537634409,0.0007687777979299426,0.0967741935483871,0.0006864379392936826,0.0,0.0,0.053763440860215055,0.0006270555895753205,0.021505376344086023,0.00010376199497841299,0.03225806451612903,0.00015328019799198955,0.021505376344086023,0.00040423590689897537,0.010752688172043012,8.862385584507138e-05,0.043010752688172046,0.0005578366108238697,0.043010752688172046,0.0005994054372422397,0
2VKU,0,0.94,5.717059135437012,-16,4.042440654572067,0.0,0.0,0.0,93.10721424627276,4.112661755826592,112.80831683168314,10.881188118811881,0.38662510473067324,0.09900990099009901,0.0010076473699882627,0.0297029702970297,0.00016304841847158968,0.009900990099009901,5.559302735491656e-05,0.019801980198019802,8.942504064179957e-05,0.019801980198019802,0.0001381409529130906,0.019801980198019802,0.00017333273717667907,0.039603960396039604,0.00021758084767498076,0.04950495049504951,0.0008283000788651407,0.06930693069306931,0.0011606472544372082,0.0891089108910891,0.0005542632425203919,0.12871287128712872,0.0008571112994104624,0.039603960396039604,0.0001821529003791511,0.0594059405940594,0.0003966225776821375,0.07920792079207921,0.0005872687906958163,0.039603960396039604,0.0005946591263636947,0.06930693069306931,0.0008555491222068667,0.06930693069306931,0.003399856388568878,0.009900990099009901,6.554171704920009e-05,0.0297029702970297,0.00014721331535838544,0.0297029702970297,0.000343533291015774,0
4UGR,0,0.96,5.490157890319824,-13,4.118828973602992,0.0,0.0,0.0,96.06208206171584,2.0679643922318602,119.34408602150536,11.311827956989248,0.5048244000163539,0.07526881720430108,0.0004683629667852074,0.06451612903225806,0.0004121114907320589,0.08602150537634409,0.0008223222685046494,0.021505376344086023,0.00019230495672672987,0.010752688172043012,0.00012292037717998028,0.021505376344086023,0.0002869884774554521,0.043010752688172046,0.00021724725957028568,0.043010752688172046,0.00041297334246337414,0.021505376344086023,0.00021806567383464426,0.12903225806451613,0.002275932114571333,0.07526881720430108,0.0004611877375282347,0.03225806451612903,0.0001861475466284901,0.03225806451612903,0.000285935791907832,0.043010752688172046,0.0005053379572927952,0.03225806451612903,0.0006253953324630857,0.053763440860215055,0.00046348891919478774,0.053763440860215055,0.00032789577380754054,0.06451612903225806,0.00045179223525337875,0.06451612903225806,0.0004696492978837341,0.03225806451612903,0.00022380973678082228,0
7LS3,0,0.95,9.132929801940918,8,3.998339514236087,0.0,0.0,0.0,89.83076220308014,3.6703221527889047,112.98687499999996,10.958333333333334,0.45289725918884666,0.08333333333333333,0.0014645922929048538,0.020833333333333332,0.00011630253720795736,0.010416666666666666,0.00020938098896294832,0.010416666666666666,4.290512515581213e-05,0.010416666666666666,0.00010910697892541066,0.07291666666666667,0.0004829770477954298,0.052083333333333336,0.0005115478415973485,0.052083333333333336,0.00042462022975087166,0.020833333333333332,0.0003267221327405423,0.041666666666666664,0.00028839553124271333,0.13541666666666666,0.0009682148811407387,0.03125,0.00025002690381370485,0.03125,0.0001516189076937735,0.09375,0.0006441932637244463,0.041666666666666664,0.001128093688748777,0.07291666666666667,0.0006188593688420951,0.09375,0.001837954274378717,0.010416666666666666,0.0001804003113647923,0.052083333333333336,0.00032074295450001955,0.0625,0.0003354710934218019,0
1DP6,0,0.91,6.1356782913208,-3,4.010138894284606,0.0,0.0,0.0,89.97723282442747,3.3265019521006938,113.00966666666666,10.233333333333333,0.1576909156713717,0.044444444444444446,0.0005644335760734975,0.07777777777777778,0.0005608411738649011,0.022222222222222223,0.00020551368652377278,0.05555555555555555,0.0004130423185415566,0.0,0.0,0.022222222222222223,0.0001413840800523758,0.05555555555555555,0.00030964086181484163,0.1,0.0013213831698521972,0.05555555555555555,0.0003672642051242292,0.14444444444444443,0.0014941469999030232,0.06666666666666667,0.0007981255766935647,0.011111111111111112,9.986032091546804e-05,0.044444444444444446,0.0005987099721096456,0.05555555555555555,0.000815766048617661,0.05555555555555555,0.0002937272656708956,0.044444444444444446,0.00038720620796084404,0.06666666666666667,0.0005163218593224883,0.011111111111111112,6.870202923892066e-05,0.022222222222222223,0.00012596877058967948,0.044444444444444446,0.0009095842833630741,0
4XV4,0,0.96,5.095752143859862,-11,4.0136498545036545,0.0,0.0,0.0,95.38317439862543,2.296722979849379,109.75842105263159,11.37719298245614,0.2584033329275386,0.07017543859649122,0.0009704172261990607,0.02631578947368421,0.0006345237488858402,0.05263157894736842,0.00027369605959393084,0.03508771929824561,0.00016480599879287183,0.0,0.0,0.02631578947368421,0.00013816978025715798,0.043859649122807015,0.0002675522700883448,0.13157894736842105,0.0011146536562591791,0.017543859649122806,0.0003126645169686526,0.03508771929824561,0.00025335801183246076,0.11403508771929824,0.001256717718206346,0.043859649122807015,0.0002450905740261078,0.02631578947368421,0.00019714355585165322,0.10526315789473684,0.0007026217645034194,0.03508771929824561,0.0002812831080518663,0.06140350877192982,0.0005124681047163904,0.05263157894736842,0.00028564504464156926,0.02631578947368421,0.0010040397755801678,0.02631578947368421,0.0001408591924700886,0.07017543859649122,0.0011776364408433437,0
7L3Y,0,0.88,8.010148429870608,1,3.833515120113658,0.0,0.0,0.0,89.88895680521597,3.457842806544105,112.24659793814433,9.855670103092784,0.13444118535133504,0.10309278350515463,0.0007645506993867457,0.030927835051546393,0.00022348642232827842,0.010309278350515464,8.309831173392013e-05,0.030927835051546393,0.0001739034487400204,0.0,0.0,0.020618556701030927,0.00012590283586177975,0.061855670103092786,0.0008431985625065863,0.061855670103092786,0.0005231540999375284,0.10309278350515463,0.0006735074566677213,0.08247422680412371,0.0009151134290732443,0.13402061855670103,0.0015485065523535013,0.13402061855670103,0.0006434280658140779,0.010309278350515464,8.627505303593352e-05,0.030927835051546393,0.00030652937130071223,0.020618556701030927,0.00010117344936588779,0.041237113402061855,0.0004894891171716154,0.030927835051546393,0.00027079114806838334,0.010309278350515464,7.571198511868715e-05,0.010309278350515464,0.00010821372416103259,0.07216494845360824,0.0006809818441979587,0
7V46,0,0.94,4.831962394714354,-24,4.00162180759371,0.0,0.0,0.0,90.58960964408726,4.155618285123968,107.31836538461529,11.490384615384615,0.561128097843579,0.11538461538461539,0.001044764998368919,0.028846153846153848,0.00014323825598694384,0.038461538461538464,0.00021288635616656393,0.028846153846153848,0.00026688826619647443,0.009615384615384616,0.00011963697033934295,0.038461538461538464,0.00026334699941799045,0.019230769230769232,7.915629248600453e-05,0.09615384615384616,0.0008322297362610698,0.057692307692307696,0.0004609460011124611,0.0673076923076923,0.0004620724939741194,0.1346153846153846,0.0007278178236447275,0.019230769230769232,0.00023332939599640667,0.019230769230769232,0.00012190002598799765,0.0673076923076923,0.0007542113307863474,0.057692307692307696,0.0006031204829923809,0.038461538461538464,0.00034573845914565027,0.0673076923076923,0.0009231113363057375,0.009615384615384616,4.445287413545884e-05,0.019230769230769232,0.0001034125525620766,0.0673076923076923,0.0014470770256593823,0
3OZU,0,0.94,5.482598304748534,-13,4.017377782959264,0.0,0.0,0.0,91.93079505859994,3.350693003466557,108.30765957446806,10.808510638297872,0.3536396381303401,0.09574468085106383,0.0005042137927375734,0.02127659574468085,0.00016271253116428852,0.031914893617021274,0.0003196978068444878,0.010638297872340425,0.0001700252469163388,0.010638297872340425,0.00012015293759759516,0.05319148936170213,0.0005197778809815645,0.031914893617021274,0.00043503992492333055,0.0851063829787234,0.0009490536758676171,0.0425531914893617,0.00028099463088437915,0.0851063829787234,0.0005190201918594539,0.07446808510638298,0.0004503604141063988,0.031914893617021274,0.0003050280502066016,0.031914893617021274,0.00016871186380740255,0.06382978723404255,0.0009090531966648996,0.06382978723404255,0.0005390815204009414,0.09574468085106383,0.0007558258366771042,0.02127659574468085,0.00019166129641234875,0.0,0.0,0.05319148936170213,0.0006518129957839847,0.09574468085106383,0.0008889855816960335,0
3O89,0,0.83,8.709565925598145,2,3.841790866784047,0.0,0.0,0.0,87.58003278688524,4.535849459609552,112.39257731958762,9.721649484536082,0.12891517530146165,0.10309278350515463,0.000762800220400095,0.030927835051546393,0.00021873577497899532,0.010309278350515464,7.871330308262259e-05,0.030927835051546393,0.00017445188132114708,0.0,0.0,0.020618556701030927,0.00012661382788792253,0.05154639175257732,0.0004540329391602427,0.05154639175257732,0.0004027682589367032,0.08247422680412371,0.0004983479739166796,0.09278350515463918,0.0012376562226563692,0.14432989690721648,0.0016512591391801834,0.13402061855670103,0.0006418256089091301,0.010309278350515464,8.308033284265548e-05,0.041237113402061855,0.00035062400274910033,0.020618556701030927,0.00010220552212558687,0.041237113402061855,0.0004565782146528363,0.041237113402061855,0.0003912098181899637,0.010309278350515464,7.608770101796836e-05,0.010309278350515464,0.0001036212925100699,0.07216494845360824,0.0006646476103924215,0
1BEM,0,0.96,5.026920127868652,-12,4.025767139788864,0.0,0.0,0.0,96.16362899786782,2.074527934247352,110.27053571428569,11.375,0.2620612805561785,0.07142857142857142,0.0009800400584936142,0.026785714285714284,0.0006537445588037372,0.044642857142857144,0.00023326047812588513,0.044642857142857144,0.00021693170128855854,0.0,0.0,0.03571428571428571,0.00017858263163361698,0.03571428571428571,0.00023599606356583536,0.125,0.0010940086795017123,0.017857142857142856,0.0003187574620824307,0.03571428571428571,0.0002549583150539547,0.11607142857142858,0.0012740830425173044,0.044642857142857144,0.0002504383446648717,0.026785714285714284,0.00020314191351644695,0.10714285714285714,0.0007164781563915312,0.044642857142857144,0.00032269913936033845,0.0625,0.0005144371534697711,0.03571428571428571,0.00022118484776001424,0.026785714285714284,0.0009726146818138659,0.026785714285714284,0.00014233098772820085,0.07142857142857142,0.0012009666534140706,0
2EUU,0,0.96,5.178452873229979,-10,4.010000687267129,0.0,0.0,0.0,95.71017343485616,2.195020593271322,109.81374999999996,11.428571428571429,0.26503208705357145,0.07142857142857142,0.0009787323651835322,0.026785714285714284,0.000620138889644295,0.0625,0.0003154208534397185,0.03571428571428571,0.00016797998978290707,0.0,0.0,0.026785714285714284,0.0001380675530526787,0.044642857142857144,0.0002777726040221751,0.13392857142857142,0.001123732654377818,0.017857142857142856,0.0003223351377528161,0.026785714285714284,0.00022431030811276287,0.10714285714285714,0.0012486340710893273,0.044642857142857144,0.0002518590190447867,0.026785714285714284,0.0002010322641581297,0.10714285714285714,0.0007217052043415606,0.03571428571428571,0.0002789601858239621,0.0625,0.0005300699849613011,0.044642857142857144,0.00025505907251499593,0.026785714285714284,0.0011244300985708833,0.026785714285714284,0.00014271428517531604,0.07142857142857142,0.0011246976209804416,0
5UFG,0,0.94,8.970533943176271,7,3.890180723250714,0.0,0.0,0.0,92.92011160134959,4.021503160087564,110.59249999999996,11.3,0.5169026548672566,0.05,0.0005355658358894289,0.05,0.0003021066659130156,0.01,4.135225390200503e-05,0.01,0.00011313483992125839,0.02,0.000220518559217453,0.03,0.0001947492710314691,0.05,0.0004604803689289838,0.09,0.0008407652494497597,0.01,4.381007966003381e-05,0.12,0.0007099678623490036,0.13,0.0012094693956896663,0.03,0.00018230811110697687,0.01,8.162383164744824e-05,0.1,0.000774025684222579,0.05,0.00040537904715165496,0.07,0.0005581523291766644,0.09,0.0014398759230971336,0.0,0.0,0.03,0.00016597157809883356,0.05,0.0004071936127729714,0
2IIZ,0,0.95,5.054714393615721,-19,4.130419405524383,0.0,0.0,0.0,94.85056393963463,2.5612487672583826,111.90184210526316,11.710526315789474,0.4919705631118996,0.08771929824561403,0.0005368802230805159,0.05263157894736842,0.0004980433732271194,0.02631578947368421,0.0001457939069950953,0.03508771929824561,0.00017027294961735606,0.02631578947368421,0.00021992686379235238,0.03508771929824561,0.0005386392585933208,0.07894736842105263,0.0004011595156043768,0.07894736842105263,0.0005413165781646967,0.03508771929824561,0.0005519143305718899,0.05263157894736842,0.0038586969021707773,0.08771929824561403,0.0006088258232921362,0.02631578947368421,0.00016199260426219553,0.03508771929824561,0.00034318293910473585,0.07894736842105263,0.0008472621557302773,0.06140350877192982,0.00032968955929391086,0.05263157894736842,0.001395021565258503,0.03508771929824561,0.0004442325443960726,0.0,0.0,0.043859649122807015,0.0003463455941528082,0.07017543859649122,0.0008158493437804282,0
1YRD,0,0.97,5.235689735412596,-17,4.011387305423291,0.0,0.0,0.0,94.14747098350642,2.8169741417535996,111.64173469387751,11.571428571428571,0.5336716697260915,0.030612244897959183,0.00031759109697304666,0.05102040816326531,0.0003097241569776088,0.01020408163265306,0.0001900568458950147,0.030612244897959183,0.0004242094582878053,0.02040816326530612,0.00014351107529364526,0.05102040816326531,0.00037409531068988144,0.04081632653061224,0.00019332798547111452,0.10204081632653061,0.0009113356936722994,0.05102040816326531,0.0002708690008148551,0.04081632653061224,0.00034583223168738186,0.16326530612244897,0.001353336265310645,0.02040816326530612,0.00011949856707360595,0.030612244897959183,0.0002487049496266991,0.07142857142857142,0.0006576421437785029,0.04081632653061224,0.00024776419741101563,0.061224489795918366,0.0006533777341246605,0.07142857142857142,0.0011361350771039724,0.01020408163265306,4.790791354025714e-05,0.02040816326530612,9.279188816435635e-05,0.08163265306122448,0.0016829558880999684,0
3VOO,0,0.98,6.722768211364747,-2,3.927013104135537,0.0,0.0,0.0,96.4017834987593,1.7780674800330818,113.82458333333325,11.520833333333334,0.45147679324894513,0.08333333333333333,0.0005202176398597658,0.0625,0.0005007846630178392,0.020833333333333332,0.00014439027290791273,0.020833333333333332,0.0001305742043768987,0.010416666666666666,0.00016055471496656537,0.041666666666666664,0.0004097750934306532,0.041666666666666664,0.0005005472921766341,0.0625,0.0004746622871607542,0.03125,0.00016520969802513719,0.0625,0.0005890543106943369,0.13541666666666666,0.0008660422172397375,0.010416666666666666,4.093559618922882e-05,0.03125,0.000151097250636667,0.07291666666666667,0.0007948577986098826,0.07291666666666667,0.0009514390840195119,0.0,0.0,0.041666666666666664,0.00032517194631509483,0.010416666666666666,7.33793931431137e-05,0.052083333333333336,0.00037099746987223625,0.13541666666666666,0.000991137232631445,0
1LT0,0,0.91,6.1356782913208,-3,4.010138894284606,0.0,0.0,0.0,89.97723282442747,3.3265019521006938,113.00966666666666,10.233333333333333,0.1576909156713717,0.044444444444444446,0.0005644335760734975,0.07777777777777778,0.0005608411738649011,0.022222222222222223,0.00020551368652377278,0.05555555555555555,0.0004130423185415566,0.0,0.0,0.022222222222222223,0.0001413840800523758,0.05555555555555555,0.00030964086181484163,0.1,0.0013213831698521972,0.05555555555555555,0.0003672642051242292,0.14444444444444443,0.0014941469999030232,0.06666666666666667,0.0007981255766935647,0.011111111111111112,9.986032091546804e-05,0.044444444444444446,0.0005987099721096456,0.05555555555555555,0.000815766048617661,0.05555555555555555,0.0002937272656708956,0.044444444444444446,0.00038720620796084404,0.06666666666666667,0.0005163218593224883,0.011111111111111112,6.870202923892066e-05,0.022222222222222223,0.00012596877058967948,0.044444444444444446,0.0009095842833630741,0
6ATJ,0,0.98,6.35189380645752,-1,3.945909030153985,0.0,0.0,0.0,97.37174496644295,1.5271820711755777,106.69045045045041,11.252252252252251,0.2903800517891791,0.13513513513513514,0.0010380070889368653,0.036036036036036036,0.0016775194089859724,0.06306306306306306,0.00033527467167004943,0.08108108108108109,0.00047747805365361273,0.018018018018018018,0.00017412399756722152,0.02702702702702703,0.00016435232828371227,0.018018018018018018,8.18443950265646e-05,0.07207207207207207,0.0006942368927411735,0.02702702702702703,0.000651035807095468,0.07207207207207207,0.000515404564794153,0.10810810810810811,0.0013384377816691995,0.018018018018018018,0.00010866890079341829,0.018018018018018018,0.0001754403638187796,0.09009009009009009,0.0011677414877340198,0.036036036036036036,0.0002010904863709584,0.07207207207207207,0.0005980759160593152,0.036036036036036036,0.00023288918600883335,0.0,0.0,0.009009009009009009,4.171273758402094e-05,0.06306306306306306,0.0003601596981752664,0
3ABA,0,0.96,5.209827995300292,-19,3.949834757961857,0.0,0.0,0.0,91.79824640000001,3.2068690774526045,110.19472527472523,10.89010989010989,0.4031447865958461,0.0989010989010989,0.0012077890569344163,0.04395604395604396,0.00026186794275417924,0.01098901098901099,6.571713311132044e-05,0.03296703296703297,0.00034729408798739314,0.02197802197802198,0.0003416584222577512,0.054945054945054944,0.0004488578997552395,0.054945054945054944,0.0002703108766581863,0.10989010989010989,0.0010031858691945672,0.07692307692307693,0.0004909113049507141,0.06593406593406594,0.0006827593315392733,0.13186813186813187,0.000966787978541106,0.0,0.0,0.04395604395604396,0.00037697594962082803,0.054945054945054944,0.0006438824930228293,0.01098901098901099,8.470876491628587e-05,0.02197802197802198,0.00010758618009276688,0.054945054945054944,0.001610774314031005,0.01098901098901099,4.3948017264483497e-05,0.02197802197802198,0.00019128136045765132,0.07692307692307693,0.0004723985039163381,0
2MGA,0,0.87,9.003928565979006,3,3.8371700839331897,0.0,0.0,0.0,89.53736669401148,3.743869117895092,111.11268041237113,9.927835051546392,0.13742492854160646,0.10309278350515463,0.0007796748541295528,0.030927835051546393,0.00022021662152837962,0.010309278350515464,8.140005229506642e-05,0.030927835051546393,0.00017253425903618336,0.0,0.0,0.020618556701030927,0.00012430877541191876,0.05154639175257732,0.0004678652039729059,0.07216494845360824,0.0006116596632637084,0.07216494845360824,0.00042347333510406315,0.09278350515463918,0.001256932970136404,0.14432989690721648,0.0017138066468760371,0.13402061855670103,0.0006554516148753464,0.010309278350515464,8.526545570930466e-05,0.041237113402061855,0.00035696179838851094,0.020618556701030927,0.00010138996003661305,0.041237113402061855,0.0004802373005077243,0.030927835051546393,0.00028683841810561717,0.010309278350515464,7.63878197176382e-05,0.010309278350515464,0.00010638352978276089,0.07216494845360824,0.0007099519134499133,0
5EJX,0,0.96,5.101038169860838,-11,4.018125959586397,0.0,0.0,0.0,96.09904080774085,2.081456800407238,110.85937499999999,11.5,0.2640583407275954,0.07142857142857142,0.0009846823522821069,0.026785714285714284,0.0006238433416001499,0.0625,0.00031635636696591973,0.03571428571428571,0.0001688715274212882,0.0,0.0,0.026785714285714284,0.0001379377645207569,0.044642857142857144,0.0002774807799141854,0.125,0.0010914916638284922,0.017857142857142856,0.0003279973170720041,0.017857142857142856,9.958319424185902e-05,0.10714285714285714,0.0012431635987013578,0.044642857142857144,0.0002524302981328219,0.026785714285714284,0.00020301601034589112,0.10714285714285714,0.0007267661276273429,0.03571428571428571,0.0002804065006785095,0.0625,0.0005292554851621389,0.05357142857142857,0.00038078174111433327,0.03571428571428571,0.00117512047290802,0.026785714285714284,0.00014255651331041008,0.07142857142857142,0.0011106316233053803,0
2AQD,0,0.96,5.178452873229979,-10,4.010000687267129,0.0,0.0,0.0,95.71017343485616,2.195020593271322,109.81374999999996,11.428571428571429,0.26503208705357145,0.07142857142857142,0.0009787323651835322,0.026785714285714284,0.000620138889644295,0.0625,0.0003154208534397185,0.03571428571428571,0.00016797998978290707,0.0,0.0,0.026785714285714284,0.0001380675530526787,0.044642857142857144,0.0002777726040221751,0.13392857142857142,0.001123732654377818,0.017857142857142856,0.0003223351377528161,0.026785714285714284,0.00022431030811276287,0.10714285714285714,0.0012486340710893273,0.044642857142857144,0.0002518590190447867,0.026785714285714284,0.0002010322641581297,0.10714285714285714,0.0007217052043415606,0.03571428571428571,0.0002789601858239621,0.0625,0.0005300699849613011,0.044642857142857144,0.00025505907251499593,0.026785714285714284,0.0011244300985708833,0.026785714285714284,0.00014271428517531604,0.07142857142857142,0.0011246976209804416,0
1VXF,0,0.86,8.709565925598145,2,3.835038062329886,0.0,0.0,0.0,89.41110928512737,4.0310222563971125,111.93835051546391,9.814432989690722,0.13188729099887378,0.10309278350515463,0.0007720589055679739,0.030927835051546393,0.0002202758623752743,0.010309278350515464,7.89559562690556e-05,0.030927835051546393,0.00017440614465158433,0.0,0.0,0.020618556701030927,0.00012568692909553647,0.05154639175257732,0.0004598360974341631,0.061855670103092786,0.0005249737296253443,0.08247422680412371,0.000508179422467947,0.09278350515463918,0.0012676181504502892,0.14432989690721648,0.0016769133508205414,0.13402061855670103,0.0006453435053117573,0.010309278350515464,8.287553646368906e-05,0.041237113402061855,0.00035286066122353077,0.020618556701030927,0.00010271767678204924,0.041237113402061855,0.000471172301331535,0.030927835051546393,0.0002799633948598057,0.010309278350515464,7.467031537089497e-05,0.010309278350515464,0.00010488850239198655,0.07216494845360824,0.0006964516942389309,0
5M0N,0,0.96,6.0966299057006825,-7,3.996414746323388,0.0,0.0,0.0,94.58211876621505,2.7292427286225878,114.38541666666669,11.010416666666666,0.4506563386944182,0.041666666666666664,0.0004111771413590759,0.0625,0.000592544733081013,0.03125,0.00022060178162064403,0.052083333333333336,0.0002877847873605788,0.010416666666666666,0.00017993336950894445,0.020833333333333332,0.000441910931840539,0.020833333333333332,0.00018866655591409653,0.09375,0.0006637621554546058,0.020833333333333332,0.0001334857224719599,0.125,0.0009673396707512438,0.08333333333333333,0.000559728592634201,0.0,0.0,0.041666666666666664,0.00024176022270694375,0.08333333333333333,0.0007719544810242951,0.07291666666666667,0.0008454741328023374,0.03125,0.0001606952864676714,0.0625,0.00039698000182397664,0.010416666666666666,7.132821338018402e-05,0.07291666666666667,0.00041224269079975784,0.0625,0.000600408879108727,0
7UF9,0,0.93,8.598293495178225,5,3.987261621720034,0.0,0.0,0.0,91.78153355447817,4.897394263162555,115.91272727272727,10.613636363636363,0.5072148140938291,0.045454545454545456,0.0008461061515845358,0.06818181818181818,0.00048474996583536267,0.03409090909090909,0.00022730574710294604,0.011363636363636364,6.274064799072221e-05,0.022727272727272728,0.00021683996601495892,0.022727272727272728,0.00012905136100016534,0.03409090909090909,0.00029521004762500525,0.056818181818181816,0.0006342832348309457,0.011363636363636364,4.588210504152812e-05,0.11363636363636363,0.0009356561931781471,0.10227272727272728,0.000808087585028261,0.03409090909090909,0.00014871201710775495,0.056818181818181816,0.00047062226803973317,0.125,0.0009852125076577067,0.045454545454545456,0.00043398188427090645,0.09090909090909091,0.0006764628924429417,0.045454545454545456,0.0010076382895931602,0.0,0.0,0.045454545454545456,0.0003183702938258648,0.03409090909090909,0.00028115094755776227,0
5IQX,0,0.94,4.2374265670776365,-12,3.753083022692038,0.0,0.0,0.0,93.86959367945825,2.5953686200378074,104.98471698113204,11.518867924528301,0.22015669185480508,0.10377358490566038,0.0013166688149794936,0.0,0.0,0.02830188679245283,0.0001427311945008114,0.09433962264150944,0.0005563369486480951,0.0,0.0,0.03773584905660377,0.0003189655835740268,0.009433962264150943,6.393020157702267e-05,0.1320754716981132,0.0009507592185400426,0.02830188679245283,0.0001606478326721117,0.05660377358490566,0.0013125404948368669,0.12264150943396226,0.001360726892016828,0.02830188679245283,0.00021311728050932288,0.009433962264150943,0.00011271286348346621,0.03773584905660377,0.0005493373028002679,0.0,0.0,0.12264150943396226,0.0011116748210042715,0.04716981132075472,0.00022440591419581324,0.018867924528301886,0.00012733860057778656,0.0660377358490566,0.00046411220682784915,0.05660377358490566,0.0007594326161779463,0
5WK9,0,0.95,5.175667762756347,-18,4.015106978653907,0.0,0.0,0.0,91.72865038167937,3.640479605167658,110.77326530612244,11.571428571428571,0.5306662347478674,0.04081632653061224,0.00040572407306171954,0.04081632653061224,0.00023073785996530205,0.01020408163265306,0.00018773757619783282,0.030612244897959183,0.00040792342042550445,0.02040816326530612,0.00014634442050009966,0.05102040816326531,0.0003781109699048102,0.04081632653061224,0.0001939194044098258,0.10204081632653061,0.0009116429137066007,0.05102040816326531,0.0002730003325268626,0.04081632653061224,0.0003452447126619518,0.16326530612244897,0.0013639555545523763,0.02040816326530612,0.00011782002547988668,0.030612244897959183,0.00024943609605543315,0.07142857142857142,0.000664557097479701,0.04081632653061224,0.0002488326281309128,0.061224489795918366,0.000660510384477675,0.07142857142857142,0.0011328149121254683,0.01020408163265306,4.8245401558233425e-05,0.02040816326530612,9.175355808110908e-05,0.08163265306122448,0.0016895767766982317,0
4NVF,0,0.96,5.095752143859862,-11,4.0136498545036545,0.0,0.0,0.0,95.38317439862543,2.296722979849379,109.75842105263159,11.37719298245614,0.2584033329275386,0.07017543859649122,0.0009704172261990607,0.02631578947368421,0.0006345237488858402,0.05263157894736842,0.00027369605959393084,0.03508771929824561,0.00016480599879287183,0.0,0.0,0.02631578947368421,0.00013816978025715798,0.043859649122807015,0.0002675522700883448,0.13157894736842105,0.0011146536562591791,0.017543859649122806,0.0003126645169686526,0.03508771929824561,0.00025335801183246076,0.11403508771929824,0.001256717718206346,0.043859649122807015,0.0002450905740261078,0.02631578947368421,0.00019714355585165322,0.10526315789473684,0.0007026217645034194,0.03508771929824561,0.0002812831080518663,0.06140350877192982,0.0005124681047163904,0.05263157894736842,0.00028564504464156926,0.02631578947368421,0.0010040397755801678,0.02631578947368421,0.0001408591924700886,0.07017543859649122,0.0011776364408433437,0
6T0K,0,0.94,5.41308422088623,-18,3.9769063651060303,0.0,0.0,0.0,92.08076074332172,4.206647113224997,111.67289999999996,11.68,0.48121575342465756,0.07,0.0008456346113234758,0.07,0.0005024986458010972,0.05,0.0005792973679490387,0.01,4.1117906221188605e-05,0.02,0.0001773713156580925,0.01,7.279987039510161e-05,0.04,0.0005153141100890934,0.1,0.0009257195051759481,0.04,0.00040603234083391726,0.11,0.0009208523551933467,0.13,0.0007909605628810823,0.01,5.96263307670597e-05,0.01,8.169052307493985e-05,0.05,0.0004211626073811203,0.03,0.0009613749571144581,0.04,0.0003673027385957539,0.06,0.0019521546782925725,0.04,0.00020951605984009802,0.02,0.00019014837744180113,0.09,0.0012476296396926045,0
3X34,0,0.9,5.269395256042479,-7,3.9553263298599237,0.0,0.0,0.0,89.67312252964426,4.187052965142598,115.72975,9.275,0.1586590296495957,0.05,0.000524018076248467,0.0375,0.0002577655832283199,0.0375,0.0002506913151592016,0.0625,0.0007277776021510363,0.0,0.0,0.025,0.00023001249064691365,0.1375,0.0008224649354815483,0.075,0.0006421352736651897,0.075,0.0006615649908781052,0.0625,0.001495984150096774,0.1,0.002409373875707388,0.0875,0.0008251481922343373,0.0,0.0,0.0375,0.0004569115990307182,0.0125,5.1354589231777936e-05,0.0375,0.00035408433177508414,0.0625,0.0006424711900763214,0.0125,0.0004044825618620962,0.0375,0.001831489964388311,0.05,0.0009192615980282426,0
1OFK,0,0.84,9.00418643951416,3,3.8138496342114863,0.0,0.0,0.0,86.21416530278232,4.809765559116208,111.5876288659794,9.88659793814433,0.13498812121733333,0.10309278350515463,0.0007691226783208549,0.030927835051546393,0.00022241787519305944,0.010309278350515464,8.193644316634163e-05,0.030927835051546393,0.00017242955800611526,0.0,0.0,0.020618556701030927,0.00012457900447770953,0.05154639175257732,0.0004694735398516059,0.061855670103092786,0.0005236105062067509,0.08247422680412371,0.0004656067176256329,0.09278350515463918,0.0012903250753879547,0.15463917525773196,0.001769527792930603,0.13402061855670103,0.000645835476461798,0.010309278350515464,8.517422247678041e-05,0.030927835051546393,0.00030939176212996244,0.020618556701030927,0.00010042676149168983,0.041237113402061855,0.0004887768882326782,0.030927835051546393,0.00028031051624566317,0.010309278350515464,7.505762187065557e-05,0.010309278350515464,0.00011164999159518629,0.07216494845360824,0.0007015281007625163,0
5W58,0,0.95,6.858954429626464,-2,4.054927836055424,0.0,0.0,0.0,93.12923482293422,4.7624153652824255,114.23644859813085,11.149532710280374,0.5549506075158048,0.07476635514018691,0.0006569222896359861,0.037383177570093455,0.00016348782810382545,0.037383177570093455,0.0003451851662248373,0.018691588785046728,8.564593736082315e-05,0.0,0.0,0.037383177570093455,0.0003547633532434702,0.037383177570093455,0.0002574694808572531,0.07476635514018691,0.0004984106053598225,0.06542056074766354,0.0006326755974441767,0.056074766355140186,0.0003215592878405005,0.12149532710280374,0.0008656717254780233,0.028037383177570093,0.00016517227049916983,0.037383177570093455,0.00020325880905147642,0.102803738317757,0.0011104033328592777,0.028037383177570093,0.00015190128760877997,0.056074766355140186,0.00040598036139272153,0.07476635514018691,0.0008187978528439999,0.009345794392523364,0.00013553074677474797,0.04672897196261682,0.0007383564370684326,0.056074766355140186,0.0003950085665564984,0
2AL0,0,0.89,6.083556938171386,-2,4.021012304260086,0.0,0.0,0.0,91.63420269312546,3.6539197530864196,115.45962616822425,11.467289719626168,0.26812604254735733,0.04672897196261682,0.0003451984957791865,0.018691588785046728,0.00010164254490518942,0.028037383177570093,0.00014652631944045424,0.056074766355140186,0.0002973836672026664,0.028037383177570093,0.00022449009702540934,0.028037383177570093,0.00015725028060842305,0.037383177570093455,0.00024668563855811954,0.04672897196261682,0.00027501650038175285,0.037383177570093455,0.00040739309042692184,0.028037383177570093,0.00033805769635364413,0.102803738317757,0.0010832117404788733,0.09345794392523364,0.00046678405487909913,0.0,0.0,0.056074766355140186,0.0004792742256540805,0.028037383177570093,0.0001963197864824906,0.08411214953271028,0.0006369536276906729,0.09345794392523364,0.0009222088265232742,0.009345794392523364,0.00013650342589244246,0.102803738317757,0.0008937479578889906,0.07476635514018691,0.0008243367774412036,0
2C7X,0,0.95,5.8399450302124025,-12,3.913618927368849,0.0,0.0,0.0,89.5351282051282,6.130867035603064,110.15092783505155,11.144329896907216,0.5316764736736699,0.12371134020618557,0.0013214562786743045,0.061855670103092786,0.00042931659845635295,0.030927835051546393,0.0002456577494740486,0.020618556701030927,0.00010869498510146514,0.010309278350515464,0.00012027492630295455,0.0,0.0,0.061855670103092786,0.0006428170017898083,0.08247422680412371,0.0007257928373292089,0.05154639175257732,0.00036367549910210073,0.05154639175257732,0.0004971630987711251,0.12371134020618557,0.0009734488558024168,0.010309278350515464,4.979487130185589e-05,0.030927835051546393,0.0003574875881895423,0.041237113402061855,0.00038957150536589324,0.061855670103092786,0.0005914201028645039,0.010309278350515464,0.00029411641298793256,0.05154639175257732,0.0006303635891526937,0.010309278350515464,4.398067540023476e-05,0.05154639175257732,0.00028638786170631647,0.1134020618556701,0.002073128242045641,0
7NQN,0,0.95,6.211956214904785,-3,3.8005206438545738,0.0,0.0,0.0,93.86232435981616,2.745731302928273,109.72447916666664,10.822916666666666,0.5226379531600899,0.10416666666666667,0.0009237971971742809,0.10416666666666667,0.0006895304541103542,0.041666666666666664,0.00023263956245500594,0.020833333333333332,0.00014607695629820228,0.010416666666666666,0.00012682718806900084,0.010416666666666666,0.0001325953780906275,0.020833333333333332,0.0001042964868247509,0.08333333333333333,0.0009215120226144791,0.041666666666666664,0.0002361927181482315,0.052083333333333336,0.0005088239558972418,0.14583333333333334,0.000948300410527736,0.0,0.0,0.03125,0.0001472276053391397,0.09375,0.0010426212102174759,0.041666666666666664,0.00021803223353344947,0.0625,0.0017342357896268368,0.0625,0.000575399724766612,0.0,0.0,0.0,0.0,0.07291666666666667,0.0004264859016984701,0
8CCR,0,0.46,6.490410423278808,-1,3.449258875785799,0.0,0.0,0.0,67.46387133182844,11.265066964285714,116.45924999999997,10.3,0.14082220873786408,0.15,0.0027604508213698864,0.1,0.0008141986909322441,0.0,0.0,0.0125,0.00011858491780003533,0.0,0.0,0.1,0.0010054142912849784,0.15,0.001240098150447011,0.05,0.0005924984579905868,0.05,0.0005768141709268093,0.0,0.0,0.15,0.001238680211827159,0.05,0.0003156099992338568,0.05,0.0002552881487645209,0.0,0.0,0.0,0.0,0.0,0.0,0.0375,0.00034188030986115336,0.0,0.0,0.05,0.0010823030024766922,0.05,0.0015233312733471394,0
1MLO,0,0.87,9.00418643951416,3,3.8293860367029113,0.0,0.0,0.0,89.02707993474715,3.8851745656940455,112.08298969072166,9.907216494845361,0.13690635828228756,0.10309278350515463,0.0007701111608184874,0.030927835051546393,0.00022156616614665836,0.010309278350515464,8.145388710545376e-05,0.030927835051546393,0.00017329225374851376,0.0,0.0,0.020618556701030927,0.0001246031461050734,0.05154639175257732,0.0004698651027865708,0.061855670103092786,0.0005221643950790167,0.08247422680412371,0.0005047693266533315,0.10309278350515463,0.0015400393167510629,0.14432989690721648,0.001674329861998558,0.13402061855670103,0.0006485545891337097,0.010309278350515464,8.502462151227519e-05,0.041237113402061855,0.00035377629683353007,0.020618556701030927,0.00010113183088833466,0.041237113402061855,0.00048603714094497263,0.030927835051546393,0.00027621572371572256,0.010309278350515464,7.545819971710443e-05,0.010309278350515464,0.00010785316408146173,0.061855670103092786,0.0004331647069193423,0
4UG6,0,0.96,5.490157890319824,-13,4.118828973602992,0.0,0.0,0.0,96.0518073923364,2.069506484833307,119.34408602150536,11.311827956989248,0.5048244000163539,0.07526881720430108,0.00046828779159113765,0.06451612903225806,0.0004120448138564825,0.08602150537634409,0.0008225023047998548,0.021505376344086023,0.0001922793744597584,0.010752688172043012,0.00012290476297494024,0.021505376344086023,0.00028690608451142907,0.043010752688172046,0.00021727016428485513,0.043010752688172046,0.00041311586392112076,0.021505376344086023,0.0002180795418098569,0.12903225806451613,0.00227606319822371,0.07526881720430108,0.0004611797339748591,0.03225806451612903,0.00018612248823046684,0.03225806451612903,0.00028593273600563407,0.043010752688172046,0.0005055174697190523,0.03225806451612903,0.0006255090120248497,0.053763440860215055,0.0004634434590116143,0.053763440860215055,0.0003279199590906501,0.06451612903225806,0.00045167101779952645,0.06451612903225806,0.00046975098666734993,0.03225806451612903,0.00022384044132195413,0
8DJU,0,0.96,5.5454622268676745,-7,4.011581149334562,0.0,0.0,0.0,95.76209266007288,1.9978096,108.20213675213674,11.316239316239317,0.22830970640638315,0.10256410256410256,0.0011401254450902343,0.02564102564102564,0.00042794834007509053,0.017094017094017096,8.793004235485569e-05,0.06837606837606838,0.0003315155045129359,0.017094017094017096,8.677031291881576e-05,0.03418803418803419,0.000231769256060943,0.03418803418803419,0.00020681461319327354,0.11965811965811966,0.0010455313604325056,0.03418803418803419,0.0005197824793867767,0.02564102564102564,0.0001636412343941629,0.1452991452991453,0.0016104840906336904,0.02564102564102564,0.0001760045561240986,0.02564102564102564,0.00023045726993586868,0.07692307692307693,0.00041256839176639915,0.05128205128205128,0.0003701396635733545,0.042735042735042736,0.00044631329365074635,0.03418803418803419,0.0002115587267326191,0.017094017094017096,0.001237518503330648,0.03418803418803419,0.0002352040319237858,0.06837606837606838,0.0004857996536884457,0
1JPB,0,0.86,8.709565925598145,2,3.835038062329886,0.0,0.0,0.0,89.41110928512737,4.0310222563971125,111.93835051546391,9.814432989690722,0.13188729099887378,0.10309278350515463,0.0007720589055679739,0.030927835051546393,0.0002202758623752743,0.010309278350515464,7.89559562690556e-05,0.030927835051546393,0.00017440614465158433,0.0,0.0,0.020618556701030927,0.00012568692909553647,0.05154639175257732,0.0004598360974341631,0.061855670103092786,0.0005249737296253443,0.08247422680412371,0.000508179422467947,0.09278350515463918,0.0012676181504502892,0.14432989690721648,0.0016769133508205414,0.13402061855670103,0.0006453435053117573,0.010309278350515464,8.287553646368906e-05,0.041237113402061855,0.00035286066122353077,0.020618556701030927,0.00010271767678204924,0.041237113402061855,0.000471172301331535,0.030927835051546393,0.0002799633948598057,0.010309278350515464,7.467031537089497e-05,0.010309278350515464,0.00010488850239198655,0.07216494845360824,0.0006964516942389309,0
1OXA,0,0.94,4.7604589462280265,-23,3.9269494410173795,0.0,0.0,0.0,91.46360942975471,3.060533591118719,107.89079207920788,11.138613861386139,0.4005104510451045,0.10891089108910891,0.001547495136037469,0.0594059405940594,0.0004484012315515429,0.0297029702970297,0.0001668251061346382,0.009900990099009901,4.8570575017947704e-05,0.009900990099009901,0.00011361439828760922,0.009900990099009901,5.208427319303155e-05,0.0594059405940594,0.000584408116992563,0.09900990099009901,0.0008143630111590028,0.0297029702970297,0.0001634726213524118,0.0891089108910891,0.0005303609650582075,0.15841584158415842,0.0015299690421670675,0.009900990099009901,6.0668062360491604e-05,0.0297029702970297,0.00016580191731918603,0.039603960396039604,0.0003931819519493729,0.04950495049504951,0.0009932114044204354,0.06930693069306931,0.0007368961814790964,0.039603960396039604,0.000319886690704152,0.019801980198019802,8.288905519293621e-05,0.019801980198019802,8.97980498848483e-05,0.0594059405940594,0.00040181647636927664,0
2OHB,0,0.88,9.00418643951416,3,3.8611135779276253,0.0,0.0,0.0,90.08193338748985,3.564399561477483,112.69144329896909,9.907216494845361,0.1353293927073388,0.10309278350515463,0.0007662629359401762,0.030927835051546393,0.0002257831220049411,0.010309278350515464,8.260804315796122e-05,0.030927835051546393,0.00017565515008755028,0.0,0.0,0.020618556701030927,0.00012687683920376003,0.05154639175257732,0.00047066359547898173,0.061855670103092786,0.0005193966208025813,0.08247422680412371,0.0005057892412878573,0.08247422680412371,0.0009142886265181005,0.14432989690721648,0.0016750803915783763,0.13402061855670103,0.0006483647157438099,0.010309278350515464,8.581896690884605e-05,0.041237113402061855,0.0003529364475980401,0.020618556701030927,0.00010142734390683472,0.041237113402061855,0.0004884605878032744,0.030927835051546393,0.00026999303372576833,0.020618556701030927,0.00043049658415839076,0.010309278350515464,0.00010576818021945655,0.07216494845360824,0.0006714900955557823,0
2JJO,0,0.93,4.85077610015869,-25,3.9242828411856894,0.0,0.0,0.0,88.00853199498117,5.012303976415011,110.41989247311824,11.129032258064516,0.5065814762869462,0.08602150537634409,0.0006454920512624085,0.053763440860215055,0.0003671306767500937,0.043010752688172046,0.00025498284958302975,0.010752688172043012,4.9272217438556254e-05,0.010752688172043012,0.00010760259465314448,0.043010752688172046,0.0003228173591196537,0.053763440860215055,0.0002637676661834121,0.07526881720430108,0.0006308535812422633,0.06451612903225806,0.00041217662510462105,0.03225806451612903,0.00046939527965150774,0.15053763440860216,0.0012894467217847705,0.0,0.0,0.021505376344086023,0.00016557883645873517,0.06451612903225806,0.001092179212719202,0.053763440860215055,0.0014089333126321435,0.03225806451612903,0.00029460061341524124,0.07526881720430108,0.0015763333067297935,0.010752688172043012,6.415858661057428e-05,0.010752688172043012,6.593682337552309e-05,0.10752688172043011,0.0010208109160885215,0
6KRF,0,0.87,8.69067668914795,2,3.8478742736477884,0.0,0.0,0.0,88.28011541632317,4.115237729078559,112.10329896907211,9.845360824742269,0.13359961137798887,0.10309278350515463,0.0007729984354227781,0.030927835051546393,0.00021929647482465953,0.010309278350515464,7.953597378218547e-05,0.030927835051546393,0.00017400109209120274,0.0,0.0,0.020618556701030927,0.00012553547276183963,0.05154639175257732,0.00046108555397950113,0.061855670103092786,0.0005299713229760528,0.08247422680412371,0.0005076518282294273,0.09278350515463918,0.0012574635911732912,0.14432989690721648,0.0016901349881663918,0.13402061855670103,0.0006528679514303803,0.010309278350515464,8.346856338903308e-05,0.030927835051546393,0.0003033603716176003,0.020618556701030927,0.00010202162229688838,0.041237113402061855,0.0004718745476566255,0.030927835051546393,0.0002830843150150031,0.010309278350515464,7.580336387036368e-05,0.020618556701030927,0.000161460877279751,0.07216494845360824,0.0007065394893288612,0
3CCP,0,0.97,5.095070075988769,-11,4.014961394908263,0.0,0.0,0.0,95.5453187919463,2.2691574598246897,110.53433628318585,11.36283185840708,0.2599798748380338,0.07079646017699115,0.000989168300293386,0.02654867256637168,0.0005914798239246011,0.061946902654867256,0.0003115781582891941,0.035398230088495575,0.00016740383580327034,0.0,0.0,0.02654867256637168,0.00013390441017691046,0.04424778761061947,0.00027650545234791934,0.12389380530973451,0.001074389205314219,0.017699115044247787,0.0003334080975037068,0.02654867256637168,0.00022747303592041135,0.10619469026548672,0.0012393691577017307,0.04424778761061947,0.0002490744227543473,0.02654867256637168,0.00019741467258427292,0.11504424778761062,0.0007497192709706724,0.035398230088495575,0.0002704770304262638,0.061946902654867256,0.0005410489393398166,0.05309734513274336,0.0002877741935662925,0.02654867256637168,0.0013172944309189916,0.02654867256637168,0.00014201956219039857,0.07079646017699115,0.0010507338447496295,0
1EHG,0,0.96,5.749627876281737,-6,3.9638955546908803,0.0,0.0,0.0,93.53830611591418,2.2656022757359513,106.78107142857141,10.845238095238095,0.4675395954210444,0.14285714285714285,0.0017520422115921974,0.047619047619047616,0.0003009712672792375,0.07142857142857142,0.000646665517706424,0.023809523809523808,0.00018110319797415286,0.023809523809523808,0.0002943529689218849,0.011904761904761904,8.296957821585238e-05,0.047619047619047616,0.00031591791776008904,0.05952380952380952,0.0011063109850510955,0.03571428571428571,0.000251566554652527,0.07142857142857142,0.00045857872464694083,0.11904761904761904,0.0008552755462005734,0.023809523809523808,0.00014438247308135033,0.023809523809523808,0.0004674870287999511,0.047619047619047616,0.000393597932998091,0.047619047619047616,0.0002485082659404725,0.03571428571428571,0.00017984394798986614,0.05952380952380952,0.0011336083989590406,0.0,0.0,0.011904761904761904,6.447646592278033e-05,0.09523809523809523,0.0011492240009829402,0
8R9N,0,0.8,7.355329322814941,0,3.8394828488775836,0.0,0.0,0.0,87.58666945606694,5.3869719529085875,110.49268041237113,9.896907216494846,0.1332044673539519,0.08247422680412371,0.0006551283877342939,0.020618556701030927,0.00018458909471519291,0.010309278350515464,5.6083259551087394e-05,0.030927835051546393,0.00023684812185820192,0.0,0.0,0.020618556701030927,0.00012986510409973562,0.05154639175257732,0.00041192182106897235,0.09278350515463918,0.0007197169470600784,0.08247422680412371,0.00051104900194332,0.09278350515463918,0.0012364266440272331,0.14432989690721648,0.0017012376338243484,0.12371134020618557,0.0005918099195696414,0.010309278350515464,8.197665738407522e-05,0.041237113402061855,0.00035732166725210845,0.020618556701030927,0.0001014134832075797,0.030927835051546393,0.0004348904767539352,0.05154639175257732,0.0003982271591667086,0.010309278350515464,7.380790339084342e-05,0.010309278350515464,0.0001063910240191035,0.07216494845360824,0.0008134961826726794,0
7RL2,0,0.93,8.354731941223147,4,3.9529505079097995,0.0,0.0,0.0,90.09835389866105,4.851759674458019,107.84586956521734,10.98913043478261,0.49401152539457277,0.08695652173913043,0.0008765922975726426,0.05434782608695652,0.00029229410574771464,0.021739130434782608,9.771588520379737e-05,0.021739130434782608,0.0001848763640737161,0.021739130434782608,0.000294693250907585,0.010869565217391304,9.704000694910064e-05,0.043478260869565216,0.00046589109115302563,0.07608695652173914,0.0007919861236587167,0.021739130434782608,0.00010088580165756866,0.06521739130434782,0.0004320259322412312,0.15217391304347827,0.0012165703810751438,0.021739130434782608,9.587802196620032e-05,0.021739130434782608,0.00014107421156950295,0.06521739130434782,0.0005612637032754719,0.05434782608695652,0.00044293474638834596,0.07608695652173914,0.0006238905480131507,0.08695652173913043,0.001351306913420558,0.0,0.0,0.021739130434782608,0.00010675382509361953,0.07608695652173914,0.0005104917217977345,0
5M6K,0,0.93,9.090638542175292,7,4.113654095034246,0.0,0.0,0.0,94.4823698630137,2.505676984877127,115.62057142857144,11.295238095238096,0.2658636473139003,0.05714285714285714,0.0004685574385803193,0.01904761904761905,0.0001142571127275005,0.047619047619047616,0.0002662852348294109,0.0380952380952381,0.00022753501252736896,0.02857142857142857,0.0002221808972535655,0.01904761904761905,8.656861609779298e-05,0.02857142857142857,0.00019655039068311453,0.047619047619047616,0.0002701705670915544,0.02857142857142857,0.00035560718970373273,0.047619047619047616,0.0006105620414018631,0.09523809523809523,0.0008451552712358534,0.0761904761904762,0.0003899484872817993,0.009523809523809525,4.6693719923496246e-05,0.08571428571428572,0.0007607401930727065,0.0380952380952381,0.00023762269120197743,0.06666666666666667,0.0006371851195581257,0.08571428571428572,0.0006592067657038569,0.01904761904761905,0.00017273458070121706,0.08571428571428572,0.0007817540899850428,0.0761904761904762,0.0008068635943345726,0
6BDD,0,0.9,4.645757865905763,-16,3.827455028890498,0.0,0.0,0.0,93.02345357381428,2.536318480642805,115.5205617977528,9.955056179775282,0.15937048215689756,0.0449438202247191,0.0007897565374150872,0.011235955056179775,8.751681889407337e-05,0.011235955056179775,0.00010784006008179858,0.0449438202247191,0.00026935304049402475,0.0,0.0,0.0,0.0,0.07865168539325842,0.0005466987495310605,0.0449438202247191,0.0011103351134806871,0.056179775280898875,0.0006940667517483234,0.11235955056179775,0.0007045597303658724,0.15730337078651685,0.001741338986903429,0.0449438202247191,0.0002888994349632412,0.06741573033707865,0.0006376036908477545,0.10112359550561797,0.0019468546379357576,0.02247191011235955,0.00015512741811107844,0.06741573033707865,0.00035728345392271876,0.056179775280898875,0.0004038306069560349,0.0,0.0,0.033707865168539325,0.00034177349880337715,0.0449438202247191,0.0002504244330339134,0
3A4G,0,0.92,4.922677421569824,-25,3.893477088168057,0.0,0.0,0.0,91.05093329157532,4.5190272375844325,107.1264516129032,11.24731182795699,0.419293159810029,0.10752688172043011,0.001007415703497827,0.053763440860215055,0.00039263020153157413,0.03225806451612903,0.00035409670090302825,0.021505376344086023,0.00013614083582069725,0.010752688172043012,0.000132380286231637,0.043010752688172046,0.0002673608250916004,0.053763440860215055,0.0005579054704867303,0.0967741935483871,0.0009456494590267539,0.03225806451612903,0.00031965645030140877,0.07526881720430108,0.0005074705695733428,0.13978494623655913,0.0011994505766779184,0.0,0.0,0.03225806451612903,0.00014740816550329328,0.06451612903225806,0.0005841951351612806,0.03225806451612903,0.0005451960023492575,0.06451612903225806,0.0005183141329325736,0.03225806451612903,0.002511753933504224,0.0,0.0,0.010752688172043012,4.64377662865445e-05,0.0967741935483871,0.0011952533386647701,0
1CCJ,0,0.96,5.178452873229979,-10,4.028292952498229,0.0,0.0,0.0,95.83245035910434,2.19786315886899,110.08212389380526,11.389380530973451,0.2627569087746079,0.07079646017699115,0.0009857092518359423,0.02654867256637168,0.0006141984486021101,0.061946902654867256,0.0003127562231384218,0.035398230088495575,0.0001669696212047711,0.0,0.0,0.02654867256637168,0.00013677144306711853,0.04424778761061947,0.0002749216218944639,0.13274336283185842,0.0011171945370733738,0.017699115044247787,0.0003265559207648039,0.02654867256637168,0.00022290725610218942,0.10619469026548672,0.0012373984791338444,0.04424778761061947,0.0002494493965059519,0.02654867256637168,0.00020012144523207098,0.09734513274336283,0.0006764840800315142,0.035398230088495575,0.0002770794089883566,0.061946902654867256,0.0005259679164737463,0.05309734513274336,0.00028763950103893876,0.035398230088495575,0.0011767609976232052,0.02654867256637168,0.00014154770178720355,0.07079646017699115,0.001111022662371397,0
2MGG,0,0.87,9.003928565979006,3,3.851467217416827,0.0,0.0,0.0,88.98330065359477,3.898321808062068,111.84546391752579,9.927835051546392,0.13714658873151983,0.10309278350515463,0.0007724245078861713,0.030927835051546393,0.00022210356837604195,0.010309278350515464,8.181011071428657e-05,0.030927835051546393,0.00017275572463404387,0.0,0.0,0.030927835051546393,0.0002068766043521464,0.05154639175257732,0.00046931335236877203,0.061855670103092786,0.0005225728382356465,0.07216494845360824,0.00042451557237654924,0.09278350515463918,0.00129224406555295,0.14432989690721648,0.0016844718484207988,0.13402061855670103,0.0006500803865492344,0.010309278350515464,8.52404918987304e-05,0.041237113402061855,0.00035385030787438154,0.020618556701030927,0.00010056862811325118,0.041237113402061855,0.0004885640810243785,0.030927835051546393,0.0002785312826745212,0.010309278350515464,7.529083086410537e-05,0.010309278350515464,0.00010967208800138906,0.07216494845360824,0.000700636301189661,0
3E2N,0,0.96,5.60616626739502,-6,4.04878118508323,0.0,0.0,0.0,95.56721233174122,2.263210673918586,110.32730434782611,11.382608695652173,0.2664430198957053,0.06956521739130435,0.0009635348687879741,0.034782608695652174,0.0005465553258545697,0.06086956521739131,0.0003041327581740916,0.034782608695652174,0.0001672617654548958,0.008695652173913044,4.604742571245879e-05,0.02608695652173913,0.00013006015797145665,0.043478260869565216,0.00027950573712587357,0.12173913043478261,0.001050966209731996,0.017391304347826087,0.00032358523458242416,0.02608695652173913,0.00013181136455386877,0.10434782608695652,0.001208551344461739,0.043478260869565216,0.0002511677739676088,0.02608695652173913,0.0002007314469665289,0.11304347826086956,0.0007551935268566012,0.034782608695652174,0.0002582052838988602,0.06086956521739131,0.0005379258655011654,0.06086956521739131,0.00041106404387392104,0.02608695652173913,0.0013289301423355937,0.017391304347826087,8.69416689965874e-05,0.06956521739130435,0.0009772287448868155,0
5O1K,0,0.92,6.348824501037597,-1,3.837527837034198,0.0,0.0,0.0,93.5605254237288,2.34600073046019,115.27399999999993,9.83157894736842,0.14746985236109547,0.07368421052631578,0.00046044756891205907,0.09473684210526316,0.0005096783279441297,0.010526315789473684,4.306281698518433e-05,0.021052631578947368,0.0001616267254576087,0.0,0.0,0.010526315789473684,5.758179395343177e-05,0.05263157894736842,0.0003213052696082741,0.042105263157894736,0.0005433903425000608,0.031578947368421054,0.00025852350518107414,0.031578947368421054,0.00044420597259886563,0.18947368421052632,0.0016262686112895608,0.031578947368421054,0.00021480632130987942,0.031578947368421054,0.00041134297498501837,0.05263157894736842,0.00045734900049865246,0.010526315789473684,8.104838343570009e-05,0.11578947368421053,0.0007881380151957273,0.042105263157894736,0.00029586153686977923,0.031578947368421054,0.0002627566864248365,0.031578947368421054,0.00028461930924095213,0.09473684210526316,0.0012679329374805093,0
5KDZ,0,0.97,5.696710777282715,-7,3.7614910183456978,0.0,0.0,0.0,94.85329248095395,2.047673989472253,106.5467010309278,11.690721649484535,0.46760850197276316,0.10309278350515463,0.0015413606306537986,0.05154639175257732,0.0003813058137893677,0.05154639175257732,0.00044451604480855167,0.010309278350515464,0.00019820648594759405,0.010309278350515464,0.000145250596688129,0.020618556701030927,0.0002732410212047398,0.07216494845360824,0.00040251362952403724,0.13402061855670103,0.0012939654989168048,0.020618556701030927,0.0001228494948009029,0.030927835051546393,0.00017205276526510715,0.14432989690721648,0.0010569851147010922,0.0,0.0,0.020618556701030927,0.00013714467058889568,0.1134020618556701,0.0008626680937595665,0.030927835051546393,0.0004920014762319624,0.061855670103092786,0.0004899519262835383,0.030927835051546393,0.0004720456199720502,0.0,0.0,0.010309278350515464,5.1255607104394585e-05,0.08247422680412371,0.00120812829118222,0
8ZGO,0,0.96,5.998127937316894,-10,3.885240441563368,0.0,0.0,0.0,93.51213413614317,2.9011429057749893,112.0571,12.22,0.4124877250409165,0.09,0.0008491351618431509,0.02,0.000175173714524135,0.03,0.00014944981376174837,0.01,7.27657534298487e-05,0.0,0.0,0.04,0.00024004941224120557,0.05,0.0004879253392573446,0.16,0.0009252737509086728,0.07,0.0007439555483870208,0.05,0.00040634654578752816,0.09,0.000653924245852977,0.0,0.0,0.02,0.00012105407222406939,0.07,0.00037463076296262443,0.01,4.3350151827326044e-05,0.05,0.00032001410727389157,0.03,0.0002030448376899585,0.06,0.0004782045725733042,0.07,0.000631650909781456,0.08,0.00085605145432055,0
6E8Q,0,0.97,8.764557456970216,6,4.0024230657172595,0.0,0.0,0.0,94.17148521659409,3.5330182671820625,110.89574468085107,10.904255319148936,0.5418681888946549,0.07446808510638298,0.0004910189309157431,0.031914893617021274,0.00017325047519989312,0.010638297872340425,5.0653623475227505e-05,0.02127659574468085,0.0001279826828977093,0.010638297872340425,0.00010145137639483437,0.02127659574468085,0.00016947221592999995,0.02127659574468085,0.00011483461275929585,0.09574468085106383,0.0008891510078683496,0.0851063829787234,0.0008369274437427521,0.05319148936170213,0.00025985934189520776,0.10638297872340426,0.0011660304153338075,0.010638297872340425,5.077611422166228e-05,0.0425531914893617,0.0004938879865221679,0.0851063829787234,0.0005589567008428276,0.0851063829787234,0.0008470116299577057,0.05319148936170213,0.0004983544931747019,0.09574468085106383,0.0010047632968053222,0.010638297872340425,5.09407400386408e-05,0.0425531914893617,0.00022055147564969957,0.0425531914893617,0.0006341648986563087,0
1CCB,0,0.97,5.186126136779785,-10,4.022502968476337,0.0,0.0,0.0,95.06964524207011,2.5402203856749312,111.09223214285711,11.446428571428571,0.2672372966347225,0.07142857142857142,0.0009955299319699407,0.026785714285714284,0.0006028764182701707,0.0625,0.00031574934837408364,0.026785714285714284,0.0001310656516579911,0.0,0.0,0.026785714285714284,0.00013368397776503116,0.05357142857142857,0.0003198448393959552,0.125,0.0010799812152981758,0.017857142857142856,0.00034678279189392924,0.026785714285714284,0.0002311527932761237,0.10714285714285714,0.001258541946299374,0.044642857142857144,0.0002516405947972089,0.026785714285714284,0.00020119374676141888,0.10714285714285714,0.0007223873981274664,0.03571428571428571,0.0002726324019022286,0.0625,0.0005486375885084271,0.044642857142857144,0.0002552049118094146,0.03571428571428571,0.0014544796431437135,0.026785714285714284,0.00014375639148056507,0.07142857142857142,0.0010305189061909914,0
2ASN,0,0.91,6.483248710632325,-1,4.024634879614334,0.0,0.0,0.0,92.34702142857142,3.298164851284292,115.72140186915887,11.42056074766355,0.2671581748933111,0.04672897196261682,0.0003445872280281037,0.018691588785046728,0.00010340079461457208,0.028037383177570093,0.00014704886416438967,0.06542056074766354,0.00032765051582828164,0.028037383177570093,0.0002230863319709897,0.028037383177570093,0.00015806747251190245,0.037383177570093455,0.00024850998306646943,0.04672897196261682,0.00027189619140699506,0.037383177570093455,0.00040252928738482296,0.028037383177570093,0.00032902893144637346,0.102803738317757,0.0010946323163807392,0.09345794392523364,0.0004731533117592335,0.0,0.0,0.056074766355140186,0.0004774323315359652,0.028037383177570093,0.00019843441259581596,0.07476635514018691,0.000600219878833741,0.09345794392523364,0.0009202638757415116,0.009345794392523364,0.0001359183806926012,0.102803738317757,0.0008949494804255664,0.07476635514018691,0.0008206609636545181,0
1IWK,0,0.97,5.236201286315917,-17,4.011387305423291,0.0,0.0,0.0,94.26702743902439,2.8693598490346925,111.64173469387751,11.571428571428571,0.5330237915271929,0.030612244897959183,0.00032019996433518827,0.05102040816326531,0.0003110427933279425,0.01020408163265306,0.00018980569439008832,0.030612244897959183,0.00041517557110637426,0.02040816326530612,0.00014462912804447114,0.05102040816326531,0.0003766982117667794,0.04081632653061224,0.00019333811360411346,0.10204081632653061,0.0009105763747356832,0.05102040816326531,0.00027218961622565985,0.04081632653061224,0.00034560781205073,0.16326530612244897,0.0013677878305315971,0.02040816326530612,0.00011907661246368662,0.030612244897959183,0.00025002865004353225,0.07142857142857142,0.000662603706587106,0.04081632653061224,0.0002474224311299622,0.061224489795918366,0.0006644157692790031,0.07142857142857142,0.001113733509555459,0.01020408163265306,4.8439280362799764e-05,0.02040816326530612,9.263346873922274e-05,0.08163265306122448,0.0017068525776267052,0
5HIW,0,0.91,6.117944526672362,-7,3.9021196425579774,0.0,0.0,0.0,88.27418163998694,4.159269967930102,106.95936842105263,11.031578947368422,0.3975793491361993,0.11578947368421053,0.001305371173657477,0.06315789473684211,0.00035521184327080846,0.021052631578947368,0.00025571184232831,0.021052631578947368,8.428336877841502e-05,0.021052631578947368,0.0001991786266444251,0.0,0.0,0.042105263157894736,0.00047820646432228386,0.09473684210526316,0.0007937167538329959,0.010526315789473684,5.6897883041528985e-05,0.07368421052631578,0.00047783387708477676,0.12631578947368421,0.0008485120488330722,0.0,0.0,0.06315789473684211,0.0005952126812189817,0.042105263157894736,0.0003771356714423746,0.042105263157894736,0.000280138076050207,0.08421052631578947,0.0010061265202239156,0.06315789473684211,0.003137571271508932,0.021052631578947368,0.0003227991983294487,0.021052631578947368,0.0002643943589646369,0.07368421052631578,0.0003882012388203293,0
2XVZ,0,0.95,5.642827415466309,-9,3.8292069930648376,0.0,0.0,0.0,95.4638507167573,2.253798316772847,103.84240384615383,11.490384615384615,0.3137994850337947,0.16346153846153846,0.0020259693264961243,0.028846153846153848,0.00014962555724196136,0.0,0.0,0.057692307692307696,0.00030134213739074767,0.009615384615384616,5.679565583704971e-05,0.009615384615384616,8.756743773119524e-05,0.028846153846153848,0.0002232250408269465,0.10576923076923077,0.0008402798557654023,0.057692307692307696,0.0011254491982981563,0.038461538461538464,0.0004028173570986837,0.1346153846153846,0.0016237536910921335,0.009615384615384616,5.5436328693758696e-05,0.038461538461538464,0.0005862280377186835,0.028846153846153848,0.00031367491465061903,0.04807692307692308,0.0004717933770734817,0.038461538461538464,0.00032635449315421283,0.0673076923076923,0.0010799594456329942,0.019230769230769232,0.00016876459994819015,0.019230769230769232,0.00012762659753207117,0.09615384615384616,0.0007379524759016931,0
1IYN,0,0.94,5.958795356750489,-4,3.9558163944330653,0.0,0.0,0.0,90.98357612988153,5.4093363975869,108.41873786407766,11.504854368932039,0.3568964810945885,0.14563106796116504,0.0015953731490299106,0.05825242718446602,0.00045056676026433706,0.038834951456310676,0.0002453115303069353,0.038834951456310676,0.00031173316529020667,0.009708737864077669,4.953138704877347e-05,0.009708737864077669,0.00022655272914562374,0.038834951456310676,0.00025351514341309667,0.10679611650485436,0.0011587734334170818,0.038834951456310676,0.0006312761106528342,0.04854368932038835,0.0004135911294724792,0.1553398058252427,0.0012949308147653937,0.04854368932038835,0.0003056555869989097,0.02912621359223301,0.00028166043921373785,0.04854368932038835,0.000333726464305073,0.038834951456310676,0.00026941439136862755,0.038834951456310676,0.0007127284770831466,0.02912621359223301,0.0002206297212978825,0.009708737864077669,0.0008368772687390447,0.038834951456310676,0.00025747079052962363,0.02912621359223301,0.00046613512677140534,0
6EKZ,0,0.97,5.408650779724121,-7,3.877270805643539,0.0,0.0,0.0,97.37410791650255,1.7173278554431888,107.10398230088494,12.061946902654867,0.26547374025282594,0.13274336283185842,0.0011216994607821107,0.05309734513274336,0.0003252340538892895,0.061946902654867256,0.00035985332215204835,0.05309734513274336,0.0002914594952017069,0.008849557522123894,0.0002504024014342576,0.02654867256637168,0.00012787342711817473,0.02654867256637168,0.0004235158849041909,0.12389380530973451,0.0009186938987113535,0.02654867256637168,0.00018835661467164755,0.04424778761061947,0.0003129465621896088,0.07079646017699115,0.000520389701705426,0.0,0.0,0.017699115044247787,9.748712182044983e-05,0.12389380530973451,0.0009237059857696295,0.035398230088495575,0.0003567462263163179,0.035398230088495575,0.00025017157895490527,0.07964601769911504,0.0007025909144431353,0.0,0.0,0.02654867256637168,0.0001844337093643844,0.05309734513274336,0.00027994453557766974,0
3HDL,0,0.97,5.14287166595459,-6,3.9353834930906433,0.0,0.0,0.0,97.55216046615867,1.7674623441828254,105.05063063063058,11.405405405405405,0.2865590709192605,0.13513513513513514,0.0010672030039131641,0.036036036036036036,0.003205750370398164,0.036036036036036036,0.00020780993509106338,0.06306306306306306,0.00037956901360303164,0.018018018018018018,0.0001664024021010846,0.02702702702702703,0.00013104888785164803,0.018018018018018018,9.234606113750488e-05,0.07207207207207207,0.0006618425250053406,0.036036036036036036,0.0007030328852124512,0.08108108108108109,0.0009430958889424801,0.10810810810810811,0.0008658916922286153,0.02702702702702703,0.00013833411503583193,0.036036036036036036,0.0005913370987400413,0.05405405405405406,0.000850599491968751,0.05405405405405406,0.00048050397890619934,0.10810810810810811,0.0006791132618673146,0.009009009009009009,5.726404924644157e-05,0.0,0.0,0.009009009009009009,4.019910920760594e-05,0.07207207207207207,0.00041395003790967166,0
7N14,0,0.96,5.487429618835448,-9,3.74326439138765,0.0,0.0,0.0,92.80962077756534,3.5928584176085656,106.61920792079202,11.782178217821782,0.4758715367335053,0.0891089108910891,0.0007162148831412196,0.0594059405940594,0.0003972786071244627,0.04950495049504951,0.00043537121382541955,0.009900990099009901,0.00015918655844870955,0.009900990099009901,0.00012995934230275452,0.019801980198019802,0.0002851801982615143,0.0594059405940594,0.0003148553369101137,0.13861386138613863,0.0012081231689080596,0.019801980198019802,0.0001204592699650675,0.019801980198019802,0.00011181533773196861,0.13861386138613863,0.0010600450914353132,0.0,0.0,0.019801980198019802,0.00014201707381289452,0.1188118811881188,0.0009492977405898273,0.0297029702970297,0.00041879943455569446,0.06930693069306931,0.0005185968475416303,0.039603960396039604,0.0008943366119638085,0.0,0.0,0.009900990099009901,5.155254984856583e-05,0.09900990099009901,0.001514905015937984,0
3E4N,0,0.86,8.709565925598145,2,3.835038062329886,0.0,0.0,0.0,89.39005751848808,4.0423213294032205,111.93835051546391,9.814432989690722,0.13188729099887378,0.10309278350515463,0.0007720589055679739,0.030927835051546393,0.0002202758623752743,0.010309278350515464,7.89559562690556e-05,0.030927835051546393,0.00017440614465158433,0.0,0.0,0.020618556701030927,0.00012568692909553647,0.05154639175257732,0.0004598360974341631,0.061855670103092786,0.0005249737296253443,0.08247422680412371,0.000508179422467947,0.09278350515463918,0.0012676181504502892,0.14432989690721648,0.0016769133508205414,0.13402061855670103,0.0006453435053117573,0.010309278350515464,8.287553646368906e-05,0.041237113402061855,0.00035286066122353077,0.020618556701030927,0.00010271767678204924,0.041237113402061855,0.000471172301331535,0.030927835051546393,0.0002799633948598057,0.010309278350515464,7.467031537089497e-05,0.010309278350515464,0.00010488850239198655,0.07216494845360824,0.0006964516942389309,0
3E55,0,0.86,8.709565925598145,2,3.835038062329886,0.0,0.0,0.0,89.41110928512737,4.0310222563971125,111.93835051546391,9.814432989690722,0.13188729099887378,0.10309278350515463,0.0007720589055679739,0.030927835051546393,0.0002202758623752743,0.010309278350515464,7.89559562690556e-05,0.030927835051546393,0.00017440614465158433,0.0,0.0,0.020618556701030927,0.00012568692909553647,0.05154639175257732,0.0004598360974341631,0.061855670103092786,0.0005249737296253443,0.08247422680412371,0.000508179422467947,0.09278350515463918,0.0012676181504502892,0.14432989690721648,0.0016769133508205414,0.13402061855670103,0.0006453435053117573,0.010309278350515464,8.287553646368906e-05,0.041237113402061855,0.00035286066122353077,0.020618556701030927,0.00010271767678204924,0.041237113402061855,0.000471172301331535,0.030927835051546393,0.0002799633948598057,0.010309278350515464,7.467031537089497e-05,0.010309278350515464,0.00010488850239198655,0.07216494845360824,0.0006964516942389309,0
1UBB,0,0.91,5.958454322814942,-6,4.025390578171049,0.0,0.0,0.0,83.0515313225058,10.061117423445411,116.17893617021276,9.957446808510639,0.25465993817057647,0.10638297872340426,0.0006593093858100474,0.06382978723404255,0.000420128257246688,0.031914893617021274,0.0003200049395672977,0.02127659574468085,0.00018280197400599718,0.0,0.0,0.05319148936170213,0.00040953847928903997,0.06382978723404255,0.0005018864176236093,0.06382978723404255,0.0006104100029915571,0.031914893617021274,0.0001668031618464738,0.0425531914893617,0.00031652156030759215,0.13829787234042554,0.0011442858958616853,0.05319148936170213,0.00037520957994274795,0.0425531914893617,0.0005402191891334951,0.07446808510638298,0.000962417630944401,0.010638297872340425,4.311135126044974e-05,0.0425531914893617,0.0003600090858526528,0.0425531914893617,0.0002269115502713248,0.010638297872340425,4.3165542592760175e-05,0.06382978723404255,0.0003345696022734046,0.0425531914893617,0.0005291182897053659,0
5B50,0,0.91,4.249987983703614,-36,3.7392341077395455,0.0,0.0,0.0,90.40241597469357,5.619036336904012,103.01565656565657,11.444444444444445,0.41409683775085365,0.10101010101010101,0.0022460517939180136,0.04040404040404041,0.0002781592484097928,0.0,0.0,0.09090909090909091,0.0006823359290137887,0.0,0.0,0.030303030303030304,0.0013273326912894845,0.06060606060606061,0.00037699282984249294,0.12121212121212122,0.0013095198664814234,0.0,0.0,0.08080808080808081,0.0005215852870605886,0.12121212121212122,0.0018015839159488678,0.010101010101010102,0.00010288431803928688,0.020202020202020204,0.00017191047663800418,0.020202020202020204,0.0006220775539986789,0.04040404040404041,0.00031384945032186806,0.1111111111111111,0.0014136673416942358,0.050505050505050504,0.0006282752729021013,0.0,0.0,0.030303030303030304,0.00041478974162600935,0.0707070707070707,0.0004002359346486628,0
4O6U,0,0.92,4.239245414733887,-11,3.7492498402845134,0.0,0.0,0.0,92.45415789473684,3.265483223062382,105.0791588785046,11.514018691588785,0.21408089573977424,0.102803738317757,0.0013061631470918655,0.0,0.0,0.028037383177570093,0.00014106796879786998,0.102803738317757,0.0005840830272063613,0.0,0.0,0.037383177570093455,0.00031457399018108845,0.009345794392523364,6.364907312672585e-05,0.1308411214953271,0.0009384527220390737,0.028037383177570093,0.00015852732758503407,0.056074766355140186,0.0012988041853532195,0.12149532710280374,0.0013466731179505587,0.028037383177570093,0.00021047849440947175,0.009345794392523364,0.00011106824240414426,0.037383177570093455,0.0005463678389787674,0.0,0.0,0.12149532710280374,0.0010922421934083104,0.04672897196261682,0.0002229517267551273,0.018691588785046728,0.00012632986181415617,0.06542056074766354,0.00045971685904078186,0.056074766355140186,0.0007491993019357324,0
6XAM,0,0.94,5.4206438064575195,-16,3.883879822964768,0.0,0.0,0.0,90.89017202207076,3.477114570183022,108.77690721649479,11.103092783505154,0.5186418937675291,0.07216494845360824,0.0006094919517636299,0.07216494845360824,0.0004968386492691934,0.020618556701030927,0.0001436625752830878,0.030927835051546393,0.00014599741552956402,0.030927835051546393,0.00023498311929870397,0.010309278350515464,5.164065441931598e-05,0.05154639175257732,0.0002602233143988997,0.09278350515463918,0.0009571094415150583,0.030927835051546393,0.0001607115991646424,0.020618556701030927,0.00010604150156723335,0.16494845360824742,0.0012541780015453696,0.010309278350515464,5.3990603191778064e-05,0.010309278350515464,4.3263189581921324e-05,0.08247422680412371,0.0010622236877679825,0.041237113402061855,0.0004386445216368884,0.10309278350515463,0.0010007231030613184,0.041237113402061855,0.0009650566498748958,0.010309278350515464,5.0892507715616375e-05,0.010309278350515464,5.4149702918948606e-05,0.09278350515463918,0.0006240290822461247,0
1NZ5,0,0.82,6.261235618591309,-4,3.8454649705114825,0.0,0.0,0.0,88.14606338615513,4.909043530266136,109.95704081632653,9.908163265306122,0.13445007251098173,0.08163265306122448,0.0006458472926169634,0.02040816326530612,0.00018221120990347117,0.01020408163265306,5.627779319183901e-05,0.030612244897959183,0.00023353021242655814,0.0,0.0,0.02040816326530612,0.00012723010149784386,0.061224489795918366,0.00046105028013698757,0.10204081632653061,0.0007447796524502337,0.08163265306122448,0.0005020284443162382,0.09183673469387756,0.001217019627802074,0.14285714285714285,0.0016837771981954575,0.11224489795918367,0.0005338285700418055,0.01020408163265306,8.041127148317173e-05,0.04081632653061224,0.0003571300767362118,0.02040816326530612,0.00010209395986748859,0.030612244897959183,0.0004289573698770255,0.05102040816326531,0.00039207053487189114,0.01020408163265306,7.186644506873563e-05,0.01020408163265306,0.00010713575466070324,0.07142857142857142,0.0007923905504867435,0
5KDY,0,0.97,5.81948299407959,-6,3.736178739048441,0.0,0.0,0.0,95.28892750744788,1.9254446451579486,106.84618556701027,11.618556701030927,0.4597553947621182,0.09278350515463918,0.0007992525934241712,0.05154639175257732,0.0003804450388997793,0.061855670103092786,0.0006370526971295476,0.0,0.0,0.010309278350515464,0.0001438470499124378,0.020618556701030927,0.00027425482403486967,0.07216494845360824,0.00040221624658443034,0.13402061855670103,0.0012878526467829943,0.020618556701030927,0.00012285012053325772,0.030927835051546393,0.00017211194790434092,0.14432989690721648,0.0010526961414143443,0.0,0.0,0.020618556701030927,0.00013693654909729958,0.1134020618556701,0.0008625284535810351,0.030927835051546393,0.0004785910714417696,0.061855670103092786,0.0004893835284747183,0.041237113402061855,0.0011613405076786876,0.0,0.0,0.010309278350515464,5.084426447865553e-05,0.08247422680412371,0.0012305231066420674,0
2XKG,0,0.79,7.830861854553223,1,3.888804588930733,0.0,0.0,0.0,91.67295930949444,5.43495041322314,108.35755319148939,9.23404255319149,0.09932346308461613,0.2127659574468085,0.0017742794007062912,0.02127659574468085,0.00011022430408047512,0.05319148936170213,0.00031305549782700837,0.07446808510638298,0.000570549862459302,0.02127659574468085,0.00022296066163107753,0.031914893617021274,0.0003188619448337704,0.031914893617021274,0.00024927451158873737,0.05319148936170213,0.00033838380477391183,0.05319148936170213,0.0003310554602649063,0.0425531914893617,0.0003889825311489403,0.07446808510638298,0.0005535233649425209,0.09574468085106383,0.0006786047597415745,0.0,0.0,0.05319148936170213,0.0006190360290929675,0.02127659574468085,0.00010352183744544163,0.031914893617021274,0.00015148438978940248,0.02127659574468085,0.00039706655661575496,0.010638297872340425,8.798614726401865e-05,0.0425531914893617,0.0005497754318639636,0.05319148936170213,0.0006299179513007402,0
1EUP,0,0.94,4.7604589462280265,-23,3.9269494410173795,0.0,0.0,0.0,91.46360942975471,3.060533591118719,107.89079207920788,11.138613861386139,0.4005104510451045,0.10891089108910891,0.001547495136037469,0.0594059405940594,0.0004484012315515429,0.0297029702970297,0.0001668251061346382,0.009900990099009901,4.8570575017947704e-05,0.009900990099009901,0.00011361439828760922,0.009900990099009901,5.208427319303155e-05,0.0594059405940594,0.000584408116992563,0.09900990099009901,0.0008143630111590028,0.0297029702970297,0.0001634726213524118,0.0891089108910891,0.0005303609650582075,0.15841584158415842,0.0015299690421670675,0.009900990099009901,6.0668062360491604e-05,0.0297029702970297,0.00016580191731918603,0.039603960396039604,0.0003931819519493729,0.04950495049504951,0.0009932114044204354,0.06930693069306931,0.0007368961814790964,0.039603960396039604,0.000319886690704152,0.019801980198019802,8.288905519293621e-05,0.019801980198019802,8.97980498848483e-05,0.0594059405940594,0.00040181647636927664,0
8A8L,0,0.92,7.25301914215088,0,3.9838195193119286,0.0,0.0,0.0,89.94418935643564,4.107883125,107.45394230769224,11.298076923076923,0.3690425531914894,0.08653846153846154,0.0010203438578173518,0.028846153846153848,0.0001998558727791533,0.04807692307692308,0.0002955975360237062,0.009615384615384616,0.000108118008938618,0.019230769230769232,0.00017896118515636772,0.028846153846153848,0.00020681132446043193,0.038461538461538464,0.00037873111432418227,0.057692307692307696,0.0004687916371040046,0.028846153846153848,0.00014404136163648218,0.08653846153846154,0.0005179541767574847,0.1346153846153846,0.0009301755926571786,0.028846153846153848,0.00023166801838669926,0.019230769230769232,8.888673619367182e-05,0.04807692307692308,0.0003986826923210174,0.04807692307692308,0.0011207024799659848,0.10576923076923077,0.0007773649413138628,0.07692307692307693,0.0007636470254510641,0.0,0.0,0.028846153846153848,0.00019270933989901096,0.07692307692307693,0.000897368707228452,0
6VZB,0,0.94,5.420700645446778,-16,3.881182203314363,0.0,0.0,0.0,91.17667430441898,3.3188328577561172,108.87297872340423,11.148936170212766,0.5316712684749066,0.0851063829787234,0.0009417225373908877,0.07446808510638298,0.0005164946778677404,0.02127659574468085,0.00014957704115658998,0.02127659574468085,0.00010738200944615528,0.031914893617021274,0.00024502238375134766,0.010638297872340425,5.305052036419511e-05,0.05319148936170213,0.00026654626708477736,0.09574468085106383,0.0009935850976034999,0.031914893617021274,0.00016512518050149083,0.02127659574468085,0.00011153118248330429,0.1702127659574468,0.0012931927340105176,0.010638297872340425,5.3201583796180785e-05,0.010638297872340425,4.2708616092568263e-05,0.0851063829787234,0.0011070818873122334,0.0425531914893617,0.00045602640602737665,0.0851063829787234,0.0007468907278962433,0.0425531914893617,0.0010442935163155198,0.010638297872340425,5.3768591897096485e-05,0.010638297872340425,5.5383767175953835e-05,0.0851063829787234,0.0005519677652046084,0
1PM1,0,0.91,6.083556938171386,-2,4.044458466256686,0.0,0.0,0.0,93.04113555713272,3.2125740740740745,115.17788990825684,11.412844036697248,0.26461695035251775,0.045871559633027525,0.00033778612851165235,0.01834862385321101,0.00010204421414528042,0.027522935779816515,0.0001433740690117702,0.06422018348623854,0.0003166023816447705,0.03669724770642202,0.0002576196566224098,0.027522935779816515,0.0001529153378214687,0.03669724770642202,0.0002432078617857769,0.045871559633027525,0.0002687997475732118,0.03669724770642202,0.000392697227653116,0.027522935779816515,0.00032890235888771713,0.08256880733944955,0.0008632857934571803,0.09174311926605505,0.00046255983761511743,0.0,0.0,0.05504587155963303,0.00046834544627927244,0.03669724770642202,0.00023077038349583745,0.07339449541284404,0.0005875191418454051,0.09174311926605505,0.0008937775855883956,0.009174311926605505,0.00013264259905554354,0.10091743119266056,0.0008733777794986963,0.09174311926605505,0.0009992575505748391,0
2Z3U,0,0.86,6.095947837829589,-9,3.9158593963792794,0.0,0.0,0.0,83.0820492049205,7.9293586159169545,105.94645833333333,11.479166666666666,0.44617740471869327,0.15625,0.0012957188300788403,0.041666666666666664,0.00023292774858418852,0.020833333333333332,0.0002410523156868294,0.03125,0.00019017310114577413,0.020833333333333332,0.00010786028724396601,0.03125,0.0002566578332334757,0.052083333333333336,0.0006658617057837546,0.08333333333333333,0.0008912296616472304,0.041666666666666664,0.0005100153503008187,0.03125,0.0001598875824129209,0.11458333333333333,0.0007406161166727543,0.010416666666666666,6.879487045807764e-05,0.020833333333333332,0.00016124719695653766,0.03125,0.0005926574231125414,0.052083333333333336,0.0006592136924155056,0.010416666666666666,6.564863724634051e-05,0.09375,0.0024501518346369267,0.010416666666666666,4.352022733655758e-05,0.03125,0.00020126566232647747,0.11458333333333333,0.0010054630693048239,0
1H5L,0,0.98,6.35189380645752,-1,3.945909030153985,0.0,0.0,0.0,97.37174496644295,1.5271820711755777,106.69045045045041,11.252252252252251,0.2903800517891791,0.13513513513513514,0.0010380070889368653,0.036036036036036036,0.0016775194089859724,0.06306306306306306,0.00033527467167004943,0.08108108108108109,0.00047747805365361273,0.018018018018018018,0.00017412399756722152,0.02702702702702703,0.00016435232828371227,0.018018018018018018,8.18443950265646e-05,0.07207207207207207,0.0006942368927411735,0.02702702702702703,0.000651035807095468,0.07207207207207207,0.000515404564794153,0.10810810810810811,0.0013384377816691995,0.018018018018018018,0.00010866890079341829,0.018018018018018018,0.0001754403638187796,0.09009009009009009,0.0011677414877340198,0.036036036036036036,0.0002010904863709584,0.07207207207207207,0.0005980759160593152,0.036036036036036036,0.00023288918600883335,0.0,0.0,0.009009009009009009,4.171273758402094e-05,0.06306306306306306,0.0003601596981752664,0
1H5Z,0,0.94,5.717002296447753,-16,4.045412808769167,0.0,0.0,0.0,92.96375586854461,4.288715855572998,112.46459999999999,10.84,0.3782841328413284,0.1,0.0010036887833848596,0.03,0.00016481349302921444,0.01,5.6402212067041546e-05,0.02,9.00511076906696e-05,0.02,0.00013947363186161965,0.02,0.00017323883366771042,0.04,0.0002151915105059743,0.05,0.0008290870464406908,0.07,0.0011287402594462037,0.09,0.0005591597873717546,0.13,0.0008671239484101534,0.04,0.0001853264548117295,0.06,0.00039855658542364836,0.07,0.000550403434317559,0.04,0.0006154722650535405,0.07,0.000861412612721324,0.07,0.0034898018930107355,0.01,6.644255336141214e-05,0.03,0.00014632998500019312,0.03,0.0003470434166956693,0
2BOQ,0,0.98,4.385605812072753,-23,4.05063765103945,0.0,0.0,0.0,97.47835520918787,1.6741623387884375,108.50043478260864,12.104347826086956,0.3109382808595702,0.11304347826086956,0.0010166995925828815,0.034782608695652174,0.0004685129679273814,0.02608695652173913,0.00013110166764818132,0.043478260869565216,0.0002580523141659796,0.017391304347826087,0.0001221243292093277,0.043478260869565216,0.0002313192089786753,0.05217391304347826,0.0004079140198882669,0.06956521739130435,0.00048206219798885286,0.02608695652173913,0.0005568081978708506,0.0782608695652174,0.0005831746966578066,0.06956521739130435,0.0010390536626800895,0.017391304347826087,8.0347694165539e-05,0.034782608695652174,0.0002572672092355788,0.08695652173913043,0.0006859582499600947,0.06086956521739131,0.00033675297163426876,0.06956521739130435,0.0014144033193588257,0.043478260869565216,0.000326174107613042,0.017391304347826087,0.0001200221449835226,0.0,0.0,0.09565217391304348,0.0006862706504762173,0
6HQQ,0,0.97,4.716238212585449,-30,3.997419417944864,0.0,0.0,0.0,96.96405329153606,1.8317599261088202,108.10654205607473,12.14018691588785,0.4565625607044959,0.14018691588785046,0.0011737652821466327,0.037383177570093455,0.00031662656692788005,0.037383177570093455,0.00024656386813148856,0.0,0.0,0.018691588785046728,0.00015548111696261913,0.009345794392523364,0.00021933189418632537,0.04672897196261682,0.0006708571454510093,0.11214953271028037,0.0014042221009731293,0.037383177570093455,0.0002803552197292447,0.06542056074766354,0.0010804746998474002,0.07476635514018691,0.0006000453722663224,0.009345794392523364,4.644230648409575e-05,0.037383177570093455,0.00028800495783798397,0.056074766355140186,0.000638709170743823,0.037383177570093455,0.0006715522613376379,0.07476635514018691,0.0005917585222050548,0.07476635514018691,0.00046445769839920104,0.04672897196261682,0.00040462269680574536,0.037383177570093455,0.00028185249539092183,0.04672897196261682,0.00027866868185810745,0
1YWC,0,0.92,6.345982551574706,-1,3.959437909092448,0.0,0.0,0.0,92.22348039215687,3.0100956994328927,115.15118181818178,11.3,0.2733416221750896,0.1,0.0011968634789809585,0.01818181818181818,9.29762827581726e-05,0.05454545454545454,0.0002855981874745339,0.08181818181818182,0.0004791327810380608,0.03636363636363636,0.0002365891559747979,0.01818181818181818,7.533904863521457e-05,0.01818181818181818,0.00017143737932201475,0.03636363636363636,0.00019854569109156728,0.02727272727272727,0.00028782180743291974,0.02727272727272727,0.0002640895254444331,0.12727272727272726,0.001267556450329721,0.08181818181818182,0.00040882269968278706,0.00909090909090909,6.282504909904674e-05,0.045454545454545456,0.00036952068330720067,0.00909090909090909,3.946559445466846e-05,0.045454545454545456,0.00024559031589888036,0.06363636363636363,0.0006051147938705981,0.00909090909090909,0.00013800572196487337,0.11818181818181818,0.0010147643042728305,0.07272727272727272,0.0006655600154772401,0
8VWK,0,0.94,7.967019081115723,1,3.9784424978572317,0.0,0.0,0.0,88.65217366302473,5.5334036041487895,110.85070000000003,11.23,0.5481834372217275,0.13,0.000719396339263767,0.1,0.000723679200746119,0.04,0.00027525669429451227,0.02,0.00011840838851640001,0.01,0.00018817804811988026,0.03,0.0011639926815405488,0.04,0.00029264879412949085,0.08,0.0007429859833791852,0.03,0.00019606856221798807,0.06,0.0005619597504846752,0.08,0.0006080138846300542,0.01,6.411485082935542e-05,0.03,0.00023356106248684227,0.07,0.0006121767801232636,0.07,0.001017692731693387,0.02,8.689593232702464e-05,0.05,0.0002756631001830101,0.0,0.0,0.04,0.00022985221585258842,0.09,0.0009455271065235138,0
5XKV,0,0.84,8.709565925598145,2,3.847874273647788,0.0,0.0,0.0,88.19718032786885,4.788846170276389,112.34072164948451,9.814432989690722,0.13188729099887378,0.10309278350515463,0.0007722528534941375,0.030927835051546393,0.0002239536988781765,0.010309278350515464,7.820678729331121e-05,0.030927835051546393,0.00017576280515640974,0.0,0.0,0.020618556701030927,0.00012530101230368018,0.05154639175257732,0.0004588767187669873,0.061855670103092786,0.000525524141266942,0.08247422680412371,0.00050715496763587,0.09278350515463918,0.0012702193344011903,0.14432989690721648,0.0016794796101748943,0.13402061855670103,0.0006463404279202223,0.010309278350515464,8.224648627219722e-05,0.030927835051546393,0.00023919176601339132,0.020618556701030927,0.00010272926010657102,0.041237113402061855,0.000466780096758157,0.030927835051546393,0.0002793906314764172,0.020618556701030927,0.0001921861112350598,0.010309278350515464,0.00010441869380883873,0.07216494845360824,0.0006949499365873635,0
1Z8P,0,0.97,4.93211269378662,-19,3.931760840131636,0.0,0.0,0.0,94.9574277638191,2.021949441231252,108.04920792079206,11.168316831683168,0.4013675303700583,0.09900990099009901,0.0008730838890187442,0.0594059405940594,0.0004514021275099367,0.0297029702970297,0.0001682392758084461,0.009900990099009901,4.868454561801627e-05,0.009900990099009901,0.00011237557919230312,0.009900990099009901,5.216491626924835e-05,0.0594059405940594,0.0005776589969173074,0.09900990099009901,0.0008169112261384726,0.0297029702970297,0.00016272305219899863,0.0891089108910891,0.0005335548194125295,0.15841584158415842,0.0015460721915587783,0.009900990099009901,5.933794818702154e-05,0.0297029702970297,0.00016391463577747345,0.039603960396039604,0.00038802289054729044,0.04950495049504951,0.0010180998360738158,0.07920792079207921,0.0013887921813875437,0.039603960396039604,0.00032357967575080693,0.019801980198019802,8.366300608031452e-05,0.019801980198019802,9.079354640562087e-05,0.0594059405940594,0.00040159860509447753,0
2J0P,0,0.96,5.398590278625488,-13,3.9792896901102996,0.0,0.0,0.0,94.7241157323689,2.791752152909053,115.5718823529411,11.729411764705882,0.4694672252050269,0.07058823529411765,0.0007548644207417965,0.058823529411764705,0.0010165097191929817,0.058823529411764705,0.0009483809117227793,0.03529411764705882,0.00023737743322271854,0.011764705882352941,0.0003199497878085822,0.07058823529411765,0.0009229956194758415,0.03529411764705882,0.0002500958798918873,0.07058823529411765,0.0024008105974644423,0.03529411764705882,0.0005584739265032113,0.09411764705882353,0.0008987635374069214,0.1411764705882353,0.0010836103465408087,0.023529411764705882,0.000156884387251921,0.023529411764705882,0.00012836989481002092,0.08235294117647059,0.0007466025999747217,0.011764705882352941,4.816670116269961e-05,0.0,0.0,0.07058823529411765,0.0009785225847736,0.011764705882352941,5.785635585198179e-05,0.03529411764705882,0.00022421231551561505,0.058823529411764705,0.0021373641211539507,0
7TSA,0,0.97,6.530481910705566,-3,4.171069688252633,0.0,0.0,0.0,96.55634004082825,2.0148351339817165,115.1242105263158,11.421052631578947,0.656036866359447,0.09473684210526316,0.0007756829145364463,0.09473684210526316,0.0005682185874320567,0.031578947368421054,0.0002790111757349223,0.031578947368421054,0.0001474529562983662,0.021052631578947368,0.00027152555412612855,0.042105263157894736,0.00030609933310188353,0.031578947368421054,0.00024173401470761746,0.05263157894736842,0.00035839530755765736,0.031578947368421054,0.00015043785970192403,0.08421052631578947,0.00044766542850993574,0.07368421052631578,0.0004991599707864225,0.021052631578947368,0.00010142371320398524,0.031578947368421054,0.00031787832267582417,0.031578947368421054,0.0004198178357910365,0.06315789473684211,0.00047328471555374563,0.07368421052631578,0.0007775256526656449,0.042105263157894736,0.00019776086264755577,0.05263157894736842,0.000406294857384637,0.031578947368421054,0.00023973200586624444,0.06315789473684211,0.0007474913145415485,0
5EAG,0,0.97,8.764557456970216,6,4.0024230657172595,0.0,0.0,0.0,94.17262204904883,3.5322503364644895,110.89574468085107,10.914893617021276,0.5413815271038115,0.07446808510638298,0.0004910200950689614,0.031914893617021274,0.00017324849613942206,0.010638297872340425,5.065595905762166e-05,0.02127659574468085,0.00012798409443348646,0.010638297872340425,0.00010144215048057958,0.02127659574468085,0.00016947468975558877,0.02127659574468085,0.00011483272828627378,0.09574468085106383,0.0008892671903595328,0.0851063829787234,0.0008369541028514504,0.05319148936170213,0.0002598731662146747,0.10638297872340426,0.0011661993339657784,0.010638297872340425,5.0776910939021036e-05,0.0425531914893617,0.0004938996862620115,0.0851063829787234,0.0005589556531049311,0.0851063829787234,0.0008471332839690149,0.05319148936170213,0.000498367880936712,0.09574468085106383,0.001004876452498138,0.010638297872340425,5.094164953334257e-05,0.0425531914893617,0.00022054715373087674,0.0425531914893617,0.0006342172273434699,0
2ZT4,0,0.86,8.709565925598145,2,3.835038062329886,0.0,0.0,0.0,89.41110928512737,4.0310222563971125,111.93835051546391,9.814432989690722,0.13188729099887378,0.10309278350515463,0.0007720589055679739,0.030927835051546393,0.0002202758623752743,0.010309278350515464,7.89559562690556e-05,0.030927835051546393,0.00017440614465158433,0.0,0.0,0.020618556701030927,0.00012568692909553647,0.05154639175257732,0.0004598360974341631,0.061855670103092786,0.0005249737296253443,0.08247422680412371,0.000508179422467947,0.09278350515463918,0.0012676181504502892,0.14432989690721648,0.0016769133508205414,0.13402061855670103,0.0006453435053117573,0.010309278350515464,8.287553646368906e-05,0.041237113402061855,0.00035286066122353077,0.020618556701030927,0.00010271767678204924,0.041237113402061855,0.000471172301331535,0.030927835051546393,0.0002799633948598057,0.010309278350515464,7.467031537089497e-05,0.010309278350515464,0.00010488850239198655,0.07216494845360824,0.0006964516942389309,0
6MA8,0,0.93,8.598293495178225,5,3.987261621720034,0.0,0.0,0.0,91.78153355447817,4.897394263162555,115.91272727272727,10.613636363636363,0.5072148140938291,0.045454545454545456,0.0008461061515845358,0.06818181818181818,0.00048474996583536267,0.03409090909090909,0.00022730574710294604,0.011363636363636364,6.274064799072221e-05,0.022727272727272728,0.00021683996601495892,0.022727272727272728,0.00012905136100016534,0.03409090909090909,0.00029521004762500525,0.056818181818181816,0.0006342832348309457,0.011363636363636364,4.588210504152812e-05,0.11363636363636363,0.0009356561931781471,0.10227272727272728,0.000808087585028261,0.03409090909090909,0.00014871201710775495,0.056818181818181816,0.00047062226803973317,0.125,0.0009852125076577067,0.045454545454545456,0.00043398188427090645,0.09090909090909091,0.0006764628924429417,0.045454545454545456,0.0010076382895931602,0.0,0.0,0.045454545454545456,0.0003183702938258648,0.03409090909090909,0.00028115094755776227,0
6A7I,0,0.94,5.052213478088378,-20,3.9773641244039,0.0,0.0,0.0,91.33087591240874,3.57370072400708,109.12040404040401,10.94949494949495,0.4488613067948861,0.09090909090909091,0.0009364242432639003,0.020202020202020204,0.00012481457088142633,0.04040404040404041,0.00033927493495866656,0.010101010101010102,0.000120567659905646,0.010101010101010102,0.00011008267756551504,0.020202020202020204,0.0002748116967268288,0.050505050505050504,0.0005172249511815608,0.06060606060606061,0.0005448033916763961,0.06060606060606061,0.0004770130035467446,0.1111111111111111,0.0007928520790301263,0.1414141414141414,0.0009051750530488789,0.04040404040404041,0.00018167198868468404,0.020202020202020204,9.97848910628818e-05,0.050505050505050504,0.00042705697705969214,0.06060606060606061,0.0006486264173872769,0.050505050505050504,0.0005400822265073657,0.0707070707070707,0.002148888073861599,0.010101010101010102,4.981686652172357e-05,0.010101010101010102,5.9736215916927904e-05,0.0707070707070707,0.000462417840026319,0
8S53,0,0.94,5.011744117736816,-21,3.9711378450115298,0.0,0.0,0.0,90.58080882352941,4.965198827865662,109.33742574257424,11.613861386138614,0.5072801397786838,0.0891089108910891,0.0009922110475599766,0.04950495049504951,0.0004596631624735892,0.039603960396039604,0.00031791775836609304,0.019801980198019802,0.00018219627963844687,0.019801980198019802,0.00013552950986195356,0.019801980198019802,9.813685028348118e-05,0.06930693069306931,0.0006026150076650083,0.07920792079207921,0.0008371453150175512,0.0297029702970297,0.00038539498928003013,0.0594059405940594,0.0003429981297813356,0.1782178217821782,0.0012026462936773896,0.009900990099009901,0.00015892492956481874,0.039603960396039604,0.00025661411928012967,0.0594059405940594,0.0005241369944997132,0.039603960396039604,0.001261028228327632,0.06930693069306931,0.0005058578099124134,0.0594059405940594,0.001927365199662745,0.009900990099009901,9.2765134468209e-05,0.009900990099009901,5.7723766076378524e-05,0.04950495049504951,0.0008678289013914764,0
3AWP,0,0.97,7.7562147140502935,1,3.906873690786854,0.0,0.0,0.0,95.95244430881905,2.2547295688779214,111.43520833333334,11.614583333333334,0.4713284753363229,0.08333333333333333,0.0007212976925075054,0.0625,0.0005005576531402767,0.020833333333333332,0.00014290372200775892,0.020833333333333332,0.00013575809134636074,0.010416666666666666,0.000164051481988281,0.041666666666666664,0.000443257944425568,0.03125,0.00022146878472995013,0.09375,0.0008816727786324918,0.03125,0.00016589592269156128,0.0625,0.000549080956261605,0.13541666666666666,0.0008627215283922851,0.0,0.0,0.020833333333333332,0.0001048395861289464,0.07291666666666667,0.0006261593080125749,0.07291666666666667,0.0009505869820713997,0.010416666666666666,4.259111301507801e-05,0.041666666666666664,0.00029971564072184265,0.010416666666666666,6.991443660808727e-05,0.052083333333333336,0.0003772570926230401,0.125,0.0009178282343782485,0
6RQ6,0,0.95,6.211956214904785,-3,3.8005206438545738,0.0,0.0,0.0,93.86232435981616,2.745731302928273,109.72447916666664,10.822916666666666,0.5226379531600899,0.10416666666666667,0.0009237971971742809,0.10416666666666667,0.0006895304541103542,0.041666666666666664,0.00023263956245500594,0.020833333333333332,0.00014607695629820228,0.010416666666666666,0.00012682718806900084,0.010416666666666666,0.0001325953780906275,0.020833333333333332,0.0001042964868247509,0.08333333333333333,0.0009215120226144791,0.041666666666666664,0.0002361927181482315,0.052083333333333336,0.0005088239558972418,0.14583333333333334,0.000948300410527736,0.0,0.0,0.03125,0.0001472276053391397,0.09375,0.0010426212102174759,0.041666666666666664,0.00021803223353344947,0.0625,0.0017342357896268368,0.0625,0.000575399724766612,0.0,0.0,0.0,0.0,0.07291666666666667,0.0004264859016984701,0
8R9Q,0,0.8,7.355329322814941,0,3.8394828488775836,0.0,0.0,0.0,87.58666945606694,5.3869719529085875,110.49268041237113,9.896907216494846,0.1332044673539519,0.08247422680412371,0.0006551283877342939,0.020618556701030927,0.00018458909471519291,0.010309278350515464,5.6083259551087394e-05,0.030927835051546393,0.00023684812185820192,0.0,0.0,0.020618556701030927,0.00012986510409973562,0.05154639175257732,0.00041192182106897235,0.09278350515463918,0.0007197169470600784,0.08247422680412371,0.00051104900194332,0.09278350515463918,0.0012364266440272331,0.14432989690721648,0.0017012376338243484,0.12371134020618557,0.0005918099195696414,0.010309278350515464,8.197665738407522e-05,0.041237113402061855,0.00035732166725210845,0.020618556701030927,0.0001014134832075797,0.030927835051546393,0.0004348904767539352,0.05154639175257732,0.0003982271591667086,0.010309278350515464,7.380790339084342e-05,0.010309278350515464,0.0001063910240191035,0.07216494845360824,0.0008134961826726794,0
8GDI,0,0.95,5.117635154724121,-22,3.933987708596908,0.0,0.0,0.0,91.87490254872563,2.999828982445552,109.7693617021276,11.5,0.4768240596768162,0.07446808510638298,0.0008646907517686486,0.06382978723404255,0.00044996116776019335,0.05319148936170213,0.0005383891984820366,0.0,0.0,0.02127659574468085,0.00020137116371188313,0.02127659574468085,0.00013029891124460846,0.0425531914893617,0.0004930102732032537,0.10638297872340426,0.0009802744025364518,0.031914893617021274,0.00031987580587156117,0.11702127659574468,0.0009103894699364901,0.10638297872340426,0.0006906928610987961,0.010638297872340425,5.546973625314422e-05,0.010638297872340425,9.69743196037598e-05,0.06382978723404255,0.0005121486610732973,0.031914893617021274,0.0007136218482628465,0.0425531914893617,0.00038716441486030817,0.0425531914893617,0.001555555034428835,0.02127659574468085,0.0001326387864537537,0.02127659574468085,0.00021097087301313877,0.11702127659574468,0.0014830267755314708,0
4UGF,0,0.96,5.490157890319824,-13,4.118828973602992,0.0,0.0,0.0,96.0518073923364,2.069506484833307,119.34408602150536,11.311827956989248,0.5048244000163539,0.07526881720430108,0.00046828779159113765,0.06451612903225806,0.0004120448138564825,0.08602150537634409,0.0008225023047998548,0.021505376344086023,0.0001922793744597584,0.010752688172043012,0.00012290476297494024,0.021505376344086023,0.00028690608451142907,0.043010752688172046,0.00021727016428485513,0.043010752688172046,0.00041311586392112076,0.021505376344086023,0.0002180795418098569,0.12903225806451613,0.00227606319822371,0.07526881720430108,0.0004611797339748591,0.03225806451612903,0.00018612248823046684,0.03225806451612903,0.00028593273600563407,0.043010752688172046,0.0005055174697190523,0.03225806451612903,0.0006255090120248497,0.053763440860215055,0.0004634434590116143,0.053763440860215055,0.0003279199590906501,0.06451612903225806,0.00045167101779952645,0.06451612903225806,0.00046975098666734993,0.03225806451612903,0.00022384044132195413,0
4NS2,0,0.82,9.420523262023927,6,3.824260932869919,0.0,0.0,0.0,87.25560794044665,5.297482712093101,110.48288659793813,9.896907216494846,0.13593213058419243,0.08247422680412371,0.0006527859368361533,0.020618556701030927,0.00018420765991322696,0.010309278350515464,5.6858203606680036e-05,0.030927835051546393,0.00023668084759265184,0.0,0.0,0.020618556701030927,0.00012672363664023578,0.041237113402061855,0.0003625763638410717,0.09278350515463918,0.0007041150238364935,0.08247422680412371,0.0005016208160668612,0.09278350515463918,0.0012449243804439902,0.14432989690721648,0.0016974951140582561,0.13402061855670103,0.000640475656837225,0.010309278350515464,8.445211278740317e-05,0.041237113402061855,0.0003602726792450994,0.020618556701030927,9.989348473027349e-05,0.030927835051546393,0.0004468659171834588,0.05154639175257732,0.000393293536035344,0.010309278350515464,7.313986134249717e-05,0.010309278350515464,0.00011061104305554181,0.07216494845360824,0.0007875876617617905,0
6LY4,0,0.95,5.647545051574707,-16,3.8326520102287125,0.0,0.0,0.0,90.23126089185034,5.178933355232731,111.20659574468083,11.01063829787234,0.5423784561619899,0.07446808510638298,0.0006811621133238077,0.02127659574468085,0.00015289626026060432,0.031914893617021274,0.00019880724721588194,0.0,0.0,0.010638297872340425,0.00024597448646090925,0.06382978723404255,0.0003931736864615232,0.0425531914893617,0.00029168088803999126,0.0851063829787234,0.0015630022389814258,0.0425531914893617,0.00023640625295229256,0.05319148936170213,0.00040387845365330577,0.20212765957446807,0.0012964254710823298,0.05319148936170213,0.0003221919178031385,0.010638297872340425,5.411119855125435e-05,0.07446808510638298,0.0007933980086818337,0.0425531914893617,0.0006819549598731101,0.05319148936170213,0.0003219266654923558,0.0851063829787234,0.0011489702155813575,0.031914893617021274,0.0003027086495421827,0.0,0.0,0.02127659574468085,0.00012284566764719784,0
6LAA,0,0.93,6.024330711364747,-15,4.086570040952117,0.0,0.0,0.0,88.78915685650651,5.8469960005998285,109.61825242718447,10.766990291262136,0.5586682658215658,0.1262135922330097,0.0010508672567084432,0.0970873786407767,0.0007212437340058386,0.06796116504854369,0.000765893782954663,0.05825242718446602,0.0003734974015969783,0.04854368932038835,0.00027751122252084315,0.02912621359223301,0.00027134621632285416,0.05825242718446602,0.003965447191148996,0.0970873786407767,0.0006032998790033162,0.038834951456310676,0.0018711884040385485,0.04854368932038835,0.0002529645280446857,0.02912621359223301,0.000521050242241472,0.019417475728155338,0.00013319878780748695,0.009708737864077669,4.3114705476909876e-05,0.04854368932038835,0.0003946581855416298,0.05825242718446602,0.00040728269959799945,0.04854368932038835,0.0010293916566297412,0.02912621359223301,0.00016128765128087252,0.009708737864077669,4.323946632212028e-05,0.02912621359223301,0.0003089781093876809,0.04854368932038835,0.00033154693664982915,0
4GRC,0,0.91,6.243047142028809,-6,3.908459142748066,0.0,0.0,0.0,85.62164342025471,9.969918388429754,107.55326530612246,12.33673469387755,0.5998379500683648,0.1326530612244898,0.0010003329953178763,0.08163265306122448,0.0009886965854093432,0.02040816326530612,0.0001169241004390642,0.05102040816326531,0.0004714130482170731,0.02040816326530612,0.00033740673097781837,0.05102040816326531,0.0005783879896625876,0.0,0.0,0.09183673469387756,0.001281549222767353,0.02040816326530612,0.00023251819948200136,0.05102040816326531,0.00030309040448628366,0.10204081632653061,0.001408499083481729,0.02040816326530612,0.0003644681128207594,0.0,0.0,0.061224489795918366,0.000785188574809581,0.030612244897959183,0.00024382515402976424,0.061224489795918366,0.0005817064666189253,0.08163265306122448,0.0006517240544781089,0.01020408163265306,4.210729821352288e-05,0.030612244897959183,0.0006295254570432007,0.08163265306122448,0.0005773418233729899,0
2CIW,0,0.93,4.474388313293456,-23,4.104878547979043,0.0,0.0,0.0,89.09952093223997,4.860297983244035,113.76709090909095,11.209090909090909,0.2513160805131608,0.11818181818181818,0.000965197803452611,0.05454545454545454,0.0003853063681162894,0.07272727272727272,0.0004948734422214329,0.045454545454545456,0.00023607633193023503,0.00909090909090909,0.0005354909226298332,0.01818181818181818,0.00015466415788978338,0.05454545454545454,0.0005489495815709233,0.02727272727272727,0.00015491581871174276,0.03636363636363636,0.00021786811703350395,0.06363636363636363,0.00046720533282496035,0.09090909090909091,0.0006154309376142919,0.02727272727272727,0.00016500813944730908,0.01818181818181818,0.00010141855455003679,0.08181818181818182,0.0008395106415264308,0.05454545454545454,0.0007896724273450673,0.08181818181818182,0.0006762201664969325,0.045454545454545456,0.00024687786935828626,0.02727272727272727,0.00023283498012460768,0.02727272727272727,0.0001335001434199512,0.045454545454545456,0.0003059311129618436,0
4RLR,0,0.91,8.839211845397951,3,4.1430735272292685,0.0,0.0,0.0,94.59960803059273,2.1934499128658134,117.0129213483146,10.280898876404494,0.1475901025357647,0.07865168539325842,0.0006737136282026768,0.0898876404494382,0.0008822820382192731,0.033707865168539325,0.00026163371512666345,0.06741573033707865,0.0005286170053295791,0.02247191011235955,0.00019624552805908024,0.02247191011235955,0.00010458876204211265,0.011235955056179775,5.1740094932029024e-05,0.0898876404494382,0.0006468328065238893,0.033707865168539325,0.00030938792042434216,0.0449438202247191,0.0004304330504965037,0.07865168539325842,0.0022667148150503635,0.0449438202247191,0.0003089014790020883,0.0449438202247191,0.0007597892545163631,0.0449438202247191,0.00047632705536670983,0.033707865168539325,0.00018692034063860774,0.011235955056179775,7.612549961777404e-05,0.06741573033707865,0.0005701802438125014,0.0449438202247191,0.00030014044023118913,0.06741573033707865,0.0007027753163129091,0.06741573033707865,0.00046033269609324634,0
1H57,0,0.98,6.35189380645752,-1,3.945909030153985,0.0,0.0,0.0,97.37174496644295,1.5271820711755777,106.69045045045041,11.252252252252251,0.2903800517891791,0.13513513513513514,0.0010380070889368653,0.036036036036036036,0.0016775194089859724,0.06306306306306306,0.00033527467167004943,0.08108108108108109,0.00047747805365361273,0.018018018018018018,0.00017412399756722152,0.02702702702702703,0.00016435232828371227,0.018018018018018018,8.18443950265646e-05,0.07207207207207207,0.0006942368927411735,0.02702702702702703,0.000651035807095468,0.07207207207207207,0.000515404564794153,0.10810810810810811,0.0013384377816691995,0.018018018018018018,0.00010866890079341829,0.018018018018018018,0.0001754403638187796,0.09009009009009009,0.0011677414877340198,0.036036036036036036,0.0002010904863709584,0.07207207207207207,0.0005980759160593152,0.036036036036036036,0.00023288918600883335,0.0,0.0,0.009009009009009009,4.171273758402094e-05,0.06306306306306306,0.0003601596981752664,0
5VCE,0,0.92,8.853781700134277,5,3.968970252692343,0.0,0.0,0.0,89.33271242663946,5.570238100257623,115.54840909090909,10.647727272727273,0.5112181042010284,0.056818181818181816,0.0008937276434153318,0.06818181818181818,0.0004862307687290013,0.03409090909090909,0.00022589821310248226,0.011363636363636364,6.386225868482143e-05,0.011363636363636364,0.0001687531912466511,0.022727272727272728,0.0001296619448112324,0.03409090909090909,0.0002982204023282975,0.056818181818181816,0.0006412811926566064,0.011363636363636364,4.540709778666496e-05,0.11363636363636363,0.00093193439533934,0.10227272727272728,0.0008094940567389131,0.03409090909090909,0.00014838451170362532,0.056818181818181816,0.00046624394599348307,0.125,0.0009865916799753904,0.045454545454545456,0.00042796132038347423,0.09090909090909091,0.0006760286632925272,0.045454545454545456,0.001018654671497643,0.0,0.0,0.045454545454545456,0.00031864512129686773,0.03409090909090909,0.00028005189960822463,0
4ICT,0,0.96,6.231622505187987,-3,3.8308131751064263,0.0,0.0,0.0,94.09169251072255,2.590748280038136,109.86673684210523,10.83157894736842,0.5168533578845071,0.10526315789473684,0.0009364156285300851,0.10526315789473684,0.000696130155120045,0.042105263157894736,0.00023185304598882794,0.021052631578947368,0.0001403259375365451,0.010526315789473684,0.0001316797424806282,0.021052631578947368,0.0001742695749271661,0.021052631578947368,0.00010453084541950375,0.08421052631578947,0.0009617363684810698,0.042105263157894736,0.00024243781808763742,0.05263157894736842,0.0005214456468820572,0.1368421052631579,0.0009136965963989496,0.0,0.0,0.031578947368421054,0.0001478096382925287,0.09473684210526316,0.0010446421802043915,0.042105263157894736,0.0002216867869719863,0.07368421052631578,0.0019140428630635142,0.06315789473684211,0.0005979586276225746,0.0,0.0,0.0,0.0,0.05263157894736842,0.0003532975970301777,0
5OMU,0,0.97,4.716351890563964,-30,4.015153582864537,0.0,0.0,0.0,96.89500779544747,1.8550911340797815,108.9115887850467,12.11214953271028,0.4529320987654321,0.1308411214953271,0.0011024567065760493,0.037383177570093455,0.00031614850740879774,0.037383177570093455,0.0002453294291626662,0.0,0.0,0.018691588785046728,0.0001531969173811376,0.009345794392523364,0.000214420331758447,0.04672897196261682,0.0006475597620010376,0.11214953271028037,0.0014062547124922276,0.037383177570093455,0.00027923399466089904,0.06542056074766354,0.001114680664613843,0.07476635514018691,0.0006000634166412055,0.009345794392523364,4.633100616047159e-05,0.037383177570093455,0.00028467917582020164,0.06542056074766354,0.0007124287076294422,0.04672897196261682,0.0006945494678802788,0.06542056074766354,0.0005568431806750596,0.07476635514018691,0.0004700726130977273,0.04672897196261682,0.0004107611603103578,0.037383177570093455,0.00028193104662932456,0.04672897196261682,0.00027646595844998956,0
2HZ2,0,0.84,5.136164665222167,-7,3.768494268828934,0.0,0.0,0.0,84.82275933609958,3.4451450855971975,112.07789473684207,9.43157894736842,0.11116071428571428,0.17894736842105263,0.001694525359198451,0.06315789473684211,0.0003838502161670476,0.010526315789473684,4.694997187471017e-05,0.08421052631578947,0.0005948994657956064,0.0,0.0,0.031578947368421054,0.0004425501683726907,0.05263157894736842,0.000323150132317096,0.05263157894736842,0.0003322726406622678,0.031578947368421054,0.0002614915429148823,0.021052631578947368,0.00012635663733817637,0.12631578947368421,0.0010907766409218311,0.06315789473684211,0.0004754395049531013,0.031578947368421054,0.00018952628306578845,0.06315789473684211,0.0006803528522141278,0.010526315789473684,5.5239201174117625e-05,0.0,0.0,0.042105263157894736,0.0002739940246101469,0.0,0.0,0.05263157894736842,0.0003743004344869405,0.08421052631578947,0.0009468190255574882,0
8F9H,0,0.85,9.003928565979006,3,3.8300282550047324,0.0,0.0,0.0,87.59603278688525,4.4287906898296505,111.25731958762887,9.896907216494846,0.1374463058419244,0.1134020618556701,0.0008553687948733568,0.030927835051546393,0.00022181987878866494,0.010309278350515464,8.19684864836745e-05,0.030927835051546393,0.00017269531963393092,0.0,0.0,0.020618556701030927,0.00012476950359996408,0.05154639175257732,0.00046897231368348,0.061855670103092786,0.0005242287297733128,0.07216494845360824,0.00042472840868867934,0.09278350515463918,0.001290223328396678,0.14432989690721648,0.0016880693146958947,0.13402061855670103,0.0006509298109449446,0.010309278350515464,8.538437396055087e-05,0.041237113402061855,0.00035392455174587667,0.020618556701030927,0.0001006068050628528,0.041237113402061855,0.0004881679196842015,0.030927835051546393,0.0002799331268761307,0.010309278350515464,7.533366442658007e-05,0.010309278350515464,0.00010982972162310034,0.07216494845360824,0.0007043870282359421,0
2VLY,0,0.83,7.355329322814941,0,3.8345908105752233,0.0,0.0,0.0,88.64944120100084,4.756260412661796,109.9473469387755,9.918367346938776,0.13607541782144958,0.08163265306122448,0.0006467443308793008,0.02040816326530612,0.00018270059081260115,0.01020408163265306,5.636300193145871e-05,0.030612244897959183,0.00023395841708406806,0.0,0.0,0.02040816326530612,0.0001272753725061193,0.05102040816326531,0.0004072638985235244,0.10204081632653061,0.0007452654535882175,0.08163265306122448,0.0005030293832533062,0.09183673469387756,0.0011958980467170477,0.14285714285714285,0.0016857727896422148,0.12244897959183673,0.0005862289108335972,0.01020408163265306,8.090931078186259e-05,0.04081632653061224,0.0003556815208867192,0.02040816326530612,0.00010188107989961281,0.030612244897959183,0.00043477764120325446,0.05102040816326531,0.0003926463541574776,0.01020408163265306,7.203198038041592e-05,0.01020408163265306,0.00010682847641874105,0.07142857142857142,0.0007958835922181606,0
5B85,0,0.85,8.69067668914795,2,3.8478742736477884,0.0,0.0,0.0,88.75619047619047,4.16641462685292,112.10329896907216,9.855670103092784,0.1324785403097097,0.10309278350515463,0.0007706642500124872,0.030927835051546393,0.00022193763288669288,0.010309278350515464,7.898469630163163e-05,0.030927835051546393,0.00017515118815936148,0.0,0.0,0.020618556701030927,0.00012570068065542728,0.05154639175257732,0.00045909476466476917,0.061855670103092786,0.0005242461338639259,0.08247422680412371,0.000507661490701139,0.09278350515463918,0.00126603280659765,0.14432989690721648,0.0016737324185669422,0.13402061855670103,0.000645445950794965,0.010309278350515464,8.295194857055321e-05,0.030927835051546393,0.00023910703021101654,0.020618556701030927,0.00010206479055341333,0.041237113402061855,0.0004686943721026182,0.030927835051546393,0.000279511499684304,0.010309278350515464,7.458541222149506e-05,0.020618556701030927,0.000219432040466927,0.07216494845360824,0.0006948885275050998,0
4NVL,0,0.96,5.095752143859862,-11,4.0136498545036545,0.0,0.0,0.0,95.38317439862543,2.296722979849379,109.75842105263159,11.37719298245614,0.2584033329275386,0.07017543859649122,0.0009704172261990607,0.02631578947368421,0.0006345237488858402,0.05263157894736842,0.00027369605959393084,0.03508771929824561,0.00016480599879287183,0.0,0.0,0.02631578947368421,0.00013816978025715798,0.043859649122807015,0.0002675522700883448,0.13157894736842105,0.0011146536562591791,0.017543859649122806,0.0003126645169686526,0.03508771929824561,0.00025335801183246076,0.11403508771929824,0.001256717718206346,0.043859649122807015,0.0002450905740261078,0.02631578947368421,0.00019714355585165322,0.10526315789473684,0.0007026217645034194,0.03508771929824561,0.0002812831080518663,0.06140350877192982,0.0005124681047163904,0.05263157894736842,0.00028564504464156926,0.02631578947368421,0.0010040397755801678,0.02631578947368421,0.0001408591924700886,0.07017543859649122,0.0011776364408433437,0
1CPG,0,0.97,5.109450340270995,-11,4.031253906672368,0.0,0.0,0.0,95.42950544844928,2.2964789536157784,110.36575221238938,11.353982300884956,0.2618724091075259,0.07079646017699115,0.0009729295270517468,0.02654867256637168,0.0005882150144316256,0.061946902654867256,0.00031141325598582625,0.035398230088495575,0.0001672040525591001,0.0,0.0,0.035398230088495575,0.00016969165881164372,0.04424778761061947,0.0002769510610960424,0.12389380530973451,0.0010678984690457582,0.017699115044247787,0.0003313992347102612,0.02654867256637168,0.00022552897280547768,0.10619469026548672,0.0012358962558209896,0.04424778761061947,0.0002495698572602123,0.02654867256637168,0.0001979284716071561,0.10619469026548672,0.00071203603874892,0.035398230088495575,0.0002710013941396028,0.061946902654867256,0.0005374964093789458,0.05309734513274336,0.0002872480545192957,0.02654867256637168,0.0012687889393419027,0.02654867256637168,0.00014128586917649955,0.07079646017699115,0.00104684813413769,0
1A6G,0,0.81,9.008054542541505,3,3.835038062329886,0.0,0.0,0.0,87.24392857142857,5.092202096399281,111.93835051546388,9.731958762886597,0.1280796784903023,0.10309278350515463,0.0007710456848144531,0.030927835051546393,0.00021847807511221617,0.010309278350515464,7.879285840317607e-05,0.030927835051546393,0.00017697561997920275,0.0,0.0,0.020618556701030927,0.00012821456766687334,0.05154639175257732,0.0004519285575952381,0.061855670103092786,0.000533952668774873,0.08247422680412371,0.0005116863758303225,0.09278350515463918,0.0012789011234417558,0.14432989690721648,0.001654942985624075,0.13402061855670103,0.0006354289362207055,0.010309278350515464,8.39899803395383e-05,0.041237113402061855,0.0003421609289944172,0.020618556701030927,9.777573723113164e-05,0.041237113402061855,0.0004662037536036223,0.030927835051546393,0.00027692061848938465,0.010309278350515464,7.673867366975173e-05,0.010309278350515464,9.894352115225047e-05,0.07216494845360824,0.0007012377609498799,0
8GLZ,0,0.96,5.399783897399902,-10,3.7343871938407216,0.0,0.0,0.0,93.10380375915898,3.652255205234979,106.89653465346528,11.702970297029703,0.468462582298839,0.0891089108910891,0.0007142952526919544,0.0594059405940594,0.0003977257583756,0.04950495049504951,0.0004324678739067167,0.009900990099009901,0.00016431260155513883,0.009900990099009901,0.0001307526254095137,0.019801980198019802,0.00028289848705753684,0.06930693069306931,0.0007390186656266451,0.13861386138613863,0.0012063155882060528,0.019801980198019802,0.00012037136184517294,0.019801980198019802,0.0001112821264541708,0.13861386138613863,0.0010633246274664998,0.0,0.0,0.019801980198019802,0.00014234118862077594,0.1188118811881188,0.0009484508773311973,0.0297029702970297,0.00043111940613016486,0.06930693069306931,0.0005208321963436902,0.0297029702970297,0.00047021452337503433,0.0,0.0,0.009900990099009901,5.233769479673356e-05,0.09900990099009901,0.0015022081788629293,0
3IW1,0,0.95,5.499422645568846,-14,4.071618876999653,0.0,0.0,0.0,90.53086625695053,4.237833686242926,108.80028037383175,11.467289719626168,0.554677086427652,0.08411214953271028,0.0008019037777557969,0.07476635514018691,0.000477190304081887,0.07476635514018691,0.0005904450663365424,0.009345794392523364,5.294389120535925e-05,0.018691588785046728,0.00016213218623306602,0.028037383177570093,0.0001555909402668476,0.018691588785046728,0.00018544468912295997,0.102803738317757,0.0009712939499877393,0.018691588785046728,0.00012686099216807634,0.06542056074766354,0.00040440401062369347,0.07476635514018691,0.0005474764620885253,0.018691588785046728,7.629549509147182e-05,0.037383177570093455,0.00021638002363033593,0.04672897196261682,0.0005013771587982774,0.04672897196261682,0.0006006580078974366,0.06542056074766354,0.000387111387681216,0.08411214953271028,0.0011391635052859783,0.018691588785046728,0.00018845430167857558,0.028037383177570093,0.00024328375002369285,0.08411214953271028,0.0015140679897740483,0
2AMM,0,0.91,6.083556938171386,-2,4.044458466256686,0.0,0.0,0.0,93.04572036905606,3.210484567901235,115.17788990825684,11.412844036697248,0.26461695035251775,0.045871559633027525,0.0003377663961146027,0.01834862385321101,0.00010204475984210148,0.027522935779816515,0.00014334778825286776,0.06422018348623854,0.00031659239903092384,0.03669724770642202,0.00025760012795217335,0.027522935779816515,0.00015291872841771692,0.03669724770642202,0.0002431889733998105,0.045871559633027525,0.00026879424694925547,0.03669724770642202,0.00039264996303245425,0.027522935779816515,0.00032888201531022787,0.08256880733944955,0.0008633416728116572,0.09174311926605505,0.00046252793981693685,0.0,0.0,0.05504587155963303,0.0004683718434534967,0.03669724770642202,0.0002307625545654446,0.07339449541284404,0.0005875210044905543,0.09174311926605505,0.0008937607635743916,0.009174311926605505,0.00013265872257761657,0.10091743119266056,0.0008733261493034661,0.09174311926605505,0.0009992315899580717,0
9H1M,0,0.97,6.301420783996583,-1,3.945909030153985,0.0,0.0,0.0,97.22748745819398,1.6095882950534661,106.6904504504504,11.153153153153154,0.2872403906329593,0.13513513513513514,0.0010342552559450269,0.036036036036036036,0.001658614375628531,0.06306306306306306,0.0003335016663186252,0.08108108108108109,0.00047823908971622586,0.018018018018018018,0.00017655019473750144,0.02702702702702703,0.00016459128528367728,0.018018018018018018,8.198450814234093e-05,0.07207207207207207,0.0006867953925393522,0.02702702702702703,0.0006601015338674188,0.07207207207207207,0.0005158803542144597,0.10810810810810811,0.0013464184012264013,0.018018018018018018,0.0001075140098691918,0.018018018018018018,0.0001770836825016886,0.09009009009009009,0.0011927088489755988,0.036036036036036036,0.00019990085274912417,0.07207207207207207,0.0005924632423557341,0.036036036036036036,0.00023244312615133822,0.0,0.0,0.009009009009009009,4.105442712898366e-05,0.06306306306306306,0.0003605160745792091,0
5L1Q,0,0.96,5.932137870788575,-8,3.9129036233874532,0.0,0.0,0.0,92.446589964845,2.7563224109302795,108.83490196078431,11.019607843137255,0.4613599888353918,0.08823529411764706,0.0007325371261686087,0.0784313725490196,0.0006439932622015476,0.029411764705882353,0.0002596333506517112,0.0196078431372549,0.00010535640467423946,0.00980392156862745,0.00013194807979743928,0.0196078431372549,8.865868585417047e-05,0.049019607843137254,0.00037080305628478527,0.14705882352941177,0.0011136697139590979,0.0392156862745098,0.00023231570958159864,0.0784313725490196,0.0006520311580970883,0.13725490196078433,0.0008803150849416852,0.00980392156862745,4.382816041470505e-05,0.0392156862745098,0.00020076580403838307,0.058823529411764705,0.0005704227951355278,0.0196078431372549,0.0001185707951663062,0.0196078431372549,0.00012565671931952238,0.058823529411764705,0.001193052507005632,0.0196078431372549,8.757207979215309e-05,0.00980392156862745,0.00012471183435991406,0.06862745098039216,0.0004903855733573437,0
2WHF,0,0.9,5.971697807312012,-11,3.9528837315999596,0.0,0.0,0.0,87.27279265255291,5.753126300793227,106.18559999999997,11.62,0.48954388984509467,0.11,0.0007189424941316247,0.05,0.0004696461255662143,0.03,0.0003083311312366277,0.01,0.00035601801937446,0.02,0.000204936382942833,0.03,0.0002476686495356262,0.02,9.737521759234369e-05,0.1,0.0013215909712016582,0.03,0.00020274566486477852,0.02,0.00010989917791448534,0.13,0.0008737905882298946,0.01,5.959895861451514e-05,0.05,0.0003880358417518437,0.04,0.0003514719137456268,0.04,0.0006515227723866701,0.07,0.0005727188545279205,0.09,0.0021968975197523832,0.02,9.526204667054117e-05,0.02,0.0002047502202913165,0.11,0.0014177396660670638,0
2Q8Q,0,0.91,9.266121482849119,8,3.945915597288215,0.0,0.0,0.0,91.24995208433157,3.520609467455621,110.19559139784943,10.978494623655914,0.25481027455688604,0.06451612903225806,0.0012802078854292631,0.021505376344086023,0.00010228499741060659,0.010752688172043012,0.00032396812457591295,0.07526881720430108,0.0006709982990287244,0.0,0.0,0.03225806451612903,0.00019228724704589695,0.021505376344086023,0.00025341971195302904,0.053763440860215055,0.0016102823428809643,0.010752688172043012,0.00010841321636689827,0.06451612903225806,0.0013254479272291064,0.12903225806451613,0.0008445113198831677,0.07526881720430108,0.00041365763172507286,0.06451612903225806,0.00043715102947317064,0.03225806451612903,0.0005698790191672742,0.06451612903225806,0.0004609820316545665,0.06451612903225806,0.0005389081197790802,0.0967741935483871,0.0022629322484135628,0.0,0.0,0.043010752688172046,0.0004711246583610773,0.07526881720430108,0.0006427977350540459,0
1NP4,0,0.92,6.345982551574706,-1,3.959437909092448,0.0,0.0,0.0,92.22348039215687,3.0100956994328927,115.15118181818178,11.3,0.2733416221750896,0.1,0.0011968634789809585,0.01818181818181818,9.29762827581726e-05,0.05454545454545454,0.0002855981874745339,0.08181818181818182,0.0004791327810380608,0.03636363636363636,0.0002365891559747979,0.01818181818181818,7.533904863521457e-05,0.01818181818181818,0.00017143737932201475,0.03636363636363636,0.00019854569109156728,0.02727272727272727,0.00028782180743291974,0.02727272727272727,0.0002640895254444331,0.12727272727272726,0.001267556450329721,0.08181818181818182,0.00040882269968278706,0.00909090909090909,6.282504909904674e-05,0.045454545454545456,0.00036952068330720067,0.00909090909090909,3.946559445466846e-05,0.045454545454545456,0.00024559031589888036,0.06363636363636363,0.0006051147938705981,0.00909090909090909,0.00013800572196487337,0.11818181818181818,0.0010147643042728305,0.07272727272727272,0.0006655600154772401,0
6HQR,0,0.97,4.748352241516113,-30,4.013220815616682,0.0,0.0,0.0,96.9155868544601,1.8304909779111254,108.7239252336448,12.186915887850468,0.4599650249412304,0.1308411214953271,0.0011063272831961513,0.037383177570093455,0.0003175725869368762,0.037383177570093455,0.0002458225644659251,0.0,0.0,0.018691588785046728,0.00015540547610726207,0.009345794392523364,0.00021831397316418588,0.04672897196261682,0.0006718522636219859,0.11214953271028037,0.001409452874213457,0.04672897196261682,0.00035121102700941265,0.06542056074766354,0.0010814109118655324,0.07476635514018691,0.000599702587351203,0.009345794392523364,4.623378117685206e-05,0.037383177570093455,0.00028815213590860367,0.056074766355140186,0.0006416559917852283,0.037383177570093455,0.0006744635757058859,0.07476635514018691,0.0005919518298469484,0.07476635514018691,0.0004652528732549399,0.04672897196261682,0.0004054213350173086,0.037383177570093455,0.0002822445530910045,0.04672897196261682,0.00027888448676094413,0
5ZZG,0,0.85,8.082868766784667,1,3.8592495627999557,0.0,0.0,0.0,87.88231085526316,4.3662608398479215,111.87597938144327,9.835051546391753,0.13339384901337828,0.10309278350515463,0.0007741468725726008,0.030927835051546393,0.000218803426832892,0.010309278350515464,7.924983219709247e-05,0.041237113402061855,0.00025424076011404395,0.0,0.0,0.020618556701030927,0.00012533324479591101,0.05154639175257732,0.00046097126323729753,0.061855670103092786,0.0005270896945148706,0.07216494845360824,0.0004265159659553319,0.09278350515463918,0.0012710263254120946,0.14432989690721648,0.0016871306579560041,0.13402061855670103,0.0006486299680545926,0.010309278350515464,8.335333404829726e-05,0.030927835051546393,0.00030372614855878055,0.020618556701030927,0.00010168811422772706,0.041237113402061855,0.0004746066697407514,0.030927835051546393,0.0002832959871739149,0.010309278350515464,7.581499085063115e-05,0.020618556701030927,0.00015648735279683024,0.07216494845360824,0.0007017680909484625,0
5IKG,0,0.97,5.296450614929199,-10,3.909034872555433,0.0,0.0,0.0,97.63147496206372,1.9199570761267517,111.86227722772277,11.891089108910892,0.7313130147319478,0.07920792079207921,0.0010810397798195481,0.04950495049504951,0.0008264409261755645,0.009900990099009901,5.674868589267135e-05,0.0297029702970297,0.00021341310639400035,0.0,0.0,0.09900990099009901,0.0006350315525196493,0.0297029702970297,0.00019333833188284189,0.1188118811881188,0.0011961228447034955,0.04950495049504951,0.0002850488235708326,0.09900990099009901,0.0007996708736754954,0.07920792079207921,0.0005475129000842571,0.009900990099009901,5.1306007662788033e-05,0.0297029702970297,0.00028603774262592196,0.10891089108910891,0.0012320035602897406,0.0297029702970297,0.00018391991034150124,0.06930693069306931,0.0005949850310571492,0.009900990099009901,8.663803600938991e-05,0.009900990099009901,4.393376366351731e-05,0.0297029702970297,0.00026790754054673016,0.0594059405940594,0.0007712403312325478,0
1ECD,0,0.87,6.4564207077026365,-1,4.00971542182019,0.0,0.0,0.0,92.38533014354067,2.4084829152249134,113.01268817204301,9.53763440860215,0.14517947412444995,0.07526881720430108,0.00054636609274894,0.021505376344086023,0.00037308281753212214,0.043010752688172046,0.0003484598419163376,0.06451612903225806,0.00037915739812888205,0.0,0.0,0.021505376344086023,0.00014248077059164643,0.03225806451612903,0.0001423480425728485,0.07526881720430108,0.0005714779254049063,0.043010752688172046,0.00024409728939644992,0.07526881720430108,0.0008154311799444258,0.043010752688172046,0.0004878668987657875,0.06451612903225806,0.00038685830077156425,0.03225806451612903,0.0002074946678476408,0.13978494623655913,0.0016853171400725842,0.021505376344086023,0.00015789743338245898,0.053763440860215055,0.00035266022314317524,0.06451612903225806,0.0003296582435723394,0.010752688172043012,7.723443559370935e-05,0.021505376344086023,0.0001839480100898072,0.0967741935483871,0.0009237136691808701,0
5G6B,0,0.96,5.490157890319824,-13,4.118828973602992,0.0,0.0,0.0,96.0518073923364,2.069506484833307,119.34408602150536,11.311827956989248,0.5048244000163539,0.07526881720430108,0.00046828779159113765,0.06451612903225806,0.0004120448138564825,0.08602150537634409,0.0008225023047998548,0.021505376344086023,0.0001922793744597584,0.010752688172043012,0.00012290476297494024,0.021505376344086023,0.00028690608451142907,0.043010752688172046,0.00021727016428485513,0.043010752688172046,0.00041311586392112076,0.021505376344086023,0.0002180795418098569,0.12903225806451613,0.00227606319822371,0.07526881720430108,0.0004611797339748591,0.03225806451612903,0.00018612248823046684,0.03225806451612903,0.00028593273600563407,0.043010752688172046,0.0005055174697190523,0.03225806451612903,0.0006255090120248497,0.053763440860215055,0.0004634434590116143,0.053763440860215055,0.0003279199590906501,0.06451612903225806,0.00045167101779952645,0.06451612903225806,0.00046975098666734993,0.03225806451612903,0.00022384044132195413,0
1HRM,0,0.88,7.329240226745606,0,3.8732148297413747,0.0,0.0,0.0,91.32939217318902,3.24321842026571,110.39404040404038,9.969696969696969,0.1370851370851371,0.08080808080808081,0.000648770947009325,0.020202020202020204,0.0001832906564231962,0.010101010101010102,5.6272434449056163e-05,0.030303030303030304,0.00023151724599301815,0.0,0.0,0.030303030303030304,0.0001669542834861204,0.050505050505050504,0.0004032242577522993,0.10101010101010101,0.0007456080638803542,0.0707070707070707,0.0004384069761727005,0.09090909090909091,0.0011995204258710146,0.1414141414141414,0.0016845748759806156,0.12121212121212122,0.0005841610836796463,0.010101010101010102,7.995472697075456e-05,0.04040404040404041,0.0003535599971655756,0.020202020202020204,0.00010167611617362127,0.030303030303030304,0.00042483469587750733,0.050505050505050504,0.00039255438605323434,0.010101010101010102,7.232070493046194e-05,0.020202020202020204,0.00017270518583245575,0.0707070707070707,0.0008008367731235921,0
1MNH,0,0.84,7.274390602111817,0,3.8982803505771226,0.0,0.0,0.0,88.69813856427379,4.499427570592506,109.98816326530613,10.0,0.13840066638900458,0.08163265306122448,0.0006547310040332377,0.030612244897959183,0.0002893510099966079,0.02040816326530612,0.00015381549019366503,0.02040816326530612,9.915068949339911e-05,0.0,0.0,0.04081632653061224,0.00025346039910800755,0.061224489795918366,0.0005494341603480279,0.10204081632653061,0.0007624475401826203,0.05102040816326531,0.00030044332379475236,0.061224489795918366,0.0010119465878233314,0.14285714285714285,0.0017072359332814813,0.12244897959183673,0.0005950761260464787,0.02040816326530612,0.00015073957911226898,0.04081632653061224,0.0003596390306483954,0.02040816326530612,0.00010230401676381007,0.04081632653061224,0.0005185083136893809,0.030612244897959183,0.00022141709632705897,0.01020408163265306,7.302063750103116e-05,0.01020408163265306,0.0001088975986931473,0.09183673469387756,0.0009392264182679355,0
4BLN,0,0.98,4.417378807067872,-22,4.023964199318234,0.0,0.0,0.0,97.27019631901841,1.8294935767165046,107.91704347826084,12.121739130434783,0.31213274281080405,0.10434782608695652,0.0009683268144726753,0.034782608695652174,0.0004722019366454333,0.02608695652173913,0.00013212660269346088,0.043478260869565216,0.0002571931399870664,0.017391304347826087,0.00012312196486163884,0.043478260869565216,0.0002325487876078114,0.043478260869565216,0.00035277422284707427,0.08695652173913043,0.0005963882431387901,0.02608695652173913,0.0005570533685386181,0.0782608695652174,0.0005850154557265341,0.06956521739130435,0.0010460324119776487,0.008695652173913044,4.6125664084684104e-05,0.034782608695652174,0.00025572863523848355,0.09565217391304348,0.0007202607812359929,0.06086956521739131,0.00033693062141537666,0.06956521739130435,0.0013963623205199838,0.043478260869565216,0.0003261295205447823,0.017391304347826087,0.00011857460049213842,0.0,0.0,0.09565217391304348,0.0006941276369616389,0
2EUQ,0,0.96,5.178452873229979,-10,4.010000687267129,0.0,0.0,0.0,95.71017343485616,2.195020593271322,109.81374999999996,11.428571428571429,0.26503208705357145,0.07142857142857142,0.0009787323651835322,0.026785714285714284,0.000620138889644295,0.0625,0.0003154208534397185,0.03571428571428571,0.00016797998978290707,0.0,0.0,0.026785714285714284,0.0001380675530526787,0.044642857142857144,0.0002777726040221751,0.13392857142857142,0.001123732654377818,0.017857142857142856,0.0003223351377528161,0.026785714285714284,0.00022431030811276287,0.10714285714285714,0.0012486340710893273,0.044642857142857144,0.0002518590190447867,0.026785714285714284,0.0002010322641581297,0.10714285714285714,0.0007217052043415606,0.03571428571428571,0.0002789601858239621,0.0625,0.0005300699849613011,0.044642857142857144,0.00025505907251499593,0.026785714285714284,0.0011244300985708833,0.026785714285714284,0.00014271428517531604,0.07142857142857142,0.0011246976209804416,0
7TEF,0,0.93,5.543131828308105,-18,4.039466699291637,0.0,0.0,0.0,88.63933026030368,4.458674784549093,112.77734693877551,10.928571428571429,0.3923188322948227,0.10204081632653061,0.0010320525616407394,0.030612244897959183,0.00017076657968573272,0.01020408163265306,5.589291686192155e-05,0.01020408163265306,4.923103188048117e-05,0.02040816326530612,0.00014886869757901877,0.02040816326530612,0.00017476821085438132,0.05102040816326531,0.00025888512027449906,0.05102040816326531,0.0008158825221471488,0.061224489795918366,0.0010253117652609944,0.08163265306122448,0.0005082969437353313,0.1326530612244898,0.0009259869111701846,0.030612244897959183,0.0001502743543824181,0.05102040816326531,0.000340213009621948,0.07142857142857142,0.0005817885976284742,0.04081632653061224,0.0006437062402255833,0.061224489795918366,0.0008260328904725611,0.09183673469387756,0.0030566027853637934,0.02040816326530612,0.00010610542813083157,0.030612244897959183,0.00014565886522177607,0.030612244897959183,0.0003451800730545074,0
1GEK,0,0.97,5.236201286315917,-17,4.011387305423291,0.0,0.0,0.0,94.09089579524678,2.893802874147191,111.64173469387752,11.591836734693878,0.5328848088531187,0.030612244897959183,0.0003188985283486545,0.05102040816326531,0.00030949056963436306,0.01020408163265306,0.0001923937234096229,0.030612244897959183,0.0004248768964316696,0.02040816326530612,0.00014177184493746608,0.05102040816326531,0.00037491021794267,0.04081632653061224,0.0001923962845467031,0.10204081632653061,0.0009092048276215792,0.05102040816326531,0.00026961430558003485,0.04081632653061224,0.00034939960460178554,0.16326530612244897,0.0013595807831734419,0.02040816326530612,0.00012036791304126382,0.030612244897959183,0.00025057906168513,0.07142857142857142,0.000656391610391438,0.04081632653061224,0.0002486479061190039,0.061224489795918366,0.0006645297398790717,0.07142857142857142,0.0011201382149010897,0.01020408163265306,4.8486814193893224e-05,0.02040816326530612,9.369284089189023e-05,0.08163265306122448,0.0017228065989911556,0
1CP4,0,0.97,5.235689735412596,-17,4.011387305423291,0.0,0.0,0.0,94.15376603543065,2.812110551004691,111.64173469387751,11.571428571428571,0.5336716697260915,0.030612244897959183,0.0003175687452312559,0.05102040816326531,0.0003097245062235743,0.01020408163265306,0.0001900538190966472,0.030612244897959183,0.00042413483606651425,0.02040816326530612,0.00014348978584166616,0.05102040816326531,0.00037405791226774454,0.04081632653061224,0.00019333860836923122,0.10204081632653061,0.0009112309198826551,0.05102040816326531,0.00027087144553661346,0.04081632653061224,0.00034584413515403867,0.16326530612244897,0.0013533432502299547,0.02040816326530612,0.00011948493192903697,0.030612244897959183,0.0002486863231752068,0.07142857142857142,0.0006575577426701784,0.04081632653061224,0.00024774979101493955,0.061224489795918366,0.0006533890264108777,0.07142857142857142,0.0011358585907146335,0.01020408163265306,4.790622188011184e-05,0.02040816326530612,9.278202924178913e-05,0.08163265306122448,0.001682537724263966,0
2HZ3,0,0.84,5.136164665222167,-7,3.768494268828934,0.0,0.0,0.0,84.81851659751038,3.4460770705268025,112.07789473684207,9.43157894736842,0.11116071428571428,0.17894736842105263,0.0016946166288107634,0.06315789473684211,0.0003838536504190415,0.010526315789473684,4.695137613452971e-05,0.08421052631578947,0.0005949540645815432,0.0,0.0,0.031578947368421054,0.00044258320122025907,0.05263157894736842,0.0003231446899008006,0.05263157894736842,0.000332280236762017,0.031578947368421054,0.0002614676486700773,0.021052631578947368,0.00012634701852221042,0.12631578947368421,0.0010906809475272894,0.06315789473684211,0.00047544704284518957,0.031578947368421054,0.00018951782840304077,0.06315789473684211,0.0006803303258493543,0.010526315789473684,5.524619700736366e-05,0.0,0.0,0.042105263157894736,0.00027399748796597123,0.0,0.0,0.05263157894736842,0.0003742972912732512,0.08421052631578947,0.0009468062780797482,0
3OZZ,0,0.9,4.902670097351074,-8,4.051397579317675,0.0,0.0,0.0,96.11076576576578,1.6686496133254016,116.45173333333335,9.226666666666667,0.17183044315992294,0.06666666666666667,0.0009389601182192564,0.04,0.00025000781170092523,0.02666666666666667,0.00021513586398214102,0.05333333333333334,0.0007218205137178302,0.0,0.0,0.02666666666666667,0.0003186751273460686,0.13333333333333333,0.0008379349019378424,0.06666666666666667,0.0005225142231211066,0.06666666666666667,0.0005015275673940778,0.08,0.001896713743917644,0.08,0.0008281769696623087,0.06666666666666667,0.0005640394520014524,0.02666666666666667,0.0019401375902816653,0.04,0.00048066923045553267,0.013333333333333334,5.6403678172500804e-05,0.04,0.0002854547929018736,0.06666666666666667,0.0007463128422386944,0.013333333333333334,0.0005519757396541536,0.05333333333333334,0.0011496379738673568,0.04,0.0005773822776973248,0
8SQP,0,0.93,4.726526069641112,-14,3.789697524709706,0.0,0.0,0.0,95.16440512048193,2.4671111111111115,115.6014457831325,10.46987951807229,0.15153825890443245,0.0963855421686747,0.0014173276722431183,0.04819277108433735,0.0003543942584656179,0.024096385542168676,0.00019344438624102622,0.07228915662650602,0.0006737056537531316,0.0,0.0,0.012048192771084338,0.0001542809186503291,0.1566265060240964,0.0026382235810160637,0.04819277108433735,0.0005973826046101749,0.04819277108433735,0.0005957157700322568,0.04819277108433735,0.0003785552107729018,0.18072289156626506,0.0016154053155332804,0.060240963855421686,0.00036680034827440977,0.012048192771084338,0.0001730071089696139,0.024096385542168676,0.00014860392548143864,0.012048192771084338,7.255924720084295e-05,0.04819277108433735,0.00047493004240095615,0.012048192771084338,5.1191447710152715e-05,0.012048192771084338,0.00010379579180153087,0.04819277108433735,0.0004744382167700678,0.03614457831325301,0.00043877249117940664,0
4APY,0,0.9,5.096206855773924,-22,4.074883166375058,0.0,0.0,0.0,87.62277251184835,6.546633135810634,108.0161,11.47,0.4711857018308631,0.1,0.0010978413047268987,0.05,0.00040340787381865084,0.08,0.0008064367575570941,0.01,5.19133209309075e-05,0.02,0.00017394196765962988,0.02,8.95106204552576e-05,0.05,0.0006311839097179472,0.1,0.0009726051357574761,0.03,0.0001692589867161587,0.07,0.0004781660682056099,0.09,0.000684583093971014,0.02,9.897728159558028e-05,0.04,0.00023832573788240552,0.04,0.0003103397903032601,0.03,0.0005032256012782454,0.06,0.0005127954646013677,0.06,0.0024665689561516047,0.02,0.00015791297482792288,0.02,0.00013587951252702624,0.09,0.00092362763825804,0
9Q4Q,0,0.97,6.5649263381958,-3,4.171069688252633,0.0,0.0,0.0,96.65371353558928,2.0028688708699263,115.12421052631578,11.442105263157895,0.6585774463758292,0.09473684210526316,0.000776342989411205,0.09473684210526316,0.0005685521755367517,0.031578947368421054,0.00027904805028811097,0.031578947368421054,0.0001474921009503305,0.021052631578947368,0.0002720328629948199,0.042105263157894736,0.00030606825021095574,0.031578947368421054,0.00024175606085918844,0.05263157894736842,0.0003587114915717393,0.031578947368421054,0.00015090423403307796,0.08421052631578947,0.0004479980852920562,0.07368421052631578,0.0004987706779502332,0.021052631578947368,0.00010146023851120844,0.031578947368421054,0.0003178018960170448,0.031578947368421054,0.00041979356319643557,0.06315789473684211,0.000473513500764966,0.07368421052631578,0.0007776600541546941,0.042105263157894736,0.00019800334121100605,0.05263157894736842,0.0004063650849275291,0.031578947368421054,0.0002398773212917149,0.06315789473684211,0.000748665479477495,0
6U87,0,0.91,4.3793535232543945,-14,3.699003233792932,0.0,0.0,0.0,87.83361355932205,7.088104699583581,103.6201052631579,11.473684210526315,0.26384355383872526,0.12631578947368421,0.0020806670654565096,0.0,0.0,0.031578947368421054,0.00014069117605686188,0.08421052631578947,0.0006244711694307625,0.0,0.0,0.042105263157894736,0.0003615174500737339,0.010526315789473684,0.00015035856631584466,0.11578947368421053,0.0010118891950696707,0.010526315789473684,4.701412399299443e-05,0.05263157894736842,0.0009565543150529265,0.10526315789473684,0.002706127008423209,0.021052631578947368,0.00018435862148180604,0.010526315789473684,0.00010418689635116607,0.042105263157894736,0.0019037750316783786,0.0,0.0,0.14736842105263157,0.0012235463364049792,0.05263157894736842,0.0003136430459562689,0.010526315789473684,0.00013951289292890579,0.07368421052631578,0.0005405315314419568,0.06315789473684211,0.0005495994701050222,0
1GEI,0,0.96,5.749627876281737,-6,3.9770313052594544,0.0,0.0,0.0,92.52657591287635,2.4067834910626873,106.63761904761907,10.857142857142858,0.46304563492063494,0.14285714285714285,0.00174714345484972,0.047619047619047616,0.0002993557136505842,0.07142857142857142,0.000639180769212544,0.023809523809523808,0.00017960989498533309,0.023809523809523808,0.00029449115390889347,0.011904761904761904,8.269607496913522e-05,0.047619047619047616,0.0003168778494000435,0.05952380952380952,0.0011033356422558427,0.03571428571428571,0.0002515185915399343,0.07142857142857142,0.00045694285654462874,0.11904761904761904,0.0008538763504475355,0.023809523809523808,0.00014459823432844132,0.023809523809523808,0.0004629140312317759,0.047619047619047616,0.000391295034205541,0.047619047619047616,0.0002474993816576898,0.047619047619047616,0.0007018304313533008,0.05952380952380952,0.0011138638947159052,0.0,0.0,0.011904761904761904,6.451510125771165e-05,0.08333333333333333,0.000626502966042608,0
5ESL,0,0.97,8.764557456970216,6,4.009116581494819,0.0,0.0,0.0,94.20299954170486,3.595852279181194,111.02393617021276,10.872340425531915,0.5369425823375109,0.07446808510638298,0.0004901678184978664,0.031914893617021274,0.0001744292676448822,0.010638297872340425,5.006719220546074e-05,0.02127659574468085,0.00012875570973847061,0.010638297872340425,0.00010242471034871414,0.02127659574468085,0.00016855946159921587,0.02127659574468085,0.00011466334399301559,0.09574468085106383,0.0008948302129283547,0.0851063829787234,0.0008318319451063871,0.06382978723404255,0.0003527564986143261,0.10638297872340426,0.00115665711928159,0.010638297872340425,5.125491225044243e-05,0.0425531914893617,0.0004911387804895639,0.0851063829787234,0.0005618532304652035,0.0851063829787234,0.0008477027295157313,0.05319148936170213,0.0004962481907568872,0.0851063829787234,0.0009078551665879786,0.010638297872340425,5.0887741963379085e-05,0.0425531914893617,0.0002203049516538158,0.0425531914893617,0.0006355371442623436,0
1BJE,0,0.84,7.330490684509278,0,3.8391661270620254,0.0,0.0,0.0,88.65732441471572,4.538694519202016,109.579693877551,9.918367346938776,0.13439573360208282,0.08163265306122448,0.0006466674385592341,0.02040816326530612,0.0001839582691900432,0.01020408163265306,5.6234432122437283e-05,0.030612244897959183,0.0002353827003389597,0.0,0.0,0.02040816326530612,0.00012631488789338619,0.05102040816326531,0.0004106157866772264,0.10204081632653061,0.0007461659261025488,0.07142857142857142,0.0004214394430164248,0.09183673469387756,0.0012244166573509574,0.14285714285714285,0.0016894518630579114,0.12244897959183673,0.0005892781191505492,0.01020408163265306,8.089964103419334e-05,0.04081632653061224,0.00036002384149469435,0.02040816326530612,0.0001009988845908083,0.030612244897959183,0.00043990471749566495,0.061224489795918366,0.00047451519640162587,0.01020408163265306,7.288432243512943e-05,0.01020408163265306,0.0001079964786185883,0.07142857142857142,0.0007961214287206531,0
1YMA,0,0.84,7.329240226745606,0,3.8585552549180475,0.0,0.0,0.0,88.81284762697753,4.552360203340594,110.21306122448979,9.908163265306122,0.13481788183862628,0.08163265306122448,0.0006445777835324407,0.02040816326530612,0.00018254431779496372,0.01020408163265306,5.653694097418338e-05,0.030612244897959183,0.0002344746026210487,0.0,0.0,0.02040816326530612,0.00012694338511209935,0.05102040816326531,0.00041036083712242544,0.10204081632653061,0.0007436612504534423,0.07142857142857142,0.00041986495489254594,0.09183673469387756,0.0012192071881145239,0.14285714285714285,0.0016789640067145228,0.12244897959183673,0.0005845825071446598,0.01020408163265306,8.060348045546561e-05,0.04081632653061224,0.0003561327466741204,0.02040816326530612,0.00010145468695554882,0.030612244897959183,0.0004355676646810025,0.05102040816326531,0.0003907519276253879,0.01020408163265306,7.212624041130766e-05,0.02040816326530612,0.0001892264699563384,0.07142857142857142,0.0007934729219414294,0
7BR0,1,0.91,6.1229463577270495,-8,3.9639283812773147,0.0,0.0,0.0,89.99034073506891,5.324007936507936,106.06733333333335,11.21111111111111,0.509580442682524,0.1111111111111111,0.001376435742713511,0.05555555555555555,0.000607479305472225,0.022222222222222223,0.00019696903473231941,0.044444444444444446,0.0013928880216553807,0.011111111111111112,5.720159606426023e-05,0.03333333333333333,0.0002869587915483862,0.03333333333333333,0.0003032937820535153,0.13333333333333333,0.0027047237381339073,0.05555555555555555,0.0004432212153915316,0.08888888888888889,0.0008904047426767647,0.05555555555555555,0.00034471775870770216,0.03333333333333333,0.0004063278320245445,0.03333333333333333,0.000386868545319885,0.07777777777777778,0.00042182396282441914,0.03333333333333333,0.00017852011660579592,0.044444444444444446,0.0004010518314316869,0.06666666666666667,0.00040077551966533065,0.0,0.0,0.0,0.0,0.06666666666666667,0.0008680463070049882,1
1FNB,1,0.97,6.30488796234131,-2,4.015028787787717,0.0,0.0,0.0,94.72946392583636,3.3089040123331572,112.91022471910107,11.719101123595506,0.39587619981255456,0.0449438202247191,0.0006731096655130386,0.033707865168539325,0.00028538802871480584,0.011235955056179775,0.00012185158993816003,0.0,0.0,0.02247191011235955,0.0005783052183687687,0.02247191011235955,0.0002422805700916797,0.06741573033707865,0.000703378755133599,0.12359550561797752,0.0016007744707167149,0.011235955056179775,5.155019971425645e-05,0.056179775280898875,0.0006588049000129104,0.10112359550561797,0.0008405783446505666,0.056179775280898875,0.00032923000981099904,0.07865168539325842,0.0008956623496487737,0.0449438202247191,0.0005443360423669219,0.033707865168539325,0.0010496721370145679,0.06741573033707865,0.000957207172177732,0.033707865168539325,0.0003235785407014191,0.033707865168539325,0.0001814423012547195,0.06741573033707865,0.0006101155886426568,0.0898876404494382,0.0007447222014889121,1
1IQR,1,0.95,9.358375740051269,7,3.8062790511583264,0.0,0.0,0.0,94.89477366255144,2.6640017006802723,114.58666666666663,10.676767676767676,0.3620786865819978,0.1111111111111111,0.0011476330691948533,0.1111111111111111,0.0009700277587398887,0.04040404040404041,0.00039482125430367887,0.04040404040404041,0.0018146021757274866,0.0,0.0,0.020202020202020204,0.0001353560364805162,0.030303030303030304,0.0001908845006255433,0.08080808080808081,0.0009508463554084301,0.04040404040404041,0.00023948484158609062,0.0,0.0,0.1717171717171717,0.001352553372271359,0.0,0.0,0.010101010101010102,4.5246342779137194e-05,0.050505050505050504,0.000509955920279026,0.0707070707070707,0.0005071901832707226,0.06060606060606061,0.0005976770189590752,0.04040404040404041,0.00020581907301675528,0.050505050505050504,0.00028961809584870934,0.04040404040404041,0.0003189618291798979,0.030303030303030304,0.0004517110646702349,1
8Z4P,1,0.91,8.339646339416507,3,4.110056743236268,0.0,0.0,0.0,90.11196131243878,5.63737518382282,118.6565,10.85,0.4496036866359447,0.07,0.00042543644667603076,0.04,0.00031695180223323405,0.04,0.0004652411735150963,0.03,0.0021341030951589346,0.01,6.0587623011088e-05,0.02,0.0013273311778903008,0.06,0.0004707665357273072,0.07,0.0004259328416083008,0.07,0.0006385586457327008,0.01,0.00020262952602934092,0.13,0.0011760264169424772,0.04,0.0005059960531070828,0.03,0.00020479096565395594,0.07,0.0005509859183803201,0.02,0.0002740785712376237,0.05,0.0004001736524514854,0.06,0.00028350125649012625,0.06,0.00036542140878736973,0.06,0.0004999685334041715,0.06,0.0003198144258931279,1
2GQW,1,0.97,5.936059761047363,-4,3.81406356876363,0.0,0.0,0.0,96.02336952945048,2.15936118319877,104.75376344086013,11.483870967741936,0.41134066288107607,0.12903225806451613,0.0009450690704397857,0.07526881720430108,0.0005930475308559835,0.043010752688172046,0.00035570544423535466,0.043010752688172046,0.00042293930891901255,0.0,0.0,0.053763440860215055,0.00032516373903490603,0.043010752688172046,0.0011591791408136487,0.13978494623655913,0.0009655896574258804,0.0,0.0,0.06451612903225806,0.0005505991284735501,0.11827956989247312,0.0006686566630378366,0.010752688172043012,5.358102498576045e-05,0.010752688172043012,6.312217738013715e-05,0.0,0.0,0.043010752688172046,0.00040220640948973596,0.06451612903225806,0.0004979452933184803,0.053763440860215055,0.0015913475072011352,0.03225806451612903,0.0006538591696880758,0.021505376344086023,0.00024069320352282375,0.053763440860215055,0.0004423544160090387,1
8PXL,1,0.97,5.936059761047363,-4,3.81406356876363,0.0,0.0,0.0,96.02629483382692,2.164482410611303,104.75376344086013,11.483870967741936,0.41134066288107607,0.12903225806451613,0.0009451244841329753,0.07526881720430108,0.0005931045161560178,0.043010752688172046,0.0003557317249942571,0.043010752688172046,0.00042301000212319195,0.0,0.0,0.053763440860215055,0.00032517523504793644,0.043010752688172046,0.0011598124401643872,0.13978494623655913,0.0009656003676354885,0.0,0.0,0.06451612903225806,0.0005506837042048573,0.11827956989247312,0.0006686647539027035,0.010752688172043012,5.358629277907312e-05,0.010752688172043012,6.311994366114959e-05,0.0,0.0,0.043010752688172046,0.00040216947672888637,0.06451612903225806,0.0004978424403816462,0.053763440860215055,0.001591234002262354,0.03225806451612903,0.0006537201115861535,0.021505376344086023,0.00024062659940682352,0.053763440860215055,0.0004423441714607179,1
3T31,1,0.94,6.478246879577637,-3,3.8469388729678906,0.0,0.0,0.0,88.68744928400953,4.248525153297132,102.92405940594061,11.831683168316832,0.4889846306806413,0.16831683168316833,0.0010841783368960023,0.0,0.0,0.019801980198019802,0.00012867766781710088,0.009900990099009901,4.0963470382848755e-05,0.0297029702970297,0.00044206943130120635,0.019801980198019802,0.00010917503823293373,0.0297029702970297,0.00016018316091503948,0.13861386138613863,0.0012958900770172477,0.009900990099009901,4.638078098651022e-05,0.09900990099009901,0.0008431603782810271,0.0297029702970297,0.0001802485785447061,0.039603960396039604,0.0004608573217410594,0.04950495049504951,0.0002778673660941422,0.0891089108910891,0.0005843463004566729,0.06930693069306931,0.0007837729062885046,0.039603960396039604,0.0003041311865672469,0.04950495049504951,0.0006358245736919343,0.019801980198019802,8.344294474227354e-05,0.0297029702970297,0.00016813614638522267,0.0594059405940594,0.00044883909868076444,1
2GR2,1,0.97,5.936059761047363,-4,3.81406356876363,0.0,0.0,0.0,96.02629483382692,2.164482410611303,104.75376344086013,11.483870967741936,0.41134066288107607,0.12903225806451613,0.0009451244841329753,0.07526881720430108,0.0005931045161560178,0.043010752688172046,0.0003557317249942571,0.043010752688172046,0.00042301000212319195,0.0,0.0,0.053763440860215055,0.00032517523504793644,0.043010752688172046,0.0011598124401643872,0.13978494623655913,0.0009656003676354885,0.0,0.0,0.06451612903225806,0.0005506837042048573,0.11827956989247312,0.0006686647539027035,0.010752688172043012,5.358629277907312e-05,0.010752688172043012,6.311994366114959e-05,0.0,0.0,0.043010752688172046,0.00040216947672888637,0.06451612903225806,0.0004978424403816462,0.053763440860215055,0.001591234002262354,0.03225806451612903,0.0006537201115861535,0.021505376344086023,0.00024062659940682352,0.053763440860215055,0.0004423441714607179,1
8JM1,1,0.96,5.00100154876709,-23,3.969909392662905,0.0,0.0,0.0,95.50272443590974,3.012206104252401,107.38160714285719,13.053571428571429,0.7395507621653312,0.07142857142857142,0.0007318789721466601,0.0625,0.00037431021337397397,0.044642857142857144,0.00035499781370162964,0.026785714285714284,0.0002505636657588184,0.008928571428571428,5.204834815231152e-05,0.017857142857142856,0.00036494419327937067,0.026785714285714284,0.0001673847873462364,0.13392857142857142,0.0011389956343919039,0.03571428571428571,0.0006003430462442338,0.05357142857142857,0.0003654158499557525,0.07142857142857142,0.00040082234772853553,0.0,0.0,0.008928571428571428,6.0631307860603556e-05,0.05357142857142857,0.0003157976025249809,0.08035714285714286,0.0006094094133004546,0.07142857142857142,0.0005303641082718968,0.07142857142857142,0.0009462242596782744,0.008928571428571428,0.00016317707195412368,0.0625,0.0006516199209727347,0.08928571428571429,0.0005040210671722889,1
4REK,1,0.98,6.68707332611084,-1,3.8156021835426284,0.0,0.0,0.0,96.93049466284822,1.703392355853993,99.912894736842,12.850877192982455,0.6728818633614754,0.07894736842105263,0.0004220445698592812,0.017543859649122806,0.00013368850341066718,0.06140350877192982,0.0006287815631367266,0.02631578947368421,0.00018879321578424424,0.008771929824561403,0.00010432560520712286,0.008771929824561403,4.2099214624613523e-05,0.02631578947368421,0.00011690985411405563,0.19298245614035087,0.0020156782120466232,0.008771929824561403,0.0003303068515378982,0.05263157894736842,0.00035364957875572145,0.09649122807017543,0.0006601298227906227,0.008771929824561403,4.204411379760131e-05,0.02631578947368421,0.00015679356874898076,0.017543859649122806,0.00025592598831281066,0.07017543859649122,0.0006054459954611957,0.07894736842105263,0.0006305296556092799,0.043859649122807015,0.00027280638460069895,0.017543859649122806,7.942137744976208e-05,0.043859649122807015,0.0006067307549528778,0.11403508771929824,0.0010050204582512379,1
1V5G,1,0.96,4.87521686553955,-26,3.8854732789839534,0.0,0.0,0.0,96.02722222222222,2.640613569083451,102.65632075471689,12.650943396226415,0.45600298284862045,0.10377358490566038,0.0006871442310512066,0.03773584905660377,0.0009420260903425515,0.0660377358490566,0.00045015825890004635,0.02830188679245283,0.0003577693132683635,0.0,0.0,0.018867924528301886,0.00013918981130700558,0.009433962264150943,7.579941302537918e-05,0.16981132075471697,0.0010348062496632338,0.009433962264150943,3.717375875567086e-05,0.08490566037735849,0.0007834520074538887,0.03773584905660377,0.0002703796490095556,0.018867924528301886,0.0004644817381631583,0.0660377358490566,0.0005460638203658164,0.04716981132075472,0.0003719155793078244,0.04716981132075472,0.0006087917718105018,0.0660377358490566,0.000885006389580667,0.09433962264150944,0.001798076438717544,0.018867924528301886,0.00027629343094304204,0.018867924528301886,0.0001570601889397949,0.05660377358490566,0.00037974942824803293,1
5BUL,1,0.96,5.908833885192871,-6,3.9853889644583753,0.0,0.0,0.0,93.9606662553979,2.379106413758884,105.98742268041237,11.690721649484535,0.5444462626593211,0.09278350515463918,0.0009497379651293159,0.05154639175257732,0.0003680941299535334,0.030927835051546393,0.00017072362243197858,0.05154639175257732,0.0005749970441684127,0.041237113402061855,0.0002079867263091728,0.041237113402061855,0.00030484466697089374,0.020618556701030927,0.00020527360902633518,0.14432989690721648,0.004567301366478205,0.020618556701030927,0.00017059997480828315,0.1134020618556701,0.0006730167660862207,0.061855670103092786,0.0004943545209243894,0.010309278350515464,9.607847459847108e-05,0.020618556701030927,0.0001941504597198218,0.061855670103092786,0.0005263295606710017,0.020618556701030927,0.00032592564821243286,0.10309278350515463,0.001265808823518455,0.041237113402061855,0.00023764654179103673,0.030927835051546393,0.00016600554226897657,0.010309278350515464,6.915177800692618e-05,0.030927835051546393,0.0010806655045598745,1
8Z41,1,0.91,8.339646339416507,3,4.110056743236268,0.0,0.0,0.0,90.11416993143978,5.637561612005512,118.6565,10.85,0.4496036866359447,0.07,0.00042551543447189033,0.04,0.0003169711562804878,0.04,0.00046527283848263323,0.03,0.002133214846253395,0.01,6.060608211555518e-05,0.02,0.0013267104513943195,0.06,0.0004706623440142721,0.07,0.00042597539140842855,0.07,0.0006385448505170643,0.01,0.00020258685981389135,0.13,0.0011762049980461597,0.04,0.0005059288232587278,0.03,0.0002047890448011458,0.07,0.0005510447663255036,0.02,0.0002741148055065423,0.05,0.00040018008439801633,0.06,0.00028352203662507236,0.06,0.0003654441679827869,0.06,0.0005000335513614118,0.06,0.00031979437335394323,1
4H4W,1,0.97,6.337570381164551,-2,3.81406356876363,0.0,0.0,0.0,95.53412850082371,2.200665008650519,104.75376344086013,11.505376344086022,0.41366696814390513,0.12903225806451613,0.0009431907092221081,0.07526881720430108,0.0005939455586485565,0.043010752688172046,0.00035355662112124264,0.043010752688172046,0.00042294320883229375,0.0,0.0,0.053763440860215055,0.0003240497608203441,0.043010752688172046,0.001147317816503346,0.13978494623655913,0.0009653478628024459,0.0,0.0,0.06451612903225806,0.0005505610024556518,0.11827956989247312,0.0006685501430183649,0.010752688172043012,5.359863644116558e-05,0.010752688172043012,6.33562303846702e-05,0.0,0.0,0.043010752688172046,0.00040378773701377213,0.06451612903225806,0.0004962919629178941,0.053763440860215055,0.0015740182716399431,0.03225806451612903,0.0006494746194221079,0.021505376344086023,0.00024098422727547586,0.053763440860215055,0.00044206721941009164,1
8YQM,1,0.95,5.924294090270995,-9,3.9209000079267398,0.0,0.0,0.0,90.99971180237877,4.291085033832382,105.51932038834951,11.660194174757281,0.6340266606307042,0.06796116504854369,0.000514435931108892,0.02912621359223301,0.00019454727589618415,0.04854368932038835,0.0003317145456094295,0.02912621359223301,0.00023215463443193585,0.02912621359223301,0.00014350602577906102,0.02912621359223301,0.00013254246732685715,0.019417475728155338,8.697817975189537e-05,0.1650485436893204,0.0013286520261317492,0.0,0.0,0.038834951456310676,0.00031765279709361494,0.10679611650485436,0.00100402208045125,0.0,0.0,0.02912621359223301,0.0001472634176025167,0.05825242718446602,0.00051191943930462,0.07766990291262135,0.0009733377955853939,0.07766990291262135,0.0007677128887735307,0.05825242718446602,0.00038005190435796976,0.019417475728155338,0.0001321835006820038,0.06796116504854369,0.00035475430195219815,0.04854368932038835,0.0003846619511023164,1
8Z6I,1,0.91,8.339646339416507,3,4.110056743236268,0.0,0.0,0.0,90.11416993143978,5.637561612005512,118.6565,10.85,0.4496036866359447,0.07,0.00042551543447189033,0.04,0.0003169711562804878,0.04,0.00046527283848263323,0.03,0.002133214846253395,0.01,6.060608211555518e-05,0.02,0.0013267104513943195,0.06,0.0004706623440142721,0.07,0.00042597539140842855,0.07,0.0006385448505170643,0.01,0.00020258685981389135,0.13,0.0011762049980461597,0.04,0.0005059288232587278,0.03,0.0002047890448011458,0.07,0.0005510447663255036,0.02,0.0002741148055065423,0.05,0.00040018008439801633,0.06,0.00028352203662507236,0.06,0.0003654441679827869,0.06,0.0005000335513614118,0.06,0.00031979437335394323,1
4H4S,1,0.97,6.118058204650878,-3,3.81406356876363,0.0,0.0,0.0,95.60243154074561,2.28385296520569,104.75376344086014,11.473118279569892,0.41083935463715976,0.12903225806451613,0.0009447478805668652,0.07526881720430108,0.0005907781305722892,0.043010752688172046,0.00035399399348534644,0.043010752688172046,0.00042232879786752164,0.0,0.0,0.053763440860215055,0.0003242554666940123,0.043010752688172046,0.0011430138256400824,0.13978494623655913,0.0009652505978010595,0.0,0.0,0.06451612903225806,0.000550330150872469,0.11827956989247312,0.0006691390881314874,0.010752688172043012,5.3755618864670396e-05,0.010752688172043012,6.324838614091277e-05,0.0,0.0,0.043010752688172046,0.00040326500311493874,0.06451612903225806,0.0004969793371856213,0.053763440860215055,0.0015781769761815667,0.03225806451612903,0.0006514707347378135,0.021505376344086023,0.00024158564337994903,0.053763440860215055,0.00044215648085810244,1
7XPI,1,0.92,6.980135154724121,-1,3.9445350589135333,0.0,0.0,0.0,91.68859140160782,4.183632057308505,104.17239583333333,11.28125,0.44793590335487843,0.16666666666666666,0.0013418643502518535,0.020833333333333332,0.0001093174796551466,0.03125,0.00065704743610695,0.052083333333333336,0.0004174689238425344,0.020833333333333332,0.0001409597898600623,0.0,0.0,0.03125,0.00018112821271643043,0.125,0.0012774314964190125,0.041666666666666664,0.00048506041639484465,0.0625,0.00040053832344710827,0.0625,0.00037662379327230155,0.07291666666666667,0.0007096666959114373,0.03125,0.00033938101842068136,0.07291666666666667,0.0006665695109404624,0.03125,0.00026878376957029104,0.0625,0.0004350575618445873,0.041666666666666664,0.0002653411647770554,0.010416666666666666,4.137519863434136e-05,0.020833333333333332,0.00014533162175212055,0.041666666666666664,0.0004669162444770336,1
6PVI,1,0.92,5.627765083312987,-14,3.9008869485888473,0.0,0.0,0.0,86.53128942999447,5.479034654287762,106.70086538461534,11.932692307692308,0.5280248558854522,0.125,0.0041213687509298325,0.057692307692307696,0.0002991498913615942,0.038461538461538464,0.00022474459547083825,0.038461538461538464,0.00041827376116998494,0.019230769230769232,0.00011363088560756296,0.038461538461538464,0.0006882206071168184,0.028846153846153848,0.00018695401377044618,0.09615384615384616,0.0023205014877021313,0.038461538461538464,0.0002410790038993582,0.11538461538461539,0.0010120720835402608,0.125,0.0009025987237691879,0.009615384615384616,3.9956470573088154e-05,0.009615384615384616,4.939657446811907e-05,0.009615384615384616,3.8580717955483124e-05,0.038461538461538464,0.0003540365432854742,0.09615384615384616,0.0008900826214812696,0.009615384615384616,6.417462282115594e-05,0.009615384615384616,4.219801121507771e-05,0.04807692307692308,0.0002244425268145278,0.04807692307692308,0.00045954357483424246,1
1W35,1,0.97,6.467163276672363,-2,4.033654068121127,0.0,0.0,0.0,95.0964021603656,2.823877899930748,115.18010526315783,11.526315789473685,0.33741888968997835,0.031578947368421054,0.0013998281210660934,0.06315789473684211,0.0005103038274683058,0.010526315789473684,4.614594217855483e-05,0.010526315789473684,4.501758303376846e-05,0.021052631578947368,0.0004965567495673895,0.021052631578947368,0.0001790190435713157,0.05263157894736842,0.0004423307836987078,0.09473684210526316,0.001543884864076972,0.031578947368421054,0.00020164690795354545,0.10526315789473684,0.0014045577263459563,0.12631578947368421,0.0009775683283805847,0.031578947368421054,0.00014967746392358094,0.05263157894736842,0.0008597963606007397,0.010526315789473684,9.47058288147673e-05,0.031578947368421054,0.0013018269091844559,0.05263157894736842,0.0006285550771281123,0.07368421052631578,0.0008779978379607201,0.042105263157894736,0.00025765199097804725,0.06315789473684211,0.000561488326638937,0.07368421052631578,0.0004979867953807116,1
2R0C,1,0.93,7.030380821228026,-2,3.885350868259546,0.0,0.0,0.0,91.18271070075758,5.77262815982694,103.881743119266,11.697247706422019,0.4052959165317503,0.12844036697247707,0.0009734874474816024,0.06422018348623854,0.00039310313877649605,0.009174311926605505,0.001144303590990603,0.05504587155963303,0.00038141661207191646,0.01834862385321101,0.0001300764415645972,0.009174311926605505,6.3342486100737e-05,0.03669724770642202,0.0001768740185070783,0.14678899082568808,0.002274132566526532,0.045871559633027525,0.00028197860228829086,0.06422018348623854,0.0011573457159101963,0.11009174311926606,0.0006798089016228914,0.0,0.0,0.027522935779816515,0.0013637454248964787,0.03669724770642202,0.0003405087045393884,0.07339449541284404,0.0005575852119363844,0.045871559633027525,0.0005236516590230167,0.045871559633027525,0.0007367985672317445,0.01834862385321101,8.157578849932179e-05,0.009174311926605505,3.844445018330589e-05,0.05504587155963303,0.0005637620342895389,1
8Z4K,1,0.91,8.339646339416507,3,4.110056743236268,0.0,0.0,0.0,90.11416993143978,5.637561612005512,118.6565,10.85,0.4496036866359447,0.07,0.00042551543447189033,0.04,0.0003169711562804878,0.04,0.00046527283848263323,0.03,0.002133214846253395,0.01,6.060608211555518e-05,0.02,0.0013267104513943195,0.06,0.0004706623440142721,0.07,0.00042597539140842855,0.07,0.0006385448505170643,0.01,0.00020258685981389135,0.13,0.0011762049980461597,0.04,0.0005059288232587278,0.03,0.0002047890448011458,0.07,0.0005510447663255036,0.02,0.0002741148055065423,0.05,0.00040018008439801633,0.06,0.00028352203662507236,0.06,0.0003654441679827869,0.06,0.0005000335513614118,0.06,0.00031979437335394323,1
5ZYN,1,0.96,8.655670356750488,4,3.824681617712469,0.0,0.0,0.0,95.53439192924269,2.5187111489760685,98.82571428571426,13.0,0.6971150451130679,0.08403361344537816,0.0006820601411163807,0.03361344537815126,0.0002484999713487923,0.03361344537815126,0.00036877431557513773,0.008403361344537815,3.8037225749576464e-05,0.01680672268907563,0.00013875590229872614,0.03361344537815126,0.00018507824279367924,0.03361344537815126,0.0003253267495892942,0.2184873949579832,0.0017217656131833792,0.04201680672268908,0.0003512392577249557,0.04201680672268908,0.000326235982356593,0.07563025210084033,0.0007757495041005313,0.025210084033613446,0.0001932511804625392,0.008403361344537815,7.291274232557043e-05,0.04201680672268908,0.0003609483828768134,0.03361344537815126,0.00020342205243650824,0.08403361344537816,0.001183251035399735,0.09243697478991597,0.0005559979472309351,0.008403361344537815,3.3503711165394634e-05,0.008403361344537815,4.218196409055963e-05,0.07563025210084033,0.00047224073205143213,1
8JDO,1,0.95,5.81897144317627,-11,3.9017837376458853,0.0,0.0,0.0,92.27994340690434,3.597565373398065,100.86774509803922,11.911764705882353,0.42422335189219723,0.0784313725490196,0.001588962390087545,0.029411764705882353,0.00018959744193125516,0.0392156862745098,0.00021484280296135694,0.058823529411764705,0.0004604052228387445,0.0392156862745098,0.0002355075703235343,0.0,0.0,0.0392156862745098,0.0006463736644946039,0.19607843137254902,0.0020636403933167458,0.0392156862745098,0.0005622167373076081,0.029411764705882353,0.00017212210514117032,0.029411764705882353,0.00018705142429098487,0.029411764705882353,0.00013855492579750717,0.029411764705882353,0.0004941679653711617,0.0392156862745098,0.0002037316735368222,0.0392156862745098,0.0004009780823253095,0.049019607843137254,0.0005885759019292891,0.10784313725490197,0.001078778994269669,0.00980392156862745,5.247370063443668e-05,0.0196078431372549,8.473997877445072e-05,0.09803921568627451,0.0006713803159072995,1
9KKC,1,0.96,7.585243034362795,1,4.052881221558355,0.0,0.0,0.0,94.89397535934292,2.2879986594191517,114.68683673469381,11.693877551020408,0.3393079744987,0.04081632653061224,0.0023257017601281404,0.07142857142857142,0.0005546821048483253,0.0,0.0,0.030612244897959183,0.00014104950241744518,0.030612244897959183,0.0005277132731862366,0.01020408163265306,0.00011122691648779437,0.030612244897959183,0.0002844971604645252,0.11224489795918367,0.0017697387374937534,0.04081632653061224,0.0002338203339604661,0.061224489795918366,0.0005585135659202933,0.11224489795918367,0.000901531835552305,0.030612244897959183,0.00015848128532525152,0.05102040816326531,0.0003761268744710833,0.04081632653061224,0.0006202503573149443,0.030612244897959183,0.0009031901136040688,0.07142857142857142,0.0007617840310558677,0.04081632653061224,0.0005988865741528571,0.030612244897959183,0.00015253246237989515,0.08163265306122448,0.0006744205602444708,0.08163265306122448,0.0013208583695814013,1
4D03,1,0.96,5.164413642883299,-20,3.9595269174004484,0.0,0.0,0.0,93.62408828287496,3.040601639411227,104.48613207547163,11.924528301886792,0.5913094100788154,0.09433962264150944,0.0009043752797879279,0.02830188679245283,0.00019786092161666602,0.03773584905660377,0.0002579356951173395,0.02830188679245283,0.00024956869310699403,0.009433962264150943,4.366324719740078e-05,0.03773584905660377,0.0005038937670178711,0.02830188679245283,0.00012219755444675684,0.16981132075471697,0.0011877146316692233,0.009433962264150943,4.113027171115391e-05,0.05660377358490566,0.00034840352600440383,0.08490566037735849,0.0010028885444626212,0.009433962264150943,5.9118756325915456e-05,0.02830188679245283,0.0002607032365631312,0.04716981132075472,0.0003105762880295515,0.03773584905660377,0.0002467797603458166,0.11320754716981132,0.0009423253359273076,0.04716981132075472,0.00025644758716225624,0.02830188679245283,0.00023541761038359255,0.05660377358490566,0.00032179526169784367,0.04716981132075472,0.00036842565168626606,1
5I39,1,0.92,5.981246757507324,-6,3.95730604938469,0.0,0.0,0.0,89.55872,6.051107146289889,107.26045871559624,12.321100917431192,0.5681105562652421,0.11926605504587157,0.0009119772003032267,0.045871559633027525,0.00028321397257968783,0.01834862385321101,0.00012366106966510415,0.009174311926605505,6.856008985778317e-05,0.0,0.0,0.045871559633027525,0.0004894924350082874,0.03669724770642202,0.0003440886503085494,0.11009174311926606,0.00195035629440099,0.01834862385321101,0.0001077679917216301,0.08256880733944955,0.0005871053435839713,0.03669724770642202,0.00025740498676896095,0.009174311926605505,5.227141082286835e-05,0.045871559633027525,0.0007799284649081528,0.045871559633027525,0.00046751799527555704,0.045871559633027525,0.00033224819344468415,0.11009174311926606,0.0009596542804501951,0.10091743119266056,0.0008860715315677226,0.03669724770642202,0.0006597921019420028,0.03669724770642202,0.0002796555345412344,0.045871559633027525,0.0002510816848371178,1
8QNB,1,0.94,5.5334692001342765,-13,4.084697723381379,0.0,0.0,0.0,89.79975161450571,4.930549821730155,109.02765957446809,11.574468085106384,0.6607184762202754,0.07446808510638298,0.0009762526024132967,0.031914893617021274,0.00018388021271675825,0.031914893617021274,0.0002246862422907725,0.02127659574468085,0.00013302400475367904,0.02127659574468085,0.0001729874056763947,0.07446808510638298,0.000510046083945781,0.05319148936170213,0.00046999292680993676,0.13829787234042554,0.0010409039678052068,0.031914893617021274,0.0004022587963845581,0.07446808510638298,0.0006359794060699642,0.0425531914893617,0.0003497026045806706,0.010638297872340425,0.00017677500727586448,0.02127659574468085,9.89442050922662e-05,0.05319148936170213,0.0004116237396374345,0.05319148936170213,0.00041970284655690193,0.0851063829787234,0.0009563677594996989,0.031914893617021274,0.0001891540305223316,0.05319148936170213,0.0004483306547626853,0.02127659574468085,9.267947461921722e-05,0.07446808510638298,0.0006363560678437352,1
7ORZ,1,0.95,6.3077299118042,-2,3.9569718634478717,0.0,0.0,0.0,95.33158333333334,2.149128723507295,108.01582417582414,11.274725274725276,0.3747402694771116,0.06593406593406594,0.0008698041783645749,0.02197802197802198,0.00021931242372374982,0.07692307692307693,0.0008775984751991928,0.04395604395604396,0.0002741162315942347,0.01098901098901099,4.500034629018046e-05,0.02197802197802198,0.00030715836328454316,0.054945054945054944,0.00040256130159832537,0.12087912087912088,0.001232097391039133,0.0,0.0,0.054945054945054944,0.0007743205060251057,0.13186813186813187,0.0008558561094105244,0.03296703296703297,0.00022356600675266236,0.02197802197802198,0.00020694250997621566,0.07692307692307693,0.00046191850560717285,0.08791208791208792,0.0008133718511089683,0.04395604395604396,0.0005344742094166577,0.02197802197802198,0.00021782492694910616,0.01098901098901099,0.00010967194975819439,0.03296703296703297,0.00019304727902635932,0.06593406593406594,0.00038253163802437484,1
1BX1,1,0.97,6.619719123840333,-1,4.036198699011161,0.0,0.0,0.0,94.329907444668,3.418278631993185,113.43898876404488,11.719101123595506,0.39627479073976324,0.0449438202247191,0.0006599694606848061,0.033707865168539325,0.0002820950176101178,0.011235955056179775,0.0001240171113749966,0.0,0.0,0.02247191011235955,0.0006041030283086002,0.033707865168539325,0.0005278961616568267,0.056179775280898875,0.00042556837433949113,0.12359550561797752,0.0016045639058575034,0.011235955056179775,5.1027844165218994e-05,0.056179775280898875,0.0006552139529958367,0.10112359550561797,0.000841604545712471,0.056179775280898875,0.00032898850622586906,0.07865168539325842,0.0009058801224455237,0.056179775280898875,0.0006249830476008356,0.033707865168539325,0.0010058836778625846,0.06741573033707865,0.0009300580131821334,0.033707865168539325,0.0003248132998123765,0.033707865168539325,0.00018194978474639356,0.06741573033707865,0.0006094193086028099,0.07865168539325842,0.0006657346966676414,1
4NZH,1,0.95,8.62949619293213,4,4.0526475172341785,0.0,0.0,0.0,90.24956663326654,5.2600766530810645,109.30515789473681,11.052631578947368,0.724671679197995,0.11578947368421053,0.0009025445324368775,0.05263157894736842,0.0003236572665628046,0.042105263157894736,0.0002366810804232955,0.031578947368421054,0.00023309182142838836,0.031578947368421054,0.00019157446513418108,0.05263157894736842,0.0003186949761584401,0.042105263157894736,0.00025461555924266577,0.09473684210526316,0.0012581627815961838,0.031578947368421054,0.0002723591751419008,0.05263157894736842,0.0003750499163288623,0.10526315789473684,0.001068353303708136,0.042105263157894736,0.0001991522585740313,0.031578947368421054,0.0002288772666361183,0.06315789473684211,0.00039022916462272406,0.010526315789473684,0.00032609651680104434,0.10526315789473684,0.0008905732538551092,0.010526315789473684,8.329557022079825e-05,0.010526315789473684,0.00020762672647833824,0.031578947368421054,0.00018808689492288977,0.042105263157894736,0.00022690003970637918,1
3SX6,1,0.94,6.478701591491699,-3,3.8364910630077103,0.0,0.0,0.0,89.13639510593855,4.138753410239358,102.81848484848487,11.818181818181818,0.5013640680307347,0.1717171717171717,0.0011523258872330189,0.0,0.0,0.020202020202020204,0.00013040252088103443,0.010101010101010102,4.1769064409891143e-05,0.020202020202020204,0.0003603936929721385,0.020202020202020204,0.00011253810225753114,0.030303030303030304,0.00016355108527932316,0.1414141414141414,0.0013250918127596378,0.010101010101010102,4.7184650611598045e-05,0.09090909090909091,0.0008246208308264613,0.030303030303030304,0.00018393203208688647,0.04040404040404041,0.00046806130558252335,0.050505050505050504,0.0002839979715645313,0.09090909090909091,0.0005945318844169378,0.0707070707070707,0.0007981426315382123,0.04040404040404041,0.00031015812419354916,0.050505050505050504,0.0006409608176909387,0.020202020202020204,8.479358803015202e-05,0.030303030303030304,0.00017129996558651328,0.06060606060606061,0.00045494307414628565,1
9GXB,1,0.95,5.5750753402709945,-7,3.846687546170162,0.0,0.0,0.0,94.05335704125177,2.8102661596958174,113.78458333333329,11.385416666666666,0.290694571515706,0.052083333333333336,0.0022656461223959923,0.03125,0.000174310349393636,0.0,0.0,0.010416666666666666,6.44451065454632e-05,0.010416666666666666,0.00022470195835921913,0.020833333333333332,0.00020301486074458808,0.03125,0.0002565922914072871,0.0625,0.0010909814154729247,0.010416666666666666,0.00010580835078144446,0.09375,0.0008493662462569773,0.17708333333333334,0.002245526295155287,0.010416666666666666,9.798831888474524e-05,0.052083333333333336,0.0003116732696071267,0.10416666666666667,0.0014559276169165969,0.041666666666666664,0.002059896709397435,0.09375,0.001242801663465798,0.052083333333333336,0.0005170296644791961,0.020833333333333332,0.00010741758887888864,0.052083333333333336,0.00036008571623824537,0.07291666666666667,0.00041105097625404596,1
7QU3,1,0.96,4.783819770812988,-15,4.067265031570298,0.0,0.0,0.0,97.04915891987605,1.9253507653061228,113.91670103092778,11.195876288659793,0.33176700651212243,0.10309278350515463,0.002818815177306533,0.061855670103092786,0.0005003387341275811,0.05154639175257732,0.0006718506338074803,0.030927835051546393,0.00022858908050693572,0.010309278350515464,0.00019200627866666764,0.010309278350515464,4.41944612248335e-05,0.041237113402061855,0.00028120362549088895,0.1134020618556701,0.0024326012935489416,0.020618556701030927,0.00012351218902040273,0.061855670103092786,0.0005967675242573023,0.061855670103092786,0.0003216349286958575,0.020618556701030927,0.0001998579828068614,0.061855670103092786,0.0018165446817874908,0.10309278350515463,0.0008110062917694449,0.041237113402061855,0.0005106445751152933,0.030927835051546393,0.0003587669925764203,0.030927835051546393,0.00017127952014561743,0.020618556701030927,0.00010651206684997305,0.07216494845360824,0.0005710500408895314,0.05154639175257732,0.00028808979550376534,1
7OSQ,1,0.95,6.280447196960449,-2,3.95279496066425,0.0,0.0,0.0,94.95220045214771,2.3139382706380904,107.95866666666667,11.244444444444444,0.37899648660518226,0.06666666666666667,0.0008986415923573077,0.022222222222222223,0.0002175747067667544,0.07777777777777778,0.0008909481111913919,0.044444444444444446,0.00027632369892671704,0.011111111111111112,4.5169512304710224e-05,0.022222222222222223,0.00031254510395228863,0.05555555555555555,0.00040320659172721207,0.12222222222222222,0.0012615318410098553,0.0,0.0,0.044444444444444446,0.0007351436652243137,0.13333333333333333,0.0008661237079650164,0.03333333333333333,0.0002234066923847422,0.022222222222222223,0.0002115835522999987,0.07777777777777778,0.00046338513493537903,0.08888888888888889,0.000827066833153367,0.044444444444444446,0.000538890715688467,0.022222222222222223,0.00022546092804986984,0.011111111111111112,0.00011369782441761345,0.03333333333333333,0.00019368760695215315,0.06666666666666667,0.00039131270023062825,1
9C4P,1,0.95,5.622308540344237,-17,3.8295180914979197,0.0,0.0,0.0,94.06086199294533,3.784994254524562,99.37954128440359,13.229357798165138,0.49474481161485706,0.12844036697247707,0.0010302438167855144,0.045871559633027525,0.0004934494500048459,0.01834862385321101,8.269862155430019e-05,0.045871559633027525,0.0005083981086499989,0.009174311926605505,5.3555075282929465e-05,0.03669724770642202,0.00024719268549233675,0.009174311926605505,0.00015254727622959763,0.1926605504587156,0.0017966045998036861,0.009174311926605505,4.1550556488800794e-05,0.045871559633027525,0.0002915749792009592,0.09174311926605505,0.0012377075618132949,0.01834862385321101,9.658822818892077e-05,0.03669724770642202,0.00039500449202023447,0.01834862385321101,0.0002001258108066395,0.05504587155963303,0.0003786095476243645,0.10091743119266056,0.0017478074878454208,0.027522935779816515,0.00022263052233029157,0.01834862385321101,0.00023075084027368575,0.027522935779816515,0.00016932914149947464,0.06422018348623854,0.0004678632540162653,1
1DOD,1,0.97,6.3555315017700185,-3,3.946997594594769,0.0,0.0,0.0,96.59013440000001,1.7325130768636143,106.40882352941173,11.372549019607844,0.4225659229208925,0.09803921568627451,0.00128398765809834,0.0784313725490196,0.0005026293802075088,0.0196078431372549,0.00038295568083412945,0.029411764705882353,0.00030144385527819395,0.0196078431372549,0.0001109461736632511,0.0196078431372549,0.0001875452435342595,0.029411764705882353,0.00021235928579699248,0.14705882352941177,0.002669914625585079,0.0196078431372549,0.00014595895481761545,0.029411764705882353,0.00029501746757887304,0.13725490196078433,0.0028118733316659927,0.0196078431372549,0.000391036388464272,0.0196078431372549,0.00012870703358203173,0.029411764705882353,0.0001822712947614491,0.0392156862745098,0.0004448730614967644,0.058823529411764705,0.00042749985004775226,0.049019607843137254,0.0003156748425681144,0.029411764705882353,0.0001360894675599411,0.029411764705882353,0.00015998150047380477,0.09803921568627451,0.0007381141185760498,1
1U3D,1,0.95,5.8286340713500975,-10,3.8969997677074444,0.0,0.0,0.0,91.37599018404909,4.367278187130666,118.54848484848485,10.656565656565656,0.45301354780027764,0.030303030303030304,0.0006846511387266219,0.08080808080808081,0.0005910504842177033,0.0,0.0,0.08080808080808081,0.002233252627775073,0.0,0.0,0.010101010101010102,4.933612217428163e-05,0.04040404040404041,0.0003818524128291756,0.08080808080808081,0.0005291887209750712,0.06060606060606061,0.0007007932290434837,0.04040404040404041,0.00020895521447528154,0.1414141414141414,0.001387563068419695,0.020202020202020204,9.784060239326209e-05,0.010101010101010102,7.236866804305464e-05,0.04040404040404041,0.0003497654979582876,0.04040404040404041,0.0003989707911387086,0.12121212121212122,0.0012531139655038714,0.030303030303030304,0.00016339804278686643,0.0707070707070707,0.00047183455899357796,0.06060606060606061,0.00034452221007086337,0.04040404040404041,0.00023039242660161108,1
3ZBU,1,0.97,6.095890998840331,-4,4.028053342061765,0.0,0.0,0.0,95.17921953255426,2.631446808047141,114.76926315789466,11.48421052631579,0.3378648270538859,0.042105263157894736,0.0017397517804056406,0.06315789473684211,0.000518384447786957,0.010526315789473684,4.6752236812608317e-05,0.010526315789473684,4.5178207074059173e-05,0.021052631578947368,0.0004968424327671528,0.021052631578947368,0.0001769553346093744,0.05263157894736842,0.00043578504119068384,0.09473684210526316,0.001574229565449059,0.031578947368421054,0.00020006444538012147,0.10526315789473684,0.0014498828677460551,0.12631578947368421,0.000982442987151444,0.031578947368421054,0.00014980077685322613,0.05263157894736842,0.000863779685460031,0.010526315789473684,9.57190859480761e-05,0.031578947368421054,0.0012778269592672586,0.042105263157894736,0.00034576960024423897,0.07368421052631578,0.0008893496706150472,0.031578947368421054,0.0001783945772331208,0.07368421052631578,0.0006416577380150557,0.07368421052631578,0.0004986535059288144,1
8ER1,1,0.92,6.0811128616333,-6,3.8533268424668896,0.0,0.0,0.0,90.04334996880849,6.4177779556551675,105.37978494623657,11.655913978494624,0.5056044915287863,0.11827956989247312,0.0007278589764609933,0.06451612903225806,0.00048429390881210566,0.06451612903225806,0.0005658623995259404,0.053763440860215055,0.0004813469131477177,0.0,0.0,0.043010752688172046,0.0002724388032220304,0.03225806451612903,0.00016950193094089627,0.13978494623655913,0.0017543392023071647,0.03225806451612903,0.00018965837080031633,0.08602150537634409,0.0005284625221975148,0.10752688172043011,0.0010296235559508204,0.0,0.0,0.06451612903225806,0.0003910812083631754,0.03225806451612903,0.00019433976558502764,0.043010752688172046,0.0005736554739996791,0.043010752688172046,0.0002842708199750632,0.043010752688172046,0.00033128669019788504,0.0,0.0,0.010752688172043012,5.3885287343291566e-05,0.021505376344086023,0.0008833651663735509,1
9HNK,1,0.97,6.880780601501464,-1,4.1261984818385145,0.0,0.0,0.0,96.0619103600294,2.2821511419208664,116.12454545454538,11.555555555555555,0.422450024722752,0.10101010101010101,0.0011217790888622403,0.050505050505050504,0.0004545960982795805,0.030303030303030304,0.0003659377107396722,0.050505050505050504,0.000597480102442205,0.0,0.0,0.04040404040404041,0.00023162107390817255,0.030303030303030304,0.0006668609566986561,0.0707070707070707,0.00038552976911887527,0.0707070707070707,0.0005096701206639409,0.0707070707070707,0.00043745420407503843,0.0707070707070707,0.00041311528184451163,0.020202020202020204,0.00012129310198361054,0.04040404040404041,0.0004087333509232849,0.050505050505050504,0.0003769365430343896,0.050505050505050504,0.0003838823176920414,0.020202020202020204,0.00023675788543187082,0.04040404040404041,0.0002756516623776406,0.06060606060606061,0.000425010162871331,0.04040404040404041,0.0005528877372853458,0.09090909090909091,0.0008877796353772283,1
3SXI,1,0.94,6.478701591491699,-3,3.81549082090308,0.0,0.0,0.0,89.54268874962699,4.198859500756667,101.59979999999997,12.06,0.4887728026533997,0.18,0.0012519826414063573,0.0,0.0,0.02,0.00012309497105889022,0.01,3.9985341572901234e-05,0.02,0.00030073244124650955,0.02,0.00011720395559677854,0.03,0.00016659777611494064,0.15,0.0013943788362666965,0.01,4.53720276709646e-05,0.09,0.0008608831558376551,0.03,0.00018136370636057109,0.04,0.0004942042869515717,0.05,0.000290410069283098,0.08,0.0005474143545143306,0.07,0.0007945474935695529,0.04,0.00030967892962507904,0.05,0.0006431101937778294,0.02,9.1722838988062e-05,0.03,0.00017675117123872042,0.06,0.0004358784935902804,1
3FW1,1,0.96,5.8835973739624015,-4,4.015956384747387,0.0,0.0,0.0,96.81790331341662,2.0645987216563206,112.94403846153844,11.153846153846153,0.22407161803713527,0.0673076923076923,0.0006034912075847387,0.028846153846153848,0.0001458353508496657,0.009615384615384616,5.109999983687885e-05,0.038461538461538464,0.00023112051712814718,0.028846153846153848,0.000157522750669159,0.04807692307692308,0.0004835809813812375,0.019230769230769232,0.00010936311446130276,0.057692307692307696,0.000312547548674047,0.028846153846153848,0.00019510129641275853,0.0673076923076923,0.0007129359291866422,0.15384615384615385,0.0017792691942304373,0.0673076923076923,0.00044932065065950155,0.009615384615384616,0.0001591325126355514,0.08653846153846154,0.0013034386793151498,0.057692307692307696,0.00039185144123621285,0.038461538461538464,0.00034188636345788836,0.038461538461538464,0.00026286073261871934,0.019230769230769232,0.00017677890718914568,0.028846153846153848,0.00023063224216457456,0.10576923076923077,0.0012044883333146572,1
1QGY,1,0.97,5.728711128234863,-6,4.0297148865081045,0.0,0.0,0.0,96.0518520102652,1.8664199942545248,114.36102040816318,11.561224489795919,0.32049642451861593,0.04081632653061224,0.0016979050124064088,0.061224489795918366,0.0005018687807023525,0.01020408163265306,4.904377419734374e-05,0.01020408163265306,4.413174610817805e-05,0.02040816326530612,0.0004796241410076618,0.030612244897959183,0.00020596341346390545,0.05102040816326531,0.0003956706786993891,0.09183673469387756,0.0017152404179796576,0.030612244897959183,0.00018724871915765107,0.10204081632653061,0.0015836110105738044,0.12244897959183673,0.0009500220767222345,0.030612244897959183,0.00014427972200792283,0.05102040816326531,0.0007596284267492592,0.01020408163265306,9.768862219061702e-05,0.02040816326530612,0.0008956133387982845,0.061224489795918366,0.0006282973336055875,0.07142857142857142,0.0009106990764848888,0.030612244897959183,0.0001658642868278548,0.07142857142857142,0.0006052406970411539,0.08163265306122448,0.0005283734644763172,1
1GRG,1,0.97,7.715461158752441,1,3.812152736976806,0.0,0.0,0.0,95.5716929460581,3.0265375256035436,100.05882352941174,11.458823529411765,0.5162942384345935,0.10588235294117647,0.0006976953009143472,0.011764705882352941,0.00010962432861560956,0.023529411764705882,0.00012179199256934226,0.03529411764705882,0.0002682985505089164,0.03529411764705882,0.0005234414129517972,0.0,0.0,0.011764705882352941,0.00010169068264076486,0.16470588235294117,0.0012676256010308862,0.0,0.0,0.07058823529411765,0.0005136752151884139,0.03529411764705882,0.0010003908537328243,0.03529411764705882,0.0002998842392116785,0.03529411764705882,0.00021117154392413795,0.047058823529411764,0.00026760317268781364,0.07058823529411765,0.0005118034314364195,0.058823529411764705,0.00036314825410954654,0.07058823529411765,0.0007517091580666602,0.023529411764705882,0.00010866348748095334,0.023529411764705882,0.0002567873743828386,0.1411764705882353,0.0011067104060202837,1
1NHS,1,0.97,4.827528953552245,-19,3.874846449176135,0.0,0.0,0.0,96.55484527220631,1.9109229313994867,100.94247058823528,11.329411764705883,0.49739172927738073,0.10588235294117647,0.0014245233032852411,0.03529411764705882,0.0002453720662742853,0.03529411764705882,0.0003059947630390525,0.011764705882352941,0.00015769692254252732,0.023529411764705882,0.0003134741564281285,0.03529411764705882,0.00019289492047391832,0.011764705882352941,8.094554505078122e-05,0.16470588235294117,0.0012190589914098382,0.011764705882352941,9.3907154223416e-05,0.058823529411764705,0.0005822278326377273,0.10588235294117647,0.0015037877019494772,0.023529411764705882,0.00010937287879642099,0.03529411764705882,0.00019820719899144024,0.03529411764705882,0.0001667342585278675,0.047058823529411764,0.00024108921934384853,0.08235294117647059,0.0006367816822603345,0.03529411764705882,0.0003077368310187012,0.0,0.0,0.03529411764705882,0.00034877797588706017,0.10588235294117647,0.0006335580837912858,1
7VJB,1,0.96,6.132211112976075,-8,4.158878212948384,0.0,0.0,0.0,93.63968878600822,4.003379762745133,114.51363636363635,11.141414141414142,0.45319926371603614,0.06060606060606061,0.000335018354235217,0.08080808080808081,0.0007111015729606152,0.0707070707070707,0.0006062468164600432,0.08080808080808081,0.0014929708559066057,0.030303030303030304,0.0001771133829606697,0.04040404040404041,0.0002808548742905259,0.050505050505050504,0.00031131645664572716,0.08080808080808081,0.000789409561548382,0.020202020202020204,0.0009133167914114892,0.0707070707070707,0.00042962870793417096,0.06060606060606061,0.0006341060507111251,0.030303030303030304,0.0002532387152314186,0.030303030303030304,0.00016124523244798183,0.050505050505050504,0.0004865590017288923,0.050505050505050504,0.0006585493101738393,0.0707070707070707,0.0007110181613825262,0.010101010101010102,4.3215179175604135e-05,0.010101010101010102,6.640591163886711e-05,0.06060606060606061,0.0004346237110439688,0.04040404040404041,0.000178404530743137,1
5GV7,1,0.96,6.504108619689941,-2,3.9295899434682284,0.0,0.0,0.0,95.80174573929065,1.99315392517301,110.18999999999998,11.164835164835164,0.2821450203339967,0.04395604395604396,0.00041226184112019837,0.054945054945054944,0.00031500650220550597,0.02197802197802198,0.00012220650387462229,0.03296703296703297,0.00016520843200851232,0.03296703296703297,0.0003413699159864336,0.02197802197802198,0.0003723166009876877,0.01098901098901099,5.976715692668222e-05,0.08791208791208792,0.0012725888518616557,0.02197802197802198,0.0002076854434562847,0.08791208791208792,0.0011775018647313118,0.16483516483516483,0.0012790355831384659,0.01098901098901099,7.421590271405876e-05,0.054945054945054944,0.0007898903568275273,0.04395604395604396,0.0003692737955134362,0.08791208791208792,0.0025622216053307056,0.03296703296703297,0.00019977947522420436,0.04395604395604396,0.0026817440520972013,0.0,0.0,0.04395604395604396,0.00036612618714571,0.0989010989010989,0.0007999432855285704,1
3GWD,1,0.97,4.847422599792479,-30,3.898173460451154,0.0,0.0,0.0,94.99907333176138,2.5853443072702325,105.1683962264151,11.839622641509434,0.5877922273171465,0.09433962264150944,0.0006383367581292987,0.02830188679245283,0.0001672909129410982,0.0660377358490566,0.00043201158405281603,0.02830188679245283,0.00022045825608074665,0.009433962264150943,3.874956746585667e-05,0.02830188679245283,0.00012910230725537986,0.018867924528301886,8.360824722331017e-05,0.16037735849056603,0.001193334348499775,0.0,0.0,0.0660377358490566,0.00039438315434381366,0.10377358490566038,0.0015509163495153189,0.009433962264150943,5.086107921670191e-05,0.009433962264150943,4.9503069021739066e-05,0.07547169811320754,0.0005529661430045962,0.04716981132075472,0.00035193091025575995,0.04716981132075472,0.0004399967147037387,0.07547169811320754,0.0005492722848430276,0.02830188679245283,0.00021854134683962911,0.03773584905660377,0.0002012817421928048,0.0660377358490566,0.0004771734238602221,1
8Z3X,1,0.91,8.339646339416507,3,4.110056743236268,0.0,0.0,0.0,90.11196131243878,5.63737518382282,118.6565,10.85,0.4496036866359447,0.07,0.00042543644667603076,0.04,0.00031695180223323405,0.04,0.0004652411735150963,0.03,0.0021341030951589346,0.01,6.0587623011088e-05,0.02,0.0013273311778903008,0.06,0.0004707665357273072,0.07,0.0004259328416083008,0.07,0.0006385586457327008,0.01,0.00020262952602934092,0.13,0.0011760264169424772,0.04,0.0005059960531070828,0.03,0.00020479096565395594,0.07,0.0005509859183803201,0.02,0.0002740785712376237,0.05,0.0004001736524514854,0.06,0.00028350125649012625,0.06,0.00036542140878736973,0.06,0.0004999685334041715,0.06,0.0003198144258931279,1
3NH3,1,0.93,5.1845914840698235,-25,3.956824214945018,0.0,0.0,0.0,93.00463546354634,3.624361410629788,106.57685714285711,11.942857142857143,0.5252829042302727,0.09523809523809523,0.0007213068311102688,0.01904761904761905,0.0002021457621594891,0.01904761904761905,0.0001308552746195346,0.0380952380952381,0.0003262368554715067,0.0,0.0,0.02857142857142857,0.00018155507859773934,0.047619047619047616,0.0003150761767756194,0.17142857142857143,0.0028112393338233232,0.06666666666666667,0.0003342833661008626,0.0380952380952381,0.0003212382143829018,0.09523809523809523,0.0006203425000421703,0.009523809523809525,7.554639159934595e-05,0.02857142857142857,0.00024130387464538217,0.0380952380952381,0.0003131891426164657,0.0380952380952381,0.0006047722999937832,0.0761904761904762,0.0005912952474318445,0.0380952380952381,0.00020125650917179883,0.047619047619047616,0.0010522693628445268,0.0380952380952381,0.0005397068453021348,0.06666666666666667,0.0006082800682634115,1
2DKH,1,0.96,5.812548637390138,-14,4.124153176104092,0.0,0.0,0.0,92.25311455607006,3.898023123963743,110.18972727272721,11.454545454545455,0.5567604617604618,0.10909090909090909,0.000845449510961771,0.05454545454545454,0.0005037127994000912,0.01818181818181818,0.0004050748248118907,0.045454545454545456,0.00044264280586503446,0.03636363636363636,0.00021855143131688237,0.05454545454545454,0.001208607223816216,0.045454545454545456,0.00036195843131281435,0.11818181818181818,0.0008260571048595011,0.06363636363636363,0.00031982961809262633,0.03636363636363636,0.00021780593669973314,0.06363636363636363,0.0003869304491672665,0.01818181818181818,9.909520304063335e-05,0.045454545454545456,0.00106555107049644,0.07272727272727272,0.0009159249602816999,0.02727272727272727,0.0002021705877268687,0.045454545454545456,0.00044549861922860146,0.03636363636363636,0.0006911763921380043,0.00909090909090909,5.6873053836170584e-05,0.03636363636363636,0.00021838674729224294,0.06363636363636363,0.0003679088258650154,1
1TDF,1,0.85,5.2917329788208,-12,3.781340181792146,0.0,0.0,0.0,92.99792988313857,4.6963827912193565,99.19392857142856,11.869047619047619,0.5253259779338014,0.15476190476190477,0.0018164038192480803,0.023809523809523808,0.0002663329360075295,0.023809523809523808,0.00022106528922449797,0.023809523809523808,0.00028930415282957256,0.011904761904761904,0.00010784374171635136,0.023809523809523808,0.0009200501954182982,0.047619047619047616,0.0003087577933911234,0.16666666666666666,0.0018250420689582825,0.03571428571428571,0.00043256100616417825,0.05952380952380952,0.00031932085403241217,0.03571428571428571,0.00033951454679481685,0.011904761904761904,9.458164277020842e-05,0.03571428571428571,0.00023130944464355707,0.011904761904761904,5.225732456892729e-05,0.03571428571428571,0.00035641336580738425,0.07142857142857142,0.0009844014421105385,0.14285714285714285,0.0011109455954283476,0.0,0.0,0.047619047619047616,0.00026505161076784134,0.03571428571428571,0.00026373440050520003,1
8Z1J,1,0.91,8.339646339416507,3,4.110056743236268,0.0,0.0,0.0,90.15711557296768,5.616314202894076,118.6565,10.83,0.4497691597414589,0.07,0.00042553761159069836,0.04,0.00031697898521088064,0.04,0.0004651930066756904,0.03,0.0021231796126812696,0.01,6.0654900153167546e-05,0.02,0.0013192337937653065,0.06,0.00047001519124023616,0.07,0.00042596846469677985,0.07,0.0006373162614181638,0.01,0.0002025198919000104,0.13,0.001176387071609497,0.04,0.000506445940118283,0.03,0.00020473152108024806,0.07,0.000551022298168391,0.02,0.00027450808556750417,0.05,0.0004005387017969042,0.06,0.00028357389965094626,0.06,0.00036537100095301867,0.06,0.0005000007804483175,0.06,0.0003196864854544401,1
2CJC,1,0.86,4.0500284194946286,-12,3.6440436248674546,0.0,0.0,0.0,94.21858508604207,2.508607266435986,109.53547169811323,10.245283018867925,0.29528475624587375,0.1320754716981132,0.00438085850328207,0.018867924528301886,0.0003556672018021345,0.018867924528301886,8.756679017096758e-05,0.11320754716981132,0.001613054657354951,0.0,0.0,0.05660377358490566,0.0008127461187541485,0.11320754716981132,0.0012307657161727548,0.03773584905660377,0.0007762897876091301,0.0,0.0,0.018867924528301886,0.0009843872394412756,0.05660377358490566,0.0014697536826133728,0.03773584905660377,0.00027712713927030563,0.0,0.0,0.05660377358490566,0.00036711597931571305,0.0,0.0,0.03773584905660377,0.00024314738402608782,0.11320754716981132,0.0016562463715672493,0.018867924528301886,0.00018676028412301093,0.018867924528301886,0.00011976696987403557,0.1509433962264151,0.0026354677975177765,1
6DD6,1,0.95,6.185753440856933,-8,4.131811742522029,0.0,0.0,0.0,94.40482254196642,3.1316080559323796,118.20271739130436,11.445652173913043,0.44692183822618603,0.06521739130434782,0.0010211083572357893,0.05434782608695652,0.0004762522876262665,0.05434782608695652,0.00048677678569220006,0.021739130434782608,0.00042382878018543124,0.010869565217391304,7.497517071897164e-05,0.03260869565217391,0.00020828218839596957,0.06521739130434782,0.0010166395222768188,0.07608695652173914,0.0004066296387463808,0.06521739130434782,0.0005503093707375228,0.11956521739130435,0.0006528738886117935,0.06521739130434782,0.0006620780332013965,0.03260869565217391,0.00016940230852924287,0.03260869565217391,0.0002409875305602327,0.03260869565217391,0.0002274447906529531,0.021739130434782608,0.00017316169396508485,0.03260869565217391,0.0003152928838972002,0.021739130434782608,0.00013025083171669394,0.043478260869565216,0.0003631408035289496,0.07608695652173914,0.0010020667687058449,0.07608695652173914,0.0008320705383084714,1
7B02,1,0.97,6.301022911071779,-5,3.81454314671849,0.0,0.0,0.0,96.04749397590362,2.484066173756446,99.00025000000001,11.5625,0.6383243243243243,0.125,0.0011632463429123163,0.05,0.0002525621675886214,0.0375,0.00022299319971352816,0.025,0.000273196492344141,0.0375,0.00046719578676857054,0.0375,0.0006071586394682527,0.0375,0.0001995637285290286,0.1875,0.0016275439411401749,0.0,0.0,0.05,0.0005580657161772251,0.0625,0.002410286106169224,0.0375,0.00025311234639957547,0.0,0.0,0.0125,6.059954102966003e-05,0.0625,0.0009894808754324913,0.05,0.00041772107942961156,0.075,0.006116823758929968,0.0,0.0,0.0375,0.0002137084084097296,0.075,0.000912761315703392,1
9ORN,1,0.93,5.378582954406738,-17,3.9325407344581667,0.0,0.0,0.0,91.87576459684894,4.863087456992425,104.53718446601937,11.893203883495145,0.6453655637012087,0.07766990291262135,0.0005321294302120805,0.0,0.0,0.038834951456310676,0.00029477724456228316,0.02912621359223301,0.0002498487592674792,0.038834951456310676,0.00019353016978129745,0.038834951456310676,0.00017210104851983488,0.038834951456310676,0.00029502567485906184,0.1650485436893204,0.0012159646721556783,0.0,0.0,0.02912621359223301,0.00020698098524007946,0.0970873786407767,0.0009158998727798462,0.009708737864077669,8.589233766542748e-05,0.02912621359223301,0.000139474737807177,0.06796116504854369,0.0005663540796376765,0.07766990291262135,0.000888900482095778,0.06796116504854369,0.000652275572065264,0.05825242718446602,0.00040076160803437233,0.02912621359223301,0.0002079922560369596,0.04854368932038835,0.0002490174665581435,0.05825242718446602,0.000428351282607764,1
3DJG,1,0.96,7.715461158752441,1,3.8505797122002656,0.0,0.0,0.0,95.17705263157896,3.1550975919553115,101.21186046511627,11.55813953488372,0.5070305554255767,0.10465116279069768,0.0007196279475465417,0.023255813953488372,0.00015596058801747859,0.03488372093023256,0.0001637340901652351,0.03488372093023256,0.00026941727264784276,0.03488372093023256,0.00047644894220866263,0.0,0.0,0.011627906976744186,9.70040782704018e-05,0.1511627906976744,0.0011962342541664839,0.0,0.0,0.05813953488372093,0.0004738493880722672,0.03488372093023256,0.001141120563261211,0.03488372093023256,0.0002894236531574279,0.03488372093023256,0.00020546097948681563,0.046511627906976744,0.00026054319459944963,0.06976744186046512,0.0005066153244115412,0.05813953488372093,0.0003569319669622928,0.06976744186046512,0.000734934292268008,0.023255813953488372,0.00010413059499114752,0.023255813953488372,0.00023738945310469717,0.1511627906976744,0.0011303406208753586,1
7KPQ,1,0.92,6.090150260925292,-10,3.9930117753446583,0.0,0.0,0.0,86.61223017463499,5.969638061849998,106.76693069306924,11.633663366336634,0.5415630924794607,0.12871287128712872,0.009329266846179962,0.04950495049504951,0.000283108587609604,0.039603960396039604,0.000626616645604372,0.04950495049504951,0.00041999793029390275,0.009900990099009901,4.48213322670199e-05,0.0297029702970297,0.0006013402598910034,0.039603960396039604,0.0002677119045984,0.12871287128712872,0.0019066035747528076,0.039603960396039604,0.00021843743161298335,0.12871287128712872,0.0011872946051880717,0.0594059405940594,0.0004037919861730188,0.009900990099009901,3.938321242458187e-05,0.0297029702970297,0.00013268811744637787,0.039603960396039604,0.0004128422006033361,0.0297029702970297,0.00029493955662474036,0.0297029702970297,0.00024793078773655,0.04950495049504951,0.0003594358859118074,0.009900990099009901,4.8434325435664505e-05,0.039603960396039604,0.0002038603852270171,0.0594059405940594,0.0003718154621310532,1
8JU4,1,0.97,4.593238639831543,-30,3.8173587186159605,0.0,0.0,0.0,95.03330210772833,3.2609712315695956,99.96796747967477,13.05691056910569,0.6892142271360447,0.11382113821138211,0.0008059347746893764,0.032520325203252036,0.00015050091315060854,0.032520325203252036,0.0002660812169779092,0.024390243902439025,0.0002381195517955348,0.016260162601626018,0.00011064310820074752,0.016260162601626018,8.97698337212205e-05,0.016260162601626018,0.0001233222137670964,0.21138211382113822,0.0020301390904933214,0.0,0.0,0.04878048780487805,0.00027978772413916886,0.08130081300813008,0.0009540556347928941,0.016260162601626018,0.00014730144175700843,0.032520325203252036,0.00024754981859587133,0.056910569105691054,0.0003553056449163705,0.07317073170731707,0.000632993585895747,0.08943089430894309,0.000828272954095155,0.056910569105691054,0.0005899531533941627,0.024390243902439025,0.0002941510174423456,0.032520325203252036,0.0002676882140804082,0.024390243902439025,0.00018476039986126125,1
3D1C,1,0.94,5.237224388122558,-16,4.106387168245722,0.0,0.0,0.0,91.16471620227038,3.6453867113196874,109.82938775510209,11.112244897959183,0.420681771331122,0.11224489795918367,0.0013545494293794036,0.030612244897959183,0.0001818670571083203,0.05102040816326531,0.0003097255830653012,0.04081632653061224,0.000404734251787886,0.01020408163265306,0.00029027374694123864,0.01020408163265306,4.514018655754626e-05,0.05102040816326531,0.00026342025375925004,0.09183673469387756,0.0011303031351417303,0.04081632653061224,0.00021819336689077318,0.08163265306122448,0.0005939913680776954,0.030612244897959183,0.0002213058469351381,0.05102040816326531,0.00032477168133482337,0.030612244897959183,0.00016563537064939737,0.061224489795918366,0.0005064645665697753,0.04081632653061224,0.00021091008966322988,0.061224489795918366,0.0004352521209511906,0.08163265306122448,0.000699331343639642,0.01020408163265306,7.887559331720695e-05,0.061224489795918366,0.0006543349009007215,0.05102040816326531,0.0003126869851257652,1
8JM2,1,0.96,5.00100154876709,-23,3.969909392662905,0.0,0.0,0.0,95.50272443590974,3.012206104252401,107.38160714285719,13.053571428571429,0.7395507621653312,0.07142857142857142,0.0007318789721466601,0.0625,0.00037431021337397397,0.044642857142857144,0.00035499781370162964,0.026785714285714284,0.0002505636657588184,0.008928571428571428,5.204834815231152e-05,0.017857142857142856,0.00036494419327937067,0.026785714285714284,0.0001673847873462364,0.13392857142857142,0.0011389956343919039,0.03571428571428571,0.0006003430462442338,0.05357142857142857,0.0003654158499557525,0.07142857142857142,0.00040082234772853553,0.0,0.0,0.008928571428571428,6.0631307860603556e-05,0.05357142857142857,0.0003157976025249809,0.08035714285714286,0.0006094094133004546,0.07142857142857142,0.0005303641082718968,0.07142857142857142,0.0009462242596782744,0.008928571428571428,0.00016317707195412368,0.0625,0.0006516199209727347,0.08928571428571429,0.0005040210671722889,1
6LR8,1,0.96,5.048916816711425,-22,3.9774144820562345,0.0,0.0,0.0,95.56269638554215,2.9089613189425245,107.85733944954126,13.045871559633028,0.7730873946760604,0.07339449541284404,0.0007538176723755896,0.06422018348623854,0.0003872261440847069,0.03669724770642202,0.0003283655387349427,0.027522935779816515,0.00025900572654791176,0.009174311926605505,5.369336940930225e-05,0.01834862385321101,0.00036445813020691276,0.027522935779816515,0.00017214212857652456,0.12844036697247707,0.001140773412771523,0.03669724770642202,0.0006169292610138655,0.05504587155963303,0.000377659744117409,0.07339449541284404,0.00041145522845909,0.0,0.0,0.009174311926605505,6.179573392728344e-05,0.05504587155963303,0.0003236172196920961,0.08256880733944955,0.0006205440149642527,0.07339449541284404,0.0005466068396344781,0.07339449541284404,0.0009779552929103374,0.009174311926605505,0.00016946466348599643,0.06422018348623854,0.0006697566132061183,0.08256880733944955,0.00048342731315642595,1
7KPT,1,0.92,6.090150260925292,-10,3.9930117753446583,0.0,0.0,0.0,86.62010592613798,5.968597546993871,106.76693069306924,11.633663366336634,0.5415630924794607,0.12871287128712872,0.009377256035804749,0.04950495049504951,0.00028313195798546076,0.039603960396039604,0.0006271250313147902,0.04950495049504951,0.00041998160304501653,0.009900990099009901,4.4849257392343134e-05,0.0297029702970297,0.0006015209364704788,0.039603960396039604,0.00026777948369272053,0.12871287128712872,0.0019064146326854825,0.039603960396039604,0.0002184545883210376,0.12871287128712872,0.001187590998597443,0.0594059405940594,0.0004037981852889061,0.009900990099009901,3.938514782930724e-05,0.0297029702970297,0.00013265323650557548,0.039603960396039604,0.0004128029104322195,0.0297029702970297,0.0002948909823317081,0.0297029702970297,0.00024794723140075803,0.04950495049504951,0.00035950756864622235,0.009900990099009901,4.8389843868790194e-05,0.039603960396039604,0.00020387835684232414,0.0594059405940594,0.00037183379754424095,1
4YKG,1,0.73,5.468559074401855,-12,3.6065654206712336,0.0,0.0,0.0,91.96774822695036,10.377141257216115,100.11268292682927,9.902439024390244,0.38411630421722937,0.12195121951219512,0.0006434848764911294,0.024390243902439025,0.0006739285890944302,0.0,0.0,0.04878048780487805,0.0004823118797503412,0.0,0.0,0.07317073170731707,0.0005121188587509096,0.07317073170731707,0.000661321624647826,0.17073170731707318,0.0011439828667789698,0.0,0.0,0.07317073170731707,0.00039182911859825253,0.07317073170731707,0.00046634042519144714,0.07317073170731707,0.0003357371606398374,0.024390243902439025,0.00012589673860929906,0.024390243902439025,0.0003414733218960464,0.0,0.0,0.0975609756097561,0.000840565247926861,0.07317073170731707,0.00040739847463555634,0.0,0.0,0.0,0.0,0.04878048780487805,0.00023714812414254993,1
8WKC,1,0.95,5.035673332214355,-20,4.040956505628827,0.0,0.0,0.0,93.33528275212066,3.387868668268781,108.3192156862745,11.72549019607843,0.6510836776182045,0.0784313725490196,0.0005177138955332339,0.029411764705882353,0.00019724616140592843,0.0392156862745098,0.00024299345386680216,0.0196078431372549,0.00017103947175201029,0.00980392156862745,5.62814311706461e-05,0.0392156862745098,0.0002953485818579793,0.029411764705882353,0.00012942681496497244,0.14705882352941177,0.001114076585508883,0.00980392156862745,7.013450522208586e-05,0.0196078431372549,0.0001302712335018441,0.058823529411764705,0.0012192194117233157,0.029411764705882353,0.00013956191833131015,0.0392156862745098,0.00028612991445697844,0.06862745098039216,0.0005174215184524655,0.0392156862745098,0.00027424731524661183,0.09803921568627451,0.0008389150607399642,0.06862745098039216,0.0005818443023599684,0.0392156862745098,0.0003029407816939056,0.058823529411764705,0.0003014680987689644,0.0784313725490196,0.0005316360620781779,1
8JDV,1,0.95,5.864783668518065,-11,3.894729491980618,0.0,0.0,0.0,92.39575586323821,3.5861675704671363,100.97405940594058,11.861386138613861,0.4150399180151738,0.06930693069306931,0.0015408076578751206,0.019801980198019802,0.00015177133900579065,0.039603960396039604,0.00021525195916183293,0.0594059405940594,0.00047460541827604175,0.039603960396039604,0.00023322647029999644,0.0,0.0,0.039603960396039604,0.0006710817688144743,0.19801980198019803,0.002062541898339987,0.04950495049504951,0.0006507133366540074,0.0297029702970297,0.0001693238882580772,0.0297029702970297,0.00018615125736687332,0.0297029702970297,0.00013816735008731484,0.0297029702970297,0.0004861865018028766,0.039603960396039604,0.00020215054973959923,0.039603960396039604,0.0004179796378593892,0.04950495049504951,0.000602482003159821,0.10891089108910891,0.0010664958972483873,0.009900990099009901,4.8361132940044627e-05,0.019801980198019802,8.750466804485768e-05,0.09900990099009901,0.0006748474552296102,1
1GRE,1,0.97,7.715461158752441,1,3.812152736976806,0.0,0.0,0.0,95.5716929460581,3.0265375256035436,100.05882352941174,11.458823529411765,0.5162942384345935,0.10588235294117647,0.0006976953009143472,0.011764705882352941,0.00010962432861560956,0.023529411764705882,0.00012179199256934226,0.03529411764705882,0.0002682985505089164,0.03529411764705882,0.0005234414129517972,0.0,0.0,0.011764705882352941,0.00010169068264076486,0.16470588235294117,0.0012676256010308862,0.0,0.0,0.07058823529411765,0.0005136752151884139,0.03529411764705882,0.0010003908537328243,0.03529411764705882,0.0002998842392116785,0.03529411764705882,0.00021117154392413795,0.047058823529411764,0.00026760317268781364,0.07058823529411765,0.0005118034314364195,0.058823529411764705,0.00036314825410954654,0.07058823529411765,0.0007517091580666602,0.023529411764705882,0.00010866348748095334,0.023529411764705882,0.0002567873743828386,0.1411764705882353,0.0011067104060202837,1
2DJI,1,0.96,4.847990989685058,-27,3.8854732789839534,0.0,0.0,0.0,95.83327098738582,2.722672220626257,102.65632075471693,12.59433962264151,0.44420888983110735,0.10377358490566038,0.0006853606319054961,0.03773584905660377,0.0009809809271246195,0.0660377358490566,0.0004487330443225801,0.02830188679245283,0.00035685941111296415,0.0,0.0,0.018867924528301886,0.0001381406473228708,0.009433962264150943,7.717301195953041e-05,0.16981132075471697,0.0010349269723519683,0.009433962264150943,3.699991793837398e-05,0.08490566037735849,0.0007845895015634596,0.03773584905660377,0.00026802418869920075,0.018867924528301886,0.00044729147339239717,0.0660377358490566,0.0005472478223964572,0.04716981132075472,0.00037085911026224494,0.04716981132075472,0.0005982460570521653,0.0660377358490566,0.0008758963667787611,0.09433962264150944,0.0017732955748215318,0.018867924528301886,0.00028044465580023825,0.018867924528301886,0.0001580992538947612,0.05660377358490566,0.0003775022632908076,1
9HNL,1,0.97,6.880780601501464,-1,4.1261984818385145,0.0,0.0,0.0,96.0619103600294,2.2821511419208664,116.12454545454538,11.555555555555555,0.422450024722752,0.10101010101010101,0.0011217790888622403,0.050505050505050504,0.0004545960982795805,0.030303030303030304,0.0003659377107396722,0.050505050505050504,0.000597480102442205,0.0,0.0,0.04040404040404041,0.00023162107390817255,0.030303030303030304,0.0006668609566986561,0.0707070707070707,0.00038552976911887527,0.0707070707070707,0.0005096701206639409,0.0707070707070707,0.00043745420407503843,0.0707070707070707,0.00041311528184451163,0.020202020202020204,0.00012129310198361054,0.04040404040404041,0.0004087333509232849,0.050505050505050504,0.0003769365430343896,0.050505050505050504,0.0003838823176920414,0.020202020202020204,0.00023675788543187082,0.04040404040404041,0.0002756516623776406,0.06060606060606061,0.000425010162871331,0.04040404040404041,0.0005528877372853458,0.09090909090909091,0.0008877796353772283,1
9KKG,1,0.97,8.112072944641113,2,4.052881221558355,0.0,0.0,0.0,95.43466557911908,2.1011341900931546,114.68683673469378,11.673469387755102,0.3375642214927929,0.04081632653061224,0.00236089457757771,0.07142857142857142,0.0005599955329671502,0.0,0.0,0.030612244897959183,0.00014215063129086047,0.030612244897959183,0.0005211344105191529,0.01020408163265306,0.00011185280163772404,0.030612244897959183,0.00028487344388850033,0.11224489795918367,0.0017428779974579811,0.04081632653061224,0.00023491797037422657,0.061224489795918366,0.0005608242354355752,0.11224489795918367,0.0009015652467496693,0.030612244897959183,0.00015834029181860387,0.05102040816326531,0.0003782683052122593,0.04081632653061224,0.0006386272143572569,0.030612244897959183,0.0009431667858734727,0.07142857142857142,0.0007599329692311585,0.04081632653061224,0.0005868026055395603,0.030612244897959183,0.0001541401434224099,0.08163265306122448,0.0006764731369912624,0.08163265306122448,0.0013292242074385285,1
8UIQ,1,0.93,5.944812965393066,-12,3.954276578897605,0.0,0.0,0.0,87.83619374999998,6.254297820454199,106.86358490566033,11.858490566037736,0.4519971180258477,0.1509433962264151,0.0032455308828502893,0.05660377358490566,0.00028321691206656396,0.018867924528301886,9.838560072239488e-05,0.03773584905660377,0.00048554970999248326,0.018867924528301886,0.0003879500727634877,0.03773584905660377,0.0003163313667755574,0.02830188679245283,0.00024655149900354445,0.10377358490566038,0.0023047751747071743,0.04716981132075472,0.0003073009429499507,0.11320754716981132,0.0010699867270886898,0.11320754716981132,0.0011129402555525303,0.02830188679245283,0.0001392997510265559,0.05660377358490566,0.0005681741749867797,0.018867924528301886,9.968182712327689e-05,0.02830188679245283,0.00020043271069880575,0.02830188679245283,0.0001380574976792559,0.02830188679245283,0.0001451985735911876,0.009433962264150943,4.165174323134124e-05,0.018867924528301886,7.810999522916973e-05,0.05660377358490566,0.0003336145309731364,1
1WAM,1,0.97,6.069801902770995,-7,3.951695154166756,0.0,0.0,0.0,96.5899011479592,2.004259575737847,113.84150000000002,10.7375,0.6366559953434225,0.0375,0.000168292666785419,0.075,0.0005632783868350089,0.025,0.00023991956550162286,0.05,0.0008730385452508926,0.0,0.0,0.025,0.00011901955440407619,0.025,0.00011900705430889502,0.1375,0.000829686876386404,0.05,0.0004788787628058344,0.075,0.0004929900751449168,0.05,0.000665843952447176,0.0,0.0,0.025,0.00035187258617952466,0.05,0.00034339464036747813,0.05,0.0004213510546833277,0.05,0.00036721251672133803,0.0875,0.0005242048064246774,0.0125,5.305886224959977e-05,0.1125,0.001201712409965694,0.0625,0.00036940063000656664,1
1NPX,1,0.97,4.827585792541503,-19,3.8472168545220553,0.0,0.0,0.0,96.5143323782235,1.889473447142021,100.7535294117647,11.294117647058824,0.49840686274509804,0.10588235294117647,0.001421133172698319,0.03529411764705882,0.0002453144988976419,0.03529411764705882,0.0003058996517211199,0.011764705882352941,0.0001566600112710148,0.011764705882352941,0.00018424724112264812,0.03529411764705882,0.00019330860232003033,0.011764705882352941,8.14875093055889e-05,0.16470588235294117,0.0012149877147749066,0.011764705882352941,9.439857967663556e-05,0.058823529411764705,0.000584814406465739,0.10588235294117647,0.0015116340946406126,0.023529411764705882,0.00010973570897476748,0.03529411764705882,0.00019818206783384085,0.03529411764705882,0.00016609272279310971,0.047058823529411764,0.00024073943495750427,0.09411764705882353,0.0007643545977771282,0.03529411764705882,0.00030992738902568817,0.0,0.0,0.03529411764705882,0.0003512351249810308,0.10588235294117647,0.0006335394573397934,1
3SYI,1,0.94,6.478246879577637,-3,3.8203930708598106,0.0,0.0,0.0,89.30892569382273,4.319368588619095,101.76039999999999,12.08,0.48825331125827814,0.18,0.0011653659166768193,0.0,0.0,0.02,0.00012533899280242622,0.01,4.0256174543173984e-05,0.03,0.0004466854443307966,0.02,0.0001177444210043177,0.03,0.0001661540736677125,0.15,0.0013923038495704532,0.01,4.568803706206381e-05,0.09,0.0008613932877779007,0.03,0.00018193302094005048,0.04,0.0004990251618437469,0.05,0.0002900330873671919,0.08,0.0005467346054501832,0.07,0.0007994374027475715,0.03,0.00025507051032036543,0.05,0.0006541633047163486,0.02,9.25168496905826e-05,0.03,0.00017654451949056238,0.06,0.00043791168718598783,1
1B8S,1,0.98,6.685822868347168,-1,3.814442296007415,0.0,0.0,0.0,96.53989152892561,1.876904998110355,100.08025862068956,12.844827586206897,0.6564915528812775,0.07758620689655173,0.0004206879821140319,0.017241379310344827,0.00013397203292697668,0.0603448275862069,0.0005973420920781791,0.02586206896551724,0.00019047419482376426,0.008620689655172414,9.878746641334146e-05,0.017241379310344827,8.112575596896932e-05,0.017241379310344827,7.435619772877544e-05,0.19827586206896552,0.002089007291942835,0.008620689655172414,0.00030286007677204907,0.05172413793103448,0.000344360334565863,0.09482758620689655,0.0006560906185768545,0.008620689655172414,4.117927892366424e-05,0.02586206896551724,0.00014989671763032675,0.017241379310344827,0.00025318708503618836,0.06896551724137931,0.0005867181462235749,0.07758620689655173,0.0006333537166938186,0.04310344827586207,0.00027561988099478185,0.017241379310344827,7.853896386222914e-05,0.05172413793103448,0.0006160710472613573,0.11206896551724138,0.0009909027721732855,1
1M6I,1,0.96,6.594539451599122,-2,3.980811349768774,0.0,0.0,0.0,93.25511456412958,3.3907072236462605,105.58555555555553,11.747474747474747,0.48776674744000625,0.1111111111111111,0.0007296304102055728,0.06060606060606061,0.0005163178429938853,0.010101010101010102,4.4065414840588346e-05,0.050505050505050504,0.0004698008706327528,0.010101010101010102,4.235655069351196e-05,0.010101010101010102,4.6478740841848776e-05,0.06060606060606061,0.0006582550122402608,0.16161616161616163,0.0010175403440371156,0.030303030303030304,0.0015889833448454738,0.050505050505050504,0.0002827220596373081,0.08080808080808081,0.0005554360686801374,0.030303030303030304,0.00017790643323678523,0.030303030303030304,0.00026471976889297366,0.06060606060606061,0.00050831661792472,0.050505050505050504,0.0004901894135400653,0.06060606060606061,0.0004917857586406171,0.030303030303030304,0.00021762277174275368,0.010101010101010102,0.00015117220755200833,0.030303030303030304,0.00016556380433030427,0.06060606060606061,0.00044151669135317206,1
8BJY,1,0.95,7.026686286926269,-1,3.980516082680141,0.0,0.0,0.0,94.30353374594755,3.279369212962963,103.86352380952381,12.552380952380952,0.589226100151745,0.13333333333333333,0.0013379009906202555,0.02857142857142857,0.00011528491450008005,0.01904761904761905,0.00020769848197232932,0.0380952380952381,0.0004661640850827098,0.05714285714285714,0.0006096194265410304,0.009523809523809525,8.006529969861731e-05,0.009523809523809525,4.513908424996771e-05,0.13333333333333333,0.0015506456838920712,0.02857142857142857,0.00038129661697894335,0.06666666666666667,0.00046874096733517945,0.06666666666666667,0.0005092271603643894,0.05714285714285714,0.0004991713212803006,0.01904761904761905,0.00013918547483626753,0.05714285714285714,0.0006485055782832205,0.047619047619047616,0.00024704274255782366,0.09523809523809523,0.0010372946271672845,0.05714285714285714,0.000527641037479043,0.0380952380952381,0.0003816501412075013,0.009523809523809525,5.458590749185532e-05,0.02857142857142857,0.00015115796122699976,1
3GYI,1,0.98,6.156254005432127,-3,3.815663929197728,0.0,0.0,0.0,96.57939824380165,1.8837329144620811,100.09724137931025,12.85344827586207,0.6535361594856496,0.07758620689655173,0.0004206877783872187,0.017241379310344827,0.00013398098235484213,0.05172413793103448,0.0004748198844026774,0.034482758620689655,0.00031390812364406884,0.008620689655172414,9.913039684761316e-05,0.008620689655172414,4.1519644582876936e-05,0.02586206896551724,0.00011391276348149404,0.19827586206896552,0.0020860417280346155,0.008620689655172414,0.0003024742763955146,0.05172413793103448,0.00034458067966625094,0.09482758620689655,0.0006556542357429862,0.008620689655172414,4.118548895348795e-05,0.02586206896551724,0.00015005825844127685,0.017241379310344827,0.000253392820013687,0.06896551724137931,0.000589735631365329,0.07758620689655173,0.0006321013206616044,0.04310344827586207,0.00027562669129110873,0.017241379310344827,7.853536226321012e-05,0.05172413793103448,0.0006179183255881071,0.11206896551724138,0.0009913943940773606,1
4OVI,1,0.97,5.20755443572998,-19,3.9638198709309025,0.0,0.0,0.0,95.58495260115608,2.599522065331355,104.28971428571421,12.076190476190476,0.5974688298032147,0.09523809523809523,0.000902096857316792,0.02857142857142857,0.00019487676036078483,0.0380952380952381,0.00026170184719376266,0.01904761904761905,0.0001615202781977132,0.01904761904761905,0.00013258264516480267,0.0380952380952381,0.0005023063858971,0.02857142857142857,0.00012509837688412517,0.17142857142857143,0.001201528706587851,0.009523809523809525,4.2134801333304495e-05,0.047619047619047616,0.0003169161209370941,0.08571428571428572,0.0010112205054610968,0.009523809523809525,5.7447879953542724e-05,0.02857142857142857,0.0002683746279217303,0.047619047619047616,0.0003139744803775102,0.0380952380952381,0.0002486390294507146,0.11428571428571428,0.0009540196624584496,0.047619047619047616,0.0002571423538029194,0.02857142857142857,0.00023703696206212044,0.05714285714285714,0.00032571065821684897,0.047619047619047616,0.0003720477980095893,1
6SW2,1,0.95,5.982156181335449,-5,3.8725128808094156,0.0,0.0,0.0,90.80291437802909,4.61690613873387,103.07082474226804,11.68041237113402,0.4994404054558193,0.1134020618556701,0.0012655649334192276,0.030927835051546393,0.00016548606799915433,0.05154639175257732,0.0007803210173733532,0.041237113402061855,0.0005548014305531979,0.020618556701030927,0.00018347906006965786,0.020618556701030927,0.00045610894449055195,0.020618556701030927,0.00018586262012831867,0.14432989690721648,0.005627174396067858,0.030927835051546393,0.0002878242521546781,0.1134020618556701,0.0010162601247429848,0.1134020618556701,0.0011074693175032735,0.010309278350515464,8.379836799576879e-05,0.05154639175257732,0.0014480106765404344,0.020618556701030927,9.738308290252462e-05,0.05154639175257732,0.00038958925870247185,0.041237113402061855,0.00020680400484707206,0.010309278350515464,0.00011203192116227001,0.0,0.0,0.030927835051546393,0.00015811729826964438,0.08247422680412371,0.0005541085847653449,1
1FDR,1,0.97,6.390657997131348,-2,3.9648914385172733,0.0,0.0,0.0,95.90101842374618,1.6095863683662852,112.81252525252523,11.262626262626263,0.2567740182089958,0.09090909090909091,0.0017340707127004862,0.04040404040404041,0.00018791467300616205,0.020202020202020204,0.00016998813953250647,0.010101010101010102,5.2149345719954e-05,0.010101010101010102,0.0003094764251727611,0.030303030303030304,0.00019858316227328032,0.030303030303030304,0.00023440548102371395,0.06060606060606061,0.0014444261323660612,0.030303030303030304,0.0002726647653616965,0.04040404040404041,0.0015717658679932356,0.18181818181818182,0.0014011539751663804,0.010101010101010102,4.253438601153903e-05,0.050505050505050504,0.00042404234409332275,0.06060606060606061,0.00045455145300365984,0.04040404040404041,0.000791173311881721,0.050505050505050504,0.0005206743371672928,0.0707070707070707,0.0006953036645427346,0.020202020202020204,0.0001254209055332467,0.06060606060606061,0.0009569001849740744,0.09090909090909091,0.0006891560042276978,1
9V6B,1,0.94,6.747777366638184,-1,3.9224034415095628,0.0,0.0,0.0,94.81395670198066,2.3279655060553637,110.06978260869563,11.23913043478261,0.2902510301909007,0.043478260869565216,0.00040111347334459424,0.05434782608695652,0.00031339708948507905,0.021739130434782608,0.00011896371142938733,0.03260869565217391,0.00016604333359282464,0.03260869565217391,0.0003270425950177014,0.021739130434782608,0.00037392941885627806,0.010869565217391304,5.850680099683814e-05,0.08695652173913043,0.0012395191006362438,0.021739130434782608,0.00020104348368477076,0.08695652173913043,0.0011677098227664828,0.16304347826086957,0.0012683916138485074,0.010869565217391304,7.361307507380843e-05,0.05434782608695652,0.0007795476703904569,0.043478260869565216,0.00036030772025696933,0.08695652173913043,0.002432707231491804,0.03260869565217391,0.00020111374033149332,0.043478260869565216,0.0028701366391032934,0.0,0.0,0.043478260869565216,0.0003451058000791818,0.10869565217391304,0.0008637805585749447,1
3NG7,1,0.93,5.1845914840698235,-25,3.956824214945018,0.0,0.0,0.0,93.00822682268226,3.6179084953246377,106.57685714285711,11.971428571428572,0.5306057506534834,0.09523809523809523,0.0007215258083306253,0.01904761904761905,0.00020223332103341818,0.01904761904761905,0.00013096617476549,0.0380952380952381,0.00032693531829863787,0.0,0.0,0.02857142857142857,0.00018348186858929694,0.047619047619047616,0.0003152891877107322,0.17142857142857143,0.0028210594318807125,0.06666666666666667,0.0003342299605719745,0.0380952380952381,0.0003213310264982283,0.09523809523809523,0.0006208584527485073,0.009523809523809525,7.547396671725437e-05,0.02857142857142857,0.00024159536405932158,0.0380952380952381,0.00031343946466222405,0.0380952380952381,0.0006065202760510147,0.0761904761904762,0.0005920645198784769,0.0380952380952381,0.0002013265766436234,0.047619047619047616,0.001057303394190967,0.0380952380952381,0.0005399383953772485,0.06666666666666667,0.0006089326343499124,1
3NYE,1,0.91,5.66124324798584,-14,3.748861979501123,0.0,0.0,0.0,92.88703805279397,4.228307189947713,100.23165137614677,11.862385321100918,0.5455558157190802,0.22935779816513763,0.0015907688066363335,0.05504587155963303,0.00045168815995566547,0.01834862385321101,7.547042332589626e-05,0.03669724770642202,0.0002311192365596071,0.009174311926605505,4.3043219193350524e-05,0.045871559633027525,0.0006895367405377328,0.009174311926605505,4.0177677874453366e-05,0.14678899082568808,0.003986707888543606,0.027522935779816515,0.0002469285682309419,0.027522935779816515,0.000936919532250613,0.07339449541284404,0.00048323400551453233,0.009174311926605505,5.3726598707726225e-05,0.009174311926605505,8.585199975641444e-05,0.027522935779816515,0.00015639163029845804,0.027522935779816515,0.0001388018426951021,0.07339449541284404,0.0008259910391643643,0.06422018348623854,0.0007626787410117686,0.01834862385321101,8.108840847853571e-05,0.045871559633027525,0.0009754820493981242,0.045871559633027525,0.000310296134557575,1
8Z3D,1,0.91,8.339646339416507,3,4.110056743236268,0.0,0.0,0.0,90.11416993143978,5.637561612005512,118.6565,10.85,0.4496036866359447,0.07,0.00042551543447189033,0.04,0.0003169711562804878,0.04,0.00046527283848263323,0.03,0.002133214846253395,0.01,6.060608211555518e-05,0.02,0.0013267104513943195,0.06,0.0004706623440142721,0.07,0.00042597539140842855,0.07,0.0006385448505170643,0.01,0.00020258685981389135,0.13,0.0011762049980461597,0.04,0.0005059288232587278,0.03,0.0002047890448011458,0.07,0.0005510447663255036,0.02,0.0002741148055065423,0.05,0.00040018008439801633,0.06,0.00028352203662507236,0.06,0.0003654441679827869,0.06,0.0005000335513614118,0.06,0.00031979437335394323,1
2MBR,1,0.95,5.7831628799438475,-8,3.9991595183334083,0.0,0.0,0.0,95.79922758100979,2.015296712802768,109.67065217391303,11.597826086956522,0.373731714274072,0.06521739130434782,0.0004818541056010872,0.03260869565217391,0.0003594424924813211,0.08695652173913043,0.0008962983847595751,0.021739130434782608,0.00015866935427766293,0.03260869565217391,0.00019788155623245984,0.03260869565217391,0.00042455687071196735,0.06521739130434782,0.0005172492819838226,0.10869565217391304,0.0010491497814655304,0.021739130434782608,0.00011025915591744706,0.08695652173913043,0.0009367362363263965,0.10869565217391304,0.0006635999889113009,0.021739130434782608,0.00017253308033104986,0.0,0.0,0.07608695652173914,0.0004971984890289605,0.05434782608695652,0.0005029165768064559,0.05434782608695652,0.0008582272566854954,0.010869565217391304,7.838766759959981e-05,0.021739130434782608,0.00013600818056147546,0.021739130434782608,0.00014530170301441103,0.07608695652173914,0.0006154723814688623,1
8C6B,1,0.97,9.223250007629392,13,4.13547537606525,0.0,0.0,0.0,95.97744146341464,2.037206,118.21806122448974,10.928571428571429,0.49740848720440556,0.09183673469387756,0.0005666242795996368,0.07142857142857142,0.00047282251762226224,0.030612244897959183,0.0003456157573964447,0.04081632653061224,0.0022354954853653908,0.01020408163265306,7.154174818424508e-05,0.05102040816326531,0.0012300859671086073,0.05102040816326531,0.00036002861452288926,0.08163265306122448,0.0005450539174489677,0.04081632653061224,0.0002503083669580519,0.04081632653061224,0.00021155999274924397,0.12244897959183673,0.0014213473768904805,0.02040816326530612,0.0005611158558167517,0.030612244897959183,0.00015515236009377986,0.061224489795918366,0.0005079152178950608,0.030612244897959183,0.00040697501390241086,0.030612244897959183,0.00037405997863970697,0.05102040816326531,0.0002491067862138152,0.07142857142857142,0.0005661116447299719,0.04081632653061224,0.00033475481905043125,0.030612244897959183,0.0002176620182581246,1
5UTH,1,0.94,5.0491441726684565,-18,3.833606366620279,0.0,0.0,0.0,92.27967821782178,3.5078861253328872,100.39904761904765,11.55952380952381,0.5622210779265362,0.15476190476190477,0.003203377593308687,0.03571428571428571,0.0005349764251150191,0.0,0.0,0.047619047619047616,0.0008483225828967988,0.023809523809523808,0.00017653654504101723,0.023809523809523808,0.00022601813543587923,0.03571428571428571,0.0001829016546253115,0.16666666666666666,0.0020112288184463978,0.03571428571428571,0.00043559627374634147,0.047619047619047616,0.00025236172950826585,0.05952380952380952,0.0005570019711740315,0.011904761904761904,4.790152161149308e-05,0.03571428571428571,0.00034827733179554343,0.023809523809523808,0.00012605535448528826,0.03571428571428571,0.000411218439694494,0.05952380952380952,0.0003816625685431063,0.10714285714285714,0.000665646162815392,0.0,0.0,0.047619047619047616,0.0003072732943110168,0.047619047619047616,0.00030598192824982107,1
2I0K,1,0.98,5.4018869400024405,-12,3.8763022365433026,0.0,0.0,0.0,94.9750702603087,3.125730726580051,104.05688073394492,12.275229357798166,0.6338503311803184,0.14678899082568808,0.00185732776299119,0.03669724770642202,0.00019444378267508,0.05504587155963303,0.0004885149537585676,0.009174311926605505,4.449964762898162e-05,0.01834862385321101,0.0001292896195081994,0.009174311926605505,5.6255481467815116e-05,0.045871559633027525,0.0003530879330355674,0.12844036697247707,0.0010346771450713277,0.009174311926605505,0.000342557264957577,0.06422018348623854,0.0003981057379860431,0.11926605504587157,0.0008796746260486543,0.027522935779816515,0.00021562215988524258,0.009174311926605505,5.658846566802822e-05,0.009174311926605505,6.248553836485371e-05,0.045871559633027525,0.0005546584143303335,0.06422018348623854,0.0006743150879628956,0.05504587155963303,0.0003323080891277641,0.05504587155963303,0.00043704500421881676,0.01834862385321101,0.0001039275957737118,0.07339449541284404,0.0005035538342781365,1
1TDE,1,0.85,5.291676139831543,-12,3.8039608309575046,0.0,0.0,0.0,92.97840984974958,4.72057963467393,99.38511904761903,11.880952380952381,0.5247041702452524,0.15476190476190477,0.0017889230512082577,0.023809523809523808,0.00026328954845666885,0.023809523809523808,0.0002191637031501159,0.023809523809523808,0.0002853033656720072,0.023809523809523808,0.00017142271099146456,0.023809523809523808,0.0009761785040609539,0.047619047619047616,0.0003127300296910107,0.16666666666666666,0.0018397057428956032,0.03571428571428571,0.0004245775053277612,0.05952380952380952,0.00031814404064789414,0.03571428571428571,0.00034770037746056914,0.011904761904761904,9.625804523238912e-05,0.03571428571428571,0.000232578138820827,0.011904761904761904,5.251923721516505e-05,0.03571428571428571,0.0003546109364833683,0.05952380952380952,0.0009048599749803543,0.14285714285714285,0.0011262046173214912,0.0,0.0,0.047619047619047616,0.0002632799150887877,0.03571428571428571,0.0002622623578645289,1
9IQC,1,0.91,6.089581871032714,-3,4.143285765263742,0.0,0.0,0.0,90.01322007318348,3.9110779605960033,118.51473118279567,10.913978494623656,0.34612002754383175,0.043010752688172046,0.0002812918974086642,0.03225806451612903,0.0002086189342662692,0.021505376344086023,0.00017357419710606337,0.043010752688172046,0.001051394734531641,0.03225806451612903,0.0005224854103289545,0.053763440860215055,0.0006985585205256939,0.03225806451612903,0.0001584226411068812,0.021505376344086023,0.00017518694221507758,0.053763440860215055,0.0004956303164362907,0.043010752688172046,0.00027708589914254844,0.053763440860215055,0.0006421991274692118,0.03225806451612903,0.00017204039613716304,0.06451612903225806,0.0007965904660522938,0.0967741935483871,0.0007732316153123975,0.03225806451612903,0.0002222275797976181,0.07526881720430108,0.0004967473214492202,0.07526881720430108,0.000775710737798363,0.010752688172043012,7.301929872483015e-05,0.07526881720430108,0.0005331782740540802,0.10752688172043011,0.0008056655642576516,1
7VJ5,1,0.96,6.132211112976075,-8,4.158878212948384,0.0,0.0,0.0,93.63968878600822,4.003379762745133,114.51363636363635,11.141414141414142,0.45319926371603614,0.06060606060606061,0.000335018354235217,0.08080808080808081,0.0007111015729606152,0.0707070707070707,0.0006062468164600432,0.08080808080808081,0.0014929708559066057,0.030303030303030304,0.0001771133829606697,0.04040404040404041,0.0002808548742905259,0.050505050505050504,0.00031131645664572716,0.08080808080808081,0.000789409561548382,0.020202020202020204,0.0009133167914114892,0.0707070707070707,0.00042962870793417096,0.06060606060606061,0.0006341060507111251,0.030303030303030304,0.0002532387152314186,0.030303030303030304,0.00016124523244798183,0.050505050505050504,0.0004865590017288923,0.050505050505050504,0.0006585493101738393,0.0707070707070707,0.0007110181613825262,0.010101010101010102,4.3215179175604135e-05,0.010101010101010102,6.640591163886711e-05,0.06060606060606061,0.0004346237110439688,0.04040404040404041,0.000178404530743137,1
4U63,1,0.94,9.10514392852783,7,4.011087129883444,0.0,0.0,0.0,92.5817977811397,4.656368848889534,112.87913461538461,10.990384615384615,0.452242748502591,0.10576923076923077,0.0032302236650139093,0.0673076923076923,0.0004767529899254441,0.038461538461538464,0.0002696206793189049,0.04807692307692308,0.0011764775263145566,0.009615384615384616,7.66245138947852e-05,0.019230769230769232,0.00020212844538036734,0.057692307692307696,0.0003880729782395065,0.09615384615384616,0.0006168102845549583,0.057692307692307696,0.0004304687608964741,0.019230769230769232,0.00016246641462203115,0.15384615384615385,0.001322156866081059,0.028846153846153848,0.00021121463214512914,0.009615384615384616,5.4244323109742254e-05,0.038461538461538464,0.0001974559127120301,0.057692307692307696,0.0007737591513432562,0.04807692307692308,0.0006827373872511089,0.038461538461538464,0.00021821216796524823,0.057692307692307696,0.00032568644382990897,0.019230769230769232,0.00014539252151735127,0.028846153846153848,0.00025847312645055354,1
3O55,1,0.97,6.585331535339355,-1,4.108817708537335,0.0,0.0,0.0,94.21099809885932,2.6063744,120.86437500000004,8.9375,0.09914335664335665,0.0875,0.000868719071149826,0.1,0.0006839822162874043,0.0375,0.00029958374216221273,0.0625,0.0003309012681711465,0.05,0.00045436015352606773,0.025,0.00014935454237274826,0.0625,0.00037222556420601904,0.0125,0.00020676295389421284,0.075,0.001256885938346386,0.0125,0.00011364708188921213,0.1125,0.0015821659471839666,0.05,0.00023693873663432896,0.0125,6.475172995124012e-05,0.0625,0.00041794413118623197,0.05,0.00024033643421716988,0.0375,0.0005170885124243796,0.0375,0.0003633582964539528,0.0375,0.001954286126419902,0.0375,0.00021367950830608606,0.0375,0.0005098959663882852,1
8PL6,1,0.97,6.313470649719239,-5,3.81454314671849,0.0,0.0,0.0,96.01820315928038,2.5515250737214825,99.00025,11.65,0.64487660944206,0.125,0.0011570423375815153,0.05,0.0002533078077249229,0.0375,0.00022269165492616594,0.025,0.00027096079429611564,0.0375,0.00047123123658820987,0.0375,0.0006092935800552368,0.0375,0.00020104639406781644,0.1875,0.001640210160985589,0.0,0.0,0.05,0.0005542144062928855,0.0625,0.0023975118529051542,0.0375,0.0002514324733056128,0.0,0.0,0.0125,5.994234379613772e-05,0.0625,0.0009739029919728637,0.05,0.0004199860559310764,0.075,0.006052667740732431,0.0,0.0,0.0375,0.00021308807481545955,0.075,0.0009025048348121345,1
3DK9,1,0.97,7.715461158752441,1,3.812152736976806,0.0,0.0,0.0,95.5716929460581,3.0265375256035436,100.05882352941174,11.458823529411765,0.5162942384345935,0.10588235294117647,0.0006976953009143472,0.011764705882352941,0.00010962432861560956,0.023529411764705882,0.00012179199256934226,0.03529411764705882,0.0002682985505089164,0.03529411764705882,0.0005234414129517972,0.0,0.0,0.011764705882352941,0.00010169068264076486,0.16470588235294117,0.0012676256010308862,0.0,0.0,0.07058823529411765,0.0005136752151884139,0.03529411764705882,0.0010003908537328243,0.03529411764705882,0.0002998842392116785,0.03529411764705882,0.00021117154392413795,0.047058823529411764,0.00026760317268781364,0.07058823529411765,0.0005118034314364195,0.058823529411764705,0.00036314825410954654,0.07058823529411765,0.0007517091580666602,0.023529411764705882,0.00010866348748095334,0.023529411764705882,0.0002567873743828386,0.1411764705882353,0.0011067104060202837,1
1GSN,1,0.97,7.715461158752441,1,3.812152736976806,0.0,0.0,0.0,95.56861410788383,3.0255497102641775,100.05882352941174,11.458823529411765,0.5162942384345935,0.10588235294117647,0.0006976720178499818,0.011764705882352941,0.00010965848923660815,0.023529411764705882,0.0001218050965690054,0.03529411764705882,0.0002683218917809427,0.03529411764705882,0.0005235854769125581,0.0,0.0,0.011764705882352941,0.0001016713140415959,0.16470588235294117,0.0012676933547481894,0.0,0.0,0.07058823529411765,0.0005136294639669359,0.03529411764705882,0.0010004463838413358,0.03529411764705882,0.00029990272014401853,0.03529411764705882,0.00021116029529366642,0.047058823529411764,0.0002675956638995558,0.07058823529411765,0.0005118421977385879,0.058823529411764705,0.0003631689469330013,0.07058823529411765,0.0007518401253037155,0.023529411764705882,0.00010865907097468153,0.023529411764705882,0.00025670466129668057,0.1411764705882353,0.0011067207669839263,1
8JM4,1,0.96,5.00100154876709,-23,3.969909392662905,0.0,0.0,0.0,95.50192270763323,3.012618998628258,107.38160714285719,13.053571428571429,0.7395507621653312,0.07142857142857142,0.000731849402654916,0.0625,0.0003742909466382116,0.044642857142857144,0.0003549793909769505,0.026785714285714284,0.0002505626471247524,0.008928571428571428,5.204830813454464e-05,0.017857142857142856,0.0003648840356618166,0.026785714285714284,0.00016739798593334854,0.13392857142857142,0.0011389536084607244,0.03571428571428571,0.000600387342274189,0.05357142857142857,0.00036543974420055747,0.07142857142857142,0.0004008451069239527,0.0,0.0,0.008928571428571428,6.062632746761665e-05,0.05357142857142857,0.00031581707298755646,0.08035714285714286,0.0006093811825849116,0.07142857142857142,0.0005303776706568897,0.07142857142857142,0.0009461077279411256,0.008928571428571428,0.00016313078231178224,0.0625,0.0006516631692647934,0.08928571428571429,0.0005040141404606402,1
8PLG,1,0.97,6.313470649719239,-5,3.81454314671849,0.0,0.0,0.0,96.01533567354102,2.5553650440926017,99.00025,11.65,0.64487660944206,0.125,0.0011572500225156546,0.05,0.00025333816302008927,0.0375,0.00022269817418418825,0.025,0.00027099420549347997,0.0375,0.0004712400841526687,0.0375,0.0006094229174777865,0.0375,0.00020107740419916809,0.1875,0.0016403930494561791,0.0,0.0,0.05,0.0005542655126191676,0.0625,0.002398103941231966,0.0375,0.0002515035157557577,0.0,0.0,0.0125,5.995689571136609e-05,0.0625,0.0009741144021973014,0.05,0.00042000203393399715,0.075,0.006049747578799725,0.0,0.0,0.0375,0.00021313026081770658,0.075,0.0009027622872963548,1
3T0K,1,0.94,6.478246879577637,-3,3.8469388729678906,0.0,0.0,0.0,88.68744928400953,4.248525153297132,102.92405940594061,11.831683168316832,0.4889846306806413,0.16831683168316833,0.0010841783368960023,0.0,0.0,0.019801980198019802,0.00012867766781710088,0.009900990099009901,4.0963470382848755e-05,0.0297029702970297,0.00044206943130120635,0.019801980198019802,0.00010917503823293373,0.0297029702970297,0.00016018316091503948,0.13861386138613863,0.0012958900770172477,0.009900990099009901,4.638078098651022e-05,0.09900990099009901,0.0008431603782810271,0.0297029702970297,0.0001802485785447061,0.039603960396039604,0.0004608573217410594,0.04950495049504951,0.0002778673660941422,0.0891089108910891,0.0005843463004566729,0.06930693069306931,0.0007837729062885046,0.039603960396039604,0.0003041311865672469,0.04950495049504951,0.0006358245736919343,0.019801980198019802,8.344294474227354e-05,0.0297029702970297,0.00016813614638522267,0.0594059405940594,0.00044883909868076444,1
2JKC,1,0.96,6.331374931335449,-4,4.093432836459616,0.0,0.0,0.0,93.79345475638051,3.621541299871478,113.07326923076923,11.442307692307692,0.54280058177117,0.09615384615384616,0.0008883839473128319,0.009615384615384616,5.973780935164541e-05,0.019230769230769232,8.609618816990405e-05,0.04807692307692308,0.0004507896665018052,0.019230769230769232,0.0001406918599968776,0.019230769230769232,0.00010524104436626658,0.028846153846153848,0.0003032477980013937,0.08653846153846154,0.0007893362198956311,0.04807692307692308,0.0002992928202729672,0.07692307692307693,0.001078888075426221,0.057692307692307696,0.0005087703466415405,0.038461538461538464,0.00022999649809207767,0.028846153846153848,0.0001441467902623117,0.125,0.0008401793893426657,0.038461538461538464,0.00039816892240196466,0.0673076923076923,0.0016450945986434817,0.04807692307692308,0.001729886163957417,0.028846153846153848,0.00022744221496395767,0.057692307692307696,0.0006311399629339576,0.057692307692307696,0.0003030372899957001,1
5ZW8,1,0.95,6.19882640838623,-6,3.9619652457866836,0.0,0.0,0.0,92.07848897535668,4.4977785203336555,106.0233333333333,12.735042735042734,0.32200998107038376,0.1452991452991453,0.0013450592523440719,0.008547008547008548,5.94471966905985e-05,0.042735042735042736,0.0002555474347900599,0.03418803418803419,0.00016669873730279505,0.06837606837606838,0.0010337255662307143,0.008547008547008548,4.0515398723073304e-05,0.03418803418803419,0.0007501903455704451,0.07692307692307693,0.000557111285161227,0.03418803418803419,0.00025447970256209373,0.1111111111111111,0.0007407740340568125,0.1111111111111111,0.0015108801890164614,0.02564102564102564,0.000357546639861539,0.03418803418803419,0.00027631831471808255,0.05982905982905983,0.0005888351588509977,0.03418803418803419,0.00020376847533043474,0.07692307692307693,0.0009618894546292722,0.03418803418803419,0.00023739135940559208,0.02564102564102564,0.00024084326287265867,0.008547008547008548,3.5937762731919065e-05,0.02564102564102564,0.0001507123524788767,1
5Y7A,1,0.93,6.282095527648925,-9,3.957563887815054,0.0,0.0,0.0,91.71469816989894,5.029398513380028,107.89625000000001,11.817307692307692,0.48863991988483446,0.17307692307692307,0.0013757937122136354,0.057692307692307696,0.00033955060644075274,0.04807692307692308,0.0006502507603727281,0.04807692307692308,0.00031797593692317605,0.019230769230769232,0.0003110606630798429,0.028846153846153848,0.001374600687995553,0.028846153846153848,0.0002045798028120771,0.07692307692307693,0.002543237991631031,0.028846153846153848,0.0003260985540691763,0.04807692307692308,0.0003514763084240258,0.14423076923076922,0.0011001323582604527,0.009615384615384616,3.963330527767539e-05,0.057692307692307696,0.0011106199817731977,0.028846153846153848,0.00021895888494327664,0.028846153846153848,0.00036766187986359,0.028846153846153848,0.0001614835491636768,0.04807692307692308,0.0002726305974647403,0.009615384615384616,6.854100502096117e-05,0.038461538461538464,0.00020289148960728198,0.04807692307692308,0.00032433681190013885,1
3QVR,1,0.98,4.935238838195799,-29,3.945072512691912,0.0,0.0,0.0,97.59107030900134,1.8578418248310475,104.55542857142856,13.047619047619047,0.8709975669099757,0.06666666666666667,0.00040405127219855785,0.0380952380952381,0.00022289014304988086,0.047619047619047616,0.0003495573764666915,0.047619047619047616,0.00038031229632906616,0.009523809523809525,5.274956129142083e-05,0.0380952380952381,0.00035556795774027705,0.009523809523809525,4.390217873151414e-05,0.14285714285714285,0.0014030138263478875,0.0380952380952381,0.0009609612170606852,0.02857142857142857,0.00021587959781754762,0.0761904761904762,0.00045817194040864706,0.0,0.0,0.0380952380952381,0.0004054293967783451,0.009523809523809525,0.00015139728202484548,0.06666666666666667,0.0004518649657256901,0.09523809523809523,0.0008502042037434876,0.10476190476190476,0.0007355089765042067,0.01904761904761905,0.00011611479567363858,0.047619047619047616,0.0004193538043182343,0.0761904761904762,0.0010063747176900506,1
1BJK,1,0.97,5.728711128234863,-6,4.0297148865081045,0.0,0.0,0.0,96.3244220890411,1.8251789715598963,114.08479591836726,11.591836734693878,0.32486885599310145,0.04081632653061224,0.0017179350834339857,0.05102040816326531,0.00045226572547107935,0.01020408163265306,4.932714728056453e-05,0.01020408163265306,4.430970875546336e-05,0.02040816326530612,0.00048127389163710177,0.030612244897959183,0.00020717787265311927,0.061224489795918366,0.0004528436984401196,0.09183673469387756,0.001727239228785038,0.030612244897959183,0.00018741170060820878,0.10204081632653061,0.0016004452481865883,0.12244897959183673,0.00095697509823367,0.030612244897959183,0.00014493768685497344,0.05102040816326531,0.0007704490562900901,0.01020408163265306,9.87550156423822e-05,0.02040816326530612,0.0009134080610238016,0.061224489795918366,0.0006329622701741755,0.07142857142857142,0.0009147169184871018,0.030612244897959183,0.0001679140405030921,0.07142857142857142,0.0006071465322747827,0.08163265306122448,0.0005306915263645351,1
6KGQ,1,0.95,7.343847846984863,0,3.9308071515996423,0.0,0.0,0.0,95.47020646147965,3.720527481170163,108.14356321839077,11.67816091954023,0.766890668838809,0.10344827586206896,0.0012839667033404112,0.011494252873563218,6.460076838266104e-05,0.06896551724137931,0.0008344128145836294,0.04597701149425287,0.000652987917419523,0.0,0.0,0.011494252873563218,0.00012021102156722918,0.04597701149425287,0.0003912224492523819,0.10344827586206896,0.000547219009604305,0.05747126436781609,0.000338965532137081,0.011494252873563218,5.259527461021207e-05,0.11494252873563218,0.0008594283135607839,0.011494252873563218,5.955562664894387e-05,0.022988505747126436,0.00010228621977148578,0.06896551724137931,0.0005297979223541915,0.022988505747126436,0.00019914316362701356,0.10344827586206896,0.0005426392890512943,0.06896551724137931,0.0004770080849993974,0.022988505747126436,0.0002310372656211257,0.04597701149425287,0.00039188560913316905,0.05747126436781609,0.00035187386674806476,1
5VW4,1,0.98,8.116972541809083,2,4.0647166099462755,0.0,0.0,0.0,94.82238920225623,2.51511977247236,113.63409999999995,11.6,0.32667241379310347,0.05,0.002602177672088146,0.07,0.0005916531663388014,0.0,0.0,0.03,0.00014612906670663506,0.03,0.0004780675517395139,0.01,0.00010528857819736004,0.04,0.0003135112638119608,0.11,0.0015904855681583285,0.04,0.00023236431297846138,0.06,0.0005441575194709003,0.11,0.0008956249803304672,0.03,0.00015072077803779393,0.05,0.00037291483022272587,0.04,0.0007176024955697358,0.03,0.0010348479263484478,0.08,0.0007695774547755718,0.04,0.000550040858797729,0.03,0.0001542043755762279,0.07,0.0005901023396290839,0.08,0.001455957884900272,1
1K0L,1,0.97,6.199508476257324,-4,3.9803413798269984,0.0,0.0,0.0,96.50447966698687,1.7733231982272153,106.4313461538461,11.403846153846153,0.4161207679335841,0.09615384615384616,0.0012705624103546143,0.0673076923076923,0.0004577793297357857,0.019230769230769232,0.0003768186434172094,0.038461538461538464,0.00033242657082155347,0.019230769230769232,0.00010874910367419943,0.038461538461538464,0.0002604973560664803,0.028846153846153848,0.0002085664018522948,0.14423076923076922,0.002624235115945339,0.019230769230769232,0.0001428637478966266,0.028846153846153848,0.0002890496689360589,0.1346153846153846,0.002773264655843377,0.019230769230769232,0.0003853162925224751,0.019230769230769232,0.0001278063573408872,0.028846153846153848,0.0001791125541785732,0.038461538461538464,0.00043697626097127795,0.057692307692307696,0.000420658674556762,0.04807692307692308,0.00031031740945763886,0.028846153846153848,0.00013359963486436754,0.028846153846153848,0.0001567421422805637,0.09615384615384616,0.0007240090053528547,1
4HA6,1,0.94,6.091571235656737,-10,3.9549238834005633,0.0,0.0,0.0,91.91252280427416,4.120549553599108,105.04495327102804,12.80373831775701,0.7337130772904018,0.12149532710280374,0.0011282145278528333,0.04672897196261682,0.0002878113300539553,0.037383177570093455,0.00019360262376721948,0.04672897196261682,0.0003594655718188733,0.037383177570093455,0.00033335393527522683,0.018691588785046728,0.00012865508324466646,0.009345794392523364,4.66242890979629e-05,0.1308411214953271,0.0009470082586631179,0.09345794392523364,0.002056518103927374,0.04672897196261682,0.0007732633966952562,0.09345794392523364,0.0006567756645381451,0.0,0.0,0.037383177570093455,0.00028913465212099254,0.009345794392523364,3.8657861296087503e-05,0.056074766355140186,0.0007396161672659218,0.07476635514018691,0.0006124089122749865,0.04672897196261682,0.0003558573080226779,0.028037383177570093,0.00015736435307189822,0.018691588785046728,0.0001296235859626904,0.04672897196261682,0.0003263835678808391,1
2IJG,1,0.96,8.977818870544432,10,4.026907514251168,0.0,0.0,0.0,92.21767605633802,5.120030288134859,114.88745098039209,11.205882352941176,0.49420170517900947,0.0196078431372549,0.00041788144153542817,0.08823529411764706,0.0005718256579712033,0.049019607843137254,0.0004961515660397708,0.0392156862745098,0.0014494193019345403,0.058823529411764705,0.00039753291639499366,0.00980392156862745,5.1982580771436915e-05,0.058823529411764705,0.00035469935392029583,0.11764705882352941,0.0006790765910409391,0.0,0.0,0.029411764705882353,0.00015692884335294366,0.09803921568627451,0.000964341510552913,0.0196078431372549,0.0001482228108216077,0.029411764705882353,0.00018270824512001127,0.08823529411764706,0.000756781839299947,0.0392156862745098,0.0005320097552612424,0.0784313725490196,0.001025303383357823,0.06862745098039216,0.00037920335307717323,0.0392156862745098,0.00032620495767332613,0.0392156862745098,0.0006690190639346838,0.029411764705882353,0.00013179877714719623,1
4G1V,1,0.92,5.859440803527831,-10,4.073296718066589,0.0,0.0,0.0,90.36800317965026,3.747347064402862,107.68376344086018,11.086021505376344,0.40008134914426957,0.10752688172043011,0.0006679500220343471,0.021505376344086023,0.00019085845269728452,0.043010752688172046,0.00021940939768683165,0.021505376344086023,0.00016614946071058512,0.021505376344086023,0.00015588186215609312,0.06451612903225806,0.00047963944962248206,0.010752688172043012,0.0003081709728576243,0.07526881720430108,0.000926546985283494,0.053763440860215055,0.0005969697958789766,0.053763440860215055,0.0003786636225413531,0.07526881720430108,0.00047224885202012956,0.043010752688172046,0.0005835254560224712,0.021505376344086023,0.00017650942027103156,0.053763440860215055,0.0008051858749240637,0.06451612903225806,0.0009089563973248005,0.07526881720430108,0.0005126517498865724,0.07526881720430108,0.00045830660383217037,0.0,0.0,0.043010752688172046,0.0004910776042379439,0.07526881720430108,0.0003969634126406163,1
3U5S,1,0.92,6.581750679016113,-1,3.836748799628123,0.0,0.0,0.0,89.24222753346079,5.522417485512723,117.24297297297294,8.5,0.10866669531216432,0.06756756756756757,0.0009633897570893168,0.10810810810810811,0.0008562486036680639,0.02702702702702703,0.00024313390895258635,0.06756756756756757,0.00033570308005437255,0.0,0.0,0.013513513513513514,8.309135591844097e-05,0.08108108108108109,0.0004858479951508343,0.013513513513513514,0.0003152178251184523,0.06756756756756757,0.0011691682739183307,0.013513513513513514,0.00010223097342532128,0.12162162162162163,0.0014317913446575403,0.05405405405405406,0.000248726544668898,0.013513513513513514,5.982804941595532e-05,0.06756756756756757,0.0004084217071067542,0.05405405405405406,0.0002561449655331671,0.02702702702702703,0.0007214447250589728,0.02702702702702703,0.00029188505141064525,0.04054054054054054,0.010631942190229893,0.04054054054054054,0.00021949548681732267,0.04054054054054054,0.0005800592480227351,1
1N1P,1,0.98,6.381791114807128,-2,3.807934645126696,0.0,0.0,0.0,96.61224431818181,1.8659651360544216,100.08879310344818,12.827586206896552,0.6537356321839081,0.07758620689655173,0.0004204206634312868,0.017241379310344827,0.00013356615090742707,0.0603448275862069,0.0005973236984573305,0.02586206896551724,0.00019037672609556466,0.008620689655172414,9.869240602711216e-05,0.008620689655172414,4.161680044489913e-05,0.02586206896551724,0.00011379217175999656,0.19827586206896552,0.0020884452387690544,0.008620689655172414,0.00030320350197143853,0.05172413793103448,0.00034455061540938914,0.09482758620689655,0.0006556335720233619,0.008620689655172414,4.123202234040946e-05,0.02586206896551724,0.000149866784340702,0.017241379310344827,0.0002526202879380435,0.06896551724137931,0.0005854330374859273,0.07758620689655173,0.0006328162271529436,0.04310344827586207,0.00027534313267096877,0.017241379310344827,7.847067900002003e-05,0.05172413793103448,0.0006150786066427827,0.11206896551724138,0.0009892152156680822,1
8B7S,1,0.96,6.886578178405763,-1,3.964892563282715,0.0,0.0,0.0,93.97353283256604,3.006927329420895,101.71359649122799,13.201754385964913,0.7689339628140118,0.14035087719298245,0.0012658184859901667,0.03508771929824561,0.0001895875611808151,0.043859649122807015,0.0010171299800276756,0.02631578947368421,0.00016915079322643578,0.02631578947368421,0.00013923207006882876,0.03508771929824561,0.00017875482444651425,0.017543859649122806,0.00012743724801111966,0.14035087719298245,0.0012956751743331552,0.02631578947368421,0.0005318684852682054,0.07017543859649122,0.0009054455440491438,0.03508771929824561,0.00021146687504369766,0.008771929824561403,4.984089537174441e-05,0.06140350877192982,0.0004990797606296837,0.03508771929824561,0.0002036368241533637,0.06140350877192982,0.0003884571196977049,0.10526315789473684,0.001056061708368361,0.02631578947368421,0.0001467647380195558,0.017543859649122806,0.00011052682384615764,0.017543859649122806,0.000253476231591776,0.07017543859649122,0.0005407196586020291,1
1V5E,1,0.96,4.847990989685058,-27,3.8854732789839534,0.0,0.0,0.0,95.83327098738582,2.722672220626257,102.65632075471693,12.59433962264151,0.44420888983110735,0.10377358490566038,0.0006853606319054961,0.03773584905660377,0.0009809809271246195,0.0660377358490566,0.0004487330443225801,0.02830188679245283,0.00035685941111296415,0.0,0.0,0.018867924528301886,0.0001381406473228708,0.009433962264150943,7.717301195953041e-05,0.16981132075471697,0.0010349269723519683,0.009433962264150943,3.699991793837398e-05,0.08490566037735849,0.0007845895015634596,0.03773584905660377,0.00026802418869920075,0.018867924528301886,0.00044729147339239717,0.0660377358490566,0.0005472478223964572,0.04716981132075472,0.00037085911026224494,0.04716981132075472,0.0005982460570521653,0.0660377358490566,0.0008758963667787611,0.09433962264150944,0.0017732955748215318,0.018867924528301886,0.00028044465580023825,0.018867924528301886,0.0001580992538947612,0.05660377358490566,0.0003775022632908076,1
5HXI,1,0.97,6.27419490814209,-3,3.8826685572104225,0.0,0.0,0.0,95.1694213750851,2.5923886634039026,102.61339805825236,12.097087378640778,0.470920537954464,0.17475728155339806,0.003935215063393116,0.04854368932038835,0.00032853480661287904,0.019417475728155338,0.00014330260455608368,0.04854368932038835,0.0003242546517867595,0.038834951456310676,0.00034947870881296694,0.019417475728155338,0.0002873905177693814,0.009708737864077669,5.647900252370164e-05,0.14563106796116504,0.0018204222433269024,0.038834951456310676,0.00028281722916290164,0.02912621359223301,0.00030032554059289396,0.11650485436893204,0.000790382269769907,0.009708737864077669,4.219142647343688e-05,0.02912621359223301,0.0003403784066904336,0.02912621359223301,0.0003652116865850985,0.019417475728155338,0.00014977471437305212,0.05825242718446602,0.00027666930691339076,0.04854368932038835,0.00031749141635373235,0.019417475728155338,0.00013763127208221704,0.038834951456310676,0.0002973843365907669,0.05825242718446602,0.0003878928837366402,1
3RP7,1,0.95,5.869558143615721,-8,3.8509412687005646,0.0,0.0,0.0,92.54368605020655,4.466640305706645,101.34138888888886,12.083333333333334,0.4686391372215127,0.1388888888888889,0.001542970072478056,0.05555555555555555,0.0003012059023603797,0.009259259259259259,7.119222573237494e-05,0.05555555555555555,0.000511018093675375,0.037037037037037035,0.000583849789109081,0.018518518518518517,0.00030421779956668615,0.027777777777777776,0.0001997036306420341,0.12962962962962962,0.0070687830448150635,0.037037037037037035,0.00022990613069850951,0.08333333333333333,0.0006745747523382306,0.09259259259259259,0.0005651974934153259,0.018518518518518517,8.90358496690169e-05,0.046296296296296294,0.00042147072963416576,0.0,0.0,0.06481481481481481,0.000393689057091251,0.06481481481481481,0.0005126204923726618,0.027777777777777776,0.00022804194304626435,0.009259259259259259,8.154020906658843e-05,0.0,0.0,0.08333333333333333,0.0005992832011543214,1
6YS2,1,0.98,6.429706382751465,-3,4.016284180586222,0.0,0.0,0.0,96.66007690515032,2.453658361370194,103.82201754385962,13.017543859649123,0.7849872322315222,0.13157894736842105,0.0016004039207473397,0.043859649122807015,0.00031718291575089097,0.03508771929824561,0.0005339180352166295,0.05263157894736842,0.0003763847635127604,0.043859649122807015,0.00022889637330081314,0.05263157894736842,0.0005297114257700741,0.0,0.0,0.11403508771929824,0.0011918963864445686,0.02631578947368421,0.0001724237372400239,0.043859649122807015,0.00045125733595341444,0.06140350877192982,0.00034553033765405416,0.017543859649122806,8.229733793996274e-05,0.043859649122807015,0.0002735584566835314,0.02631578947368421,0.00011729610559996217,0.06140350877192982,0.00039555542753078043,0.043859649122807015,0.0006307026487775147,0.07894736842105263,0.0010461175115779042,0.008771929824561403,4.421371704665944e-05,0.02631578947368421,0.00015902316954452544,0.08771929824561403,0.0006123014027252793,1
4K8D,1,0.97,5.306226921081542,-13,3.783246548997754,0.0,0.0,0.0,96.50712670339227,2.0348623727010535,99.27709302325582,11.534883720930232,0.4664291072768192,0.1744186046511628,0.00111460592597723,0.023255813953488372,0.0001514200121164322,0.011627906976744186,5.9063368098577484e-05,0.03488372093023256,0.0002143588790204376,0.03488372093023256,0.00042104473686777055,0.06976744186046512,0.00063184997998178,0.03488372093023256,0.0002203091571573168,0.10465116279069768,0.00074267532909289,0.0,0.0,0.03488372093023256,0.0001676443498581648,0.05813953488372093,0.0003134253202006221,0.011627906976744186,9.902338206302375e-05,0.023255813953488372,0.00012872229854110628,0.03488372093023256,0.0006745764403603971,0.05813953488372093,0.000463436939753592,0.05813953488372093,0.000432204658864066,0.09302325581395349,0.0005491595366038382,0.0,0.0,0.011627906976744186,0.00012358221283648163,0.12790697674418605,0.001612858846783638,1
8Z4M,1,0.91,8.339646339416507,3,4.110056743236268,0.0,0.0,0.0,90.11416993143978,5.637561612005512,118.6565,10.85,0.4496036866359447,0.07,0.00042551543447189033,0.04,0.0003169711562804878,0.04,0.00046527283848263323,0.03,0.002133214846253395,0.01,6.060608211555518e-05,0.02,0.0013267104513943195,0.06,0.0004706623440142721,0.07,0.00042597539140842855,0.07,0.0006385448505170643,0.01,0.00020258685981389135,0.13,0.0011762049980461597,0.04,0.0005059288232587278,0.03,0.0002047890448011458,0.07,0.0005510447663255036,0.02,0.0002741148055065423,0.05,0.00040018008439801633,0.06,0.00028352203662507236,0.06,0.0003654441679827869,0.06,0.0005000335513614118,0.06,0.00031979437335394323,1
4D04,1,0.96,5.164413642883299,-20,3.9595269174004484,0.0,0.0,0.0,93.62408828287496,3.040601639411227,104.48613207547163,11.924528301886792,0.5913094100788154,0.09433962264150944,0.0009043752797879279,0.02830188679245283,0.00019786092161666602,0.03773584905660377,0.0002579356951173395,0.02830188679245283,0.00024956869310699403,0.009433962264150943,4.366324719740078e-05,0.03773584905660377,0.0005038937670178711,0.02830188679245283,0.00012219755444675684,0.16981132075471697,0.0011877146316692233,0.009433962264150943,4.113027171115391e-05,0.05660377358490566,0.00034840352600440383,0.08490566037735849,0.0010028885444626212,0.009433962264150943,5.9118756325915456e-05,0.02830188679245283,0.0002607032365631312,0.04716981132075472,0.0003105762880295515,0.03773584905660377,0.0002467797603458166,0.11320754716981132,0.0009423253359273076,0.04716981132075472,0.00025644758716225624,0.02830188679245283,0.00023541761038359255,0.05660377358490566,0.00032179526169784367,0.04716981132075472,0.00036842565168626606,1
6C7S,1,0.96,5.9190080642700185,-11,3.910814610438414,0.0,0.0,0.0,95.09298654954708,2.7150457241720223,105.73265486725651,11.451327433628318,0.43801206384812136,0.10619469026548672,0.000836446532048285,0.07964601769911504,0.00047268293565139174,0.02654867256637168,0.0016890171682462096,0.04424778761061947,0.0004486636898946017,0.008849557522123894,6.506264617200941e-05,0.035398230088495575,0.0006996914744377136,0.05309734513274336,0.00029695755802094936,0.1415929203539823,0.002059133956208825,0.04424778761061947,0.0003344927972648293,0.061946902654867256,0.0010590063175186515,0.12389380530973451,0.0024713834282010794,0.008849557522123894,5.066027370048687e-05,0.017699115044247787,0.00016122985107358545,0.02654867256637168,0.00018455229292158037,0.04424778761061947,0.0003294644702691585,0.02654867256637168,0.0003008882631547749,0.061946902654867256,0.0004925805842503905,0.0,0.0,0.017699115044247787,8.108020119834691e-05,0.07079646017699115,0.00045699282782152295,1
3RP6,1,0.95,5.869558143615721,-8,3.8509412687005646,0.0,0.0,0.0,92.5483571655545,4.461566927660293,101.34138888888886,12.083333333333334,0.4686391372215127,0.1388888888888889,0.0015431965002790093,0.05555555555555555,0.00030121655436232686,0.009259259259259259,7.120911322999746e-05,0.05555555555555555,0.0005109811900183558,0.037037037037037035,0.0005842932732775807,0.018518518518518517,0.00030445028096437454,0.027777777777777776,0.00019971615984104574,0.12962962962962962,0.007080805953592062,0.037037037037037035,0.00022990035358816385,0.08333333333333333,0.0006738718948327005,0.09259259259259259,0.0005651526153087616,0.018518518518518517,8.905043796403334e-05,0.046296296296296294,0.00042148318607360125,0.0,0.0,0.06481481481481481,0.00039378981455229223,0.06481481481481481,0.0005129373748786747,0.027777777777777776,0.00022807827917858958,0.009259259259259259,8.163194434018806e-05,0.0,0.0,0.08333333333333333,0.0005996868130750954,1
3GSI,1,0.98,5.2317110061645495,-23,4.052483838417659,0.0,0.0,0.0,97.23318728250553,1.9745989715306702,106.54906976744181,10.662790697674419,0.5849585351626893,0.06976744186046512,0.00035590387415140867,0.023255813953488372,0.00022449903190135956,0.046511627906976744,0.00028111215215176344,0.05813953488372093,0.0005955688538961112,0.011627906976744186,0.00029874173924326897,0.023255813953488372,0.00010769296932267025,0.06976744186046512,0.0020400965586304665,0.11627906976744186,0.0013447807868942618,0.023255813953488372,0.00010370348172727972,0.03488372093023256,0.000235075582168065,0.08139534883720931,0.0005828970461152494,0.023255813953488372,0.00019329856149852276,0.023255813953488372,0.00019138219067826867,0.03488372093023256,0.0002170549560105428,0.06976744186046512,0.0005202394095249474,0.08139534883720931,0.0005499396356754005,0.11627906976744186,0.0008416598429903388,0.03488372093023256,0.00018386662122793496,0.011627906976744186,4.861665365751833e-05,0.046511627906976744,0.00020836493058595806,1
8QNC,1,0.94,5.5334692001342765,-13,4.073468541222911,0.0,0.0,0.0,89.94225838509315,4.927750736248714,108.87840425531917,11.542553191489361,0.6628885184822041,0.06382978723404255,0.0007179835229180753,0.031914893617021274,0.00018465303583070636,0.031914893617021274,0.00022458273451775312,0.02127659574468085,0.00013241554552223533,0.02127659574468085,0.0001725266338326037,0.07446808510638298,0.0005092851351946592,0.05319148936170213,0.0004713831876870245,0.14893617021276595,0.0013033314608037472,0.031914893617021274,0.0004056963080074638,0.07446808510638298,0.0006348188617266715,0.0425531914893617,0.0003459076688159257,0.010638297872340425,0.00017416237096767873,0.02127659574468085,9.851706272456795e-05,0.05319148936170213,0.0004119828518014401,0.05319148936170213,0.0004167859151493758,0.0851063829787234,0.0009574667201377451,0.031914893617021274,0.00019079518096987158,0.05319148936170213,0.0004486088000703603,0.02127659574468085,9.23367406358011e-05,0.07446808510638298,0.0006363598513416946,1
8CCM,1,0.94,5.0491441726684565,-18,3.833606366620279,0.0,0.0,0.0,92.27967821782178,3.5078861253328872,100.39904761904765,11.55952380952381,0.5622210779265362,0.15476190476190477,0.003203377593308687,0.03571428571428571,0.0005349764251150191,0.0,0.0,0.047619047619047616,0.0008483225828967988,0.023809523809523808,0.00017653654504101723,0.023809523809523808,0.00022601813543587923,0.03571428571428571,0.0001829016546253115,0.16666666666666666,0.0020112288184463978,0.03571428571428571,0.00043559627374634147,0.047619047619047616,0.00025236172950826585,0.05952380952380952,0.0005570019711740315,0.011904761904761904,4.790152161149308e-05,0.03571428571428571,0.00034827733179554343,0.023809523809523808,0.00012605535448528826,0.03571428571428571,0.000411218439694494,0.05952380952380952,0.0003816625685431063,0.10714285714285714,0.000665646162815392,0.0,0.0,0.047619047619047616,0.0003072732943110168,0.047619047619047616,0.00030598192824982107,1
1K0I,1,0.97,6.199508476257324,-4,3.9803413798269984,0.0,0.0,0.0,96.4918539865514,1.773032672833621,106.4313461538461,11.403846153846153,0.4161207679335841,0.09615384615384616,0.00127063924446702,0.0673076923076923,0.00045785645488649607,0.019230769230769232,0.0003768956521525979,0.038461538461538464,0.00033241024357266724,0.019230769230769232,0.00010875653970288113,0.038461538461538464,0.0002604974724818021,0.028846153846153848,0.00020858662901446223,0.14423076923076922,0.002624558052048087,0.019230769230769232,0.0001428576506441459,0.028846153846153848,0.0002890818868763745,0.1346153846153846,0.0027720690704882145,0.019230769230769232,0.0003854642272926867,0.019230769230769232,0.0001278184208786115,0.028846153846153848,0.00017912316252477467,0.038461538461538464,0.0004369877860881388,0.057692307692307696,0.0004207068122923374,0.04807692307692308,0.0003103212220594287,0.028846153846153848,0.00013361062156036496,0.028846153846153848,0.0001567412109579891,0.09615384615384616,0.0007240390405058861,1
4YNU,1,0.97,5.78464069366455,-6,4.065979646048979,0.0,0.0,0.0,96.19987099746602,2.5118064905947417,106.90091743119267,12.724770642201834,0.8299610405931884,0.11926605504587157,0.0010066016111522913,0.045871559633027525,0.00027675722958520055,0.05504587155963303,0.0003792634524870664,0.03669724770642202,0.000328324269503355,0.009174311926605505,9.178998152492568e-05,0.045871559633027525,0.00045011957990936935,0.027522935779816515,0.00012984430941287428,0.11926605504587157,0.0008242338662967086,0.01834862385321101,0.0009161049383692443,0.045871559633027525,0.0002115739043802023,0.07339449541284404,0.0012464717729017138,0.009174311926605505,3.712633770192042e-05,0.01834862385321101,0.00010438527533551678,0.045871559633027525,0.00041584239806979895,0.045871559633027525,0.0005156340193934739,0.07339449541284404,0.0005778830382041633,0.06422018348623854,0.000532795034814626,0.027522935779816515,0.0001263689191546291,0.045871559633027525,0.0002527452015783638,0.07339449541284404,0.0008875212515704334,1
7VJ6,1,0.96,6.132211112976075,-8,4.158878212948384,0.0,0.0,0.0,93.63968878600822,4.003379762745133,114.51363636363635,11.141414141414142,0.45319926371603614,0.06060606060606061,0.000335018354235217,0.08080808080808081,0.0007111015729606152,0.0707070707070707,0.0006062468164600432,0.08080808080808081,0.0014929708559066057,0.030303030303030304,0.0001771133829606697,0.04040404040404041,0.0002808548742905259,0.050505050505050504,0.00031131645664572716,0.08080808080808081,0.000789409561548382,0.020202020202020204,0.0009133167914114892,0.0707070707070707,0.00042962870793417096,0.06060606060606061,0.0006341060507111251,0.030303030303030304,0.0002532387152314186,0.030303030303030304,0.00016124523244798183,0.050505050505050504,0.0004865590017288923,0.050505050505050504,0.0006585493101738393,0.0707070707070707,0.0007110181613825262,0.010101010101010102,4.3215179175604135e-05,0.010101010101010102,6.640591163886711e-05,0.06060606060606061,0.0004346237110439688,0.04040404040404041,0.000178404530743137,1
3G5S,1,0.78,6.096288871765136,-4,3.840209778769594,0.0,0.0,0.0,85.74673546511629,9.560654576583833,104.03009090909089,12.00909090909091,0.5537884522744477,0.14545454545454545,0.0011443512048572302,0.03636363636363636,0.00025001398171298206,0.045454545454545456,0.00031896543805487454,0.01818181818181818,0.00010061501961899921,0.00909090909090909,3.7004105251980945e-05,0.01818181818181818,0.0002025941212195903,0.05454545454545454,0.0010923101799562573,0.13636363636363635,0.0012498552678152919,0.00909090909090909,5.309521657181904e-05,0.01818181818181818,0.00010259093687636778,0.16363636363636364,0.0011895911302417517,0.00909090909090909,6.620791828026995e-05,0.03636363636363636,0.0018930694786831737,0.02727272727272727,0.0001607835292816162,0.045454545454545456,0.0008089204202406108,0.05454545454545454,0.000341582577675581,0.045454545454545456,0.0002790264552459121,0.01818181818181818,9.437510743737221e-05,0.045454545454545456,0.0010335141560062766,0.06363636363636363,0.0017322824569419026,1
7V8R,1,0.98,4.906023597717284,-21,3.9638873848774367,0.0,0.0,0.0,95.63012258368694,2.3602632217328763,106.16049019607838,11.705882352941176,0.6251108483594443,0.06862745098039216,0.0004681088903453201,0.029411764705882353,0.00021809051395393908,0.06862745098039216,0.000465430726762861,0.029411764705882353,0.00022856115538161248,0.00980392156862745,3.974636274506338e-05,0.029411764705882353,0.00013226915325503796,0.0196078431372549,8.908098243409768e-05,0.16666666666666666,0.0012544707860797644,0.0,0.0,0.0392156862745098,0.000306423899019137,0.08823529411764706,0.0014290586113929749,0.0196078431372549,0.00011023007391486317,0.0196078431372549,0.00012102464097552001,0.06862745098039216,0.00055015052203089,0.058823529411764705,0.00042380846571177244,0.058823529411764705,0.0005157143459655344,0.0784313725490196,0.0007448142278008163,0.029411764705882353,0.00021948364155832678,0.049019607843137254,0.0002500082482583821,0.06862745098039216,0.00042466679587960243,1
3LVB,1,0.97,8.112072944641113,2,4.052881221558355,0.0,0.0,0.0,95.40039967373573,2.1090394019912946,114.68683673469378,11.673469387755102,0.3375642214927929,0.04081632653061224,0.002361275488510728,0.07142857142857142,0.0005599608412012458,0.0,0.0,0.030612244897959183,0.00014215416740626097,0.030612244897959183,0.000521194189786911,0.01020408163265306,0.0001118234358727932,0.030612244897959183,0.00028486334485933185,0.11224489795918367,0.0017431844025850296,0.04081632653061224,0.00023494401830248535,0.061224489795918366,0.0005607119528576732,0.11224489795918367,0.0009014790994115174,0.030612244897959183,0.00015834895020816475,0.05102040816326531,0.00037817246629856527,0.04081632653061224,0.0006385001470334828,0.030612244897959183,0.0009426524047739804,0.07142857142857142,0.0007596495561301708,0.04081632653061224,0.0005870049935765564,0.030612244897959183,0.00015412154607474804,0.08163265306122448,0.0006764330319128931,0.08163265306122448,0.0013298182748258114,1
8C1U,1,0.97,9.223250007629392,13,4.137817291477647,0.0,0.0,0.0,95.97234146341462,2.0287264,117.51711340206181,10.917525773195877,0.5077830670833212,0.09278350515463918,0.0005722500500269234,0.07216494845360824,0.00047768987133167684,0.030927835051546393,0.00034901569597423077,0.041237113402061855,0.002259073546156287,0.010309278350515464,7.225072477012873e-05,0.05154639175257732,0.0012432234361767769,0.05154639175257732,0.00036370192538015544,0.08247422680412371,0.0005506154848262668,0.041237113402061855,0.00025279560941271484,0.041237113402061855,0.00021373774507083,0.12371134020618557,0.0014360413188114762,0.020618556701030927,0.0005661145551130176,0.030927835051546393,0.00015671251458115876,0.061855670103092786,0.0005130382487550378,0.030927835051546393,0.00041090467129833996,0.030927835051546393,0.0003774950746446848,0.05154639175257732,0.000251571589615196,0.061855670103092786,0.0005316698807291687,0.041237113402061855,0.00033801805693656206,0.030927835051546393,0.00021980408928357065,1
7AV4,1,0.94,9.085674476623538,9,3.984656949845093,0.0,0.0,0.0,88.71491224447655,8.129019723367842,103.2959292035398,12.5929203539823,0.7479586315835297,0.12389380530973451,0.001250425586476922,0.04424778761061947,0.0009430497884750366,0.035398230088495575,0.0005916410591453314,0.04424778761061947,0.0003662842500489205,0.017699115044247787,9.769814641913399e-05,0.02654867256637168,0.0001815467549022287,0.008849557522123894,4.291267759981565e-05,0.10619469026548672,0.001284247962757945,0.02654867256637168,0.00015495091793127358,0.035398230088495575,0.00028600284713320434,0.07079646017699115,0.0005210842355154455,0.008849557522123894,3.60267840733286e-05,0.035398230088495575,0.0002656216383911669,0.02654867256637168,0.00017533451318740845,0.07964601769911504,0.0003773630305659026,0.07964601769911504,0.0012956659775227308,0.07964601769911504,0.0007425837684422731,0.008849557522123894,0.00010787024802993983,0.035398230088495575,0.0001933251623995602,0.10619469026548672,0.0005786658730357885,1
4YWO,1,0.95,6.262997627258301,-5,3.7524648672262018,0.0,0.0,0.0,93.51508691935022,3.6327430145611967,99.50820224719101,11.674157303370787,0.4855576342853435,0.1348314606741573,0.0010462702484801412,0.06741573033707865,0.00043711677426472306,0.056179775280898875,0.0002853922196663916,0.02247191011235955,0.00020103639690205455,0.02247191011235955,0.00036453004577197134,0.02247191011235955,0.0002471968182362616,0.0449438202247191,0.0005074773216620088,0.19101123595505617,0.001259783050045371,0.0,0.0,0.033707865168539325,0.0002512200444471091,0.11235955056179775,0.0015576756559312344,0.033707865168539325,0.00035964499693363905,0.011235955056179775,0.000518263375852257,0.02247191011235955,0.00015921406156849116,0.0449438202247191,0.0003109177341684699,0.033707865168539325,0.00026382607757113874,0.056179775280898875,0.0003405615279916674,0.011235955056179775,5.153289748704992e-05,0.0,0.0,0.07865168539325842,0.0006356207304634154,1
3W2H,1,0.96,6.492968177795409,-2,3.9295899434682284,0.0,0.0,0.0,95.74903926096997,2.007592489209025,110.18999999999997,11.186813186813186,0.2828644832574106,0.04395604395604396,0.00041180901462212205,0.054945054945054944,0.0003145031805615872,0.02197802197802198,0.00012127029913244769,0.03296703296703297,0.0001630327751627192,0.03296703296703297,0.00033730079303495586,0.02197802197802198,0.0003764914581552148,0.01098901098901099,6.066545029170811e-05,0.08791208791208792,0.0012518736766651273,0.02197802197802198,0.00020595791283994913,0.08791208791208792,0.0011955741792917252,0.16483516483516483,0.0012913800310343504,0.01098901098901099,7.39668175810948e-05,0.054945054945054944,0.0008081386331468821,0.04395604395604396,0.0003662610542960465,0.08791208791208792,0.002560386201366782,0.03296703296703297,0.0001981484383577481,0.04395604395604396,0.002704140031710267,0.0,0.0,0.04395604395604396,0.00036135848495177925,0.0989010989010989,0.0007943562814034522,1
3DJL,1,0.97,7.97617359161377,2,3.9710330354561503,0.0,0.0,0.0,94.16507171408418,2.817971784980918,110.55898148148145,11.824074074074074,0.3366106905652716,0.1388888888888889,0.0014520297991111875,0.09259259259259259,0.0006323900888673961,0.037037037037037035,0.00034518237225711346,0.009259259259259259,0.0010401782346889377,0.027777777777777776,0.0013748033670708537,0.018518518518518517,0.0001294406974921003,0.027777777777777776,0.00022665939468424767,0.08333333333333333,0.0013140556402504444,0.027777777777777776,0.0002928471949417144,0.027777777777777776,0.0002470786857884377,0.10185185185185185,0.0011337806936353445,0.018518518518518517,0.00018156981968786567,0.10185185185185185,0.0008092541829682887,0.06481481481481481,0.0006732803885824978,0.027777777777777776,0.0001984643895411864,0.05555555555555555,0.0005479218671098351,0.046296296296296294,0.000525235547684133,0.018518518518518517,0.0001332468236796558,0.009259259259259259,4.091742084710859e-05,0.06481481481481481,0.00039455905789509416,1
1E62,1,0.97,6.467163276672363,-2,4.024216205465971,0.0,0.0,0.0,95.08936435396758,2.8473608466066485,114.93768421052626,11.51578947368421,0.33621668430674495,0.031578947368421054,0.0014067738084122539,0.06315789473684211,0.0005120171117596328,0.010526315789473684,4.6214812755351886e-05,0.010526315789473684,4.50842417194508e-05,0.021052631578947368,0.0004994750488549471,0.021052631578947368,0.0001786217326298356,0.05263157894736842,0.00044327182695269585,0.09473684210526316,0.0015489635989069939,0.031578947368421054,0.00020151805074419826,0.10526315789473684,0.001408231444656849,0.12631578947368421,0.0009791306219995022,0.031578947368421054,0.00014950059994589537,0.05263157894736842,0.0008630478987470269,0.010526315789473684,9.482922177994624e-05,0.031578947368421054,0.0013108060229569674,0.05263157894736842,0.0006275068735703826,0.07368421052631578,0.0008796247420832515,0.031578947368421054,0.00017844568355940282,0.07368421052631578,0.0006440307479351759,0.07368421052631578,0.0004980835365131497,1
2AR8,1,0.96,6.33239803314209,-4,4.096937913157696,0.0,0.0,0.0,93.29850382741823,3.777708295905253,113.20817307692307,11.423076923076923,0.5359281921781922,0.09615384615384616,0.0008970371563918889,0.009615384615384616,5.927793245064095e-05,0.019230769230769232,8.531652565579861e-05,0.038461538461538464,0.00018560749595053494,0.019230769230769232,0.0001396222651237622,0.019230769230769232,0.00010399457096355036,0.038461538461538464,0.0005636542337015271,0.08653846153846154,0.0007939261849969625,0.04807692307692308,0.00029948007431812584,0.07692307692307693,0.0010812132386490703,0.057692307692307696,0.0005051236948929727,0.038461538461538464,0.00023070980387274176,0.028846153846153848,0.00014373684825841337,0.125,0.0008389668073505163,0.038461538461538464,0.000400147691834718,0.0673076923076923,0.0016285366145893931,0.04807692307692308,0.0017146330792456865,0.028846153846153848,0.00022814393742009997,0.057692307692307696,0.0006263675750233233,0.057692307692307696,0.00029924194677732885,1
5WGY,1,0.98,5.552567100524903,-12,4.0426835374726755,0.0,0.0,0.0,97.2281792291627,1.9942686827500788,109.32847619047615,11.923809523809524,0.5467975049444698,0.06666666666666667,0.00030381977558135986,0.02857142857142857,0.00018468371126800776,0.0380952380952381,0.0005983049632050097,0.02857142857142857,0.00015504371549468488,0.01904761904761905,0.00010320617002435029,0.009523809523809525,0.0001340001035714522,0.0380952380952381,0.0004417839809320867,0.12380952380952381,0.001155875506810844,0.02857142857142857,0.00018157673184759915,0.10476190476190476,0.001531140529550612,0.13333333333333333,0.000952688860706985,0.02857142857142857,0.00018396756786387414,0.01904761904761905,0.0001785257045412436,0.047619047619047616,0.0003981777699664235,0.047619047619047616,0.000514727144036442,0.06666666666666667,0.0010732220252975821,0.05714285714285714,0.0009834110969677567,0.0380952380952381,0.00023102170962374657,0.0380952380952381,0.00031324417795985937,0.0380952380952381,0.00029061883105896413,1
1R2J,1,0.96,5.906844520568847,-8,3.73716080345219,0.0,0.0,0.0,94.97406051550243,2.3545738899340076,100.91181818181809,12.809917355371901,0.29218341775526524,0.21487603305785125,0.0014138681581243873,0.04132231404958678,0.00045916083035990596,0.008264462809917356,5.1238319429103285e-05,0.008264462809917356,6.072257019695826e-05,0.049586776859504134,0.0003557834425009787,0.008264462809917356,0.00011519473628140986,0.04132231404958678,0.0003159175394102931,0.09090909090909091,0.0010437211021780968,0.024793388429752067,0.0001491935399826616,0.03305785123966942,0.00027881626738235354,0.11570247933884298,0.0006919385050423443,0.024793388429752067,0.00024152248806785792,0.024793388429752067,0.0004351367533672601,0.01652892561983471,9.567402594257146e-05,0.008264462809917356,3.483663749648258e-05,0.10743801652892562,0.001512870192527771,0.049586776859504134,0.001135605270974338,0.024793388429752067,0.00020717114966828376,0.01652892561983471,0.00015664962120354176,0.09090909090909091,0.0009568915120325983,1
2YLS,1,0.97,5.20755443572998,-19,3.9638198709309025,0.0,0.0,0.0,95.58495260115608,2.599522065331355,104.28971428571421,12.076190476190476,0.5974688298032147,0.09523809523809523,0.000902096857316792,0.02857142857142857,0.00019487676036078483,0.0380952380952381,0.00026170184719376266,0.01904761904761905,0.0001615202781977132,0.01904761904761905,0.00013258264516480267,0.0380952380952381,0.0005023063858971,0.02857142857142857,0.00012509837688412517,0.17142857142857143,0.001201528706587851,0.009523809523809525,4.2134801333304495e-05,0.047619047619047616,0.0003169161209370941,0.08571428571428572,0.0010112205054610968,0.009523809523809525,5.7447879953542724e-05,0.02857142857142857,0.0002683746279217303,0.047619047619047616,0.0003139744803775102,0.0380952380952381,0.0002486390294507146,0.11428571428571428,0.0009540196624584496,0.047619047619047616,0.0002571423538029194,0.02857142857142857,0.00023703696206212044,0.05714285714285714,0.00032571065821684897,0.047619047619047616,0.0003720477980095893,1
3E2S,1,0.85,8.525315284729004,4,4.1459761681098275,0.0,0.0,0.0,89.59763847045191,7.724841156649685,113.35272727272724,10.868686868686869,0.49321279711614285,0.08080808080808081,0.0018064429750666022,0.06060606060606061,0.0006145694060251117,0.050505050505050504,0.00027583722840063274,0.050505050505050504,0.00034704600693657994,0.020202020202020204,0.0001398078748025,0.050505050505050504,0.0003508447844069451,0.050505050505050504,0.0005072122439742088,0.06060606060606061,0.0007001414196565747,0.020202020202020204,0.00015096610877662897,0.0707070707070707,0.00038399972254410386,0.10101010101010101,0.0007493008743040264,0.030303030303030304,0.00030428270110860467,0.020202020202020204,0.000117971831059549,0.050505050505050504,0.0002780592767521739,0.020202020202020204,0.0001275225804420188,0.08080808080808081,0.0004902649088762701,0.04040404040404041,0.0002563785819802433,0.010101010101010102,0.00013009145914111286,0.06060606060606061,0.000607383728493005,0.0707070707070707,0.0005704014911316335,1
4XXG,1,0.96,6.68423137664795,-2,3.8343811783609,0.0,0.0,0.0,95.69250254323501,2.8544532871972317,100.82606837606826,13.0,0.6600920447074293,0.06837606837606838,0.00039962964365258813,0.017094017094017096,0.00013137224595993757,0.05128205128205128,0.0005315315211191773,0.02564102564102564,0.0001956453634193167,0.017094017094017096,0.0001254099333891645,0.008547008547008548,4.1900319047272205e-05,0.02564102564102564,0.00011329578410368413,0.18803418803418803,0.002116274321451783,0.008547008547008548,0.0002808798453770578,0.05982905982905983,0.00037768445326946676,0.09401709401709402,0.0006594188162125647,0.008547008547008548,4.07494735554792e-05,0.02564102564102564,0.00014562052092514932,0.017094017094017096,0.00026272033574059606,0.06837606837606838,0.0005791200092062354,0.06837606837606838,0.0006122000049799681,0.05128205128205128,0.00032364026992581785,0.017094017094017096,7.785985508235171e-05,0.05128205128205128,0.0005833262694068253,0.1282051282051282,0.001031450112350285,1
1Q9I,1,0.98,6.159209632873535,-8,3.8589559130075433,0.0,0.0,0.0,97.25828739693759,1.7929837045034218,98.70477876106189,12.787610619469026,0.6876136815996571,0.11504424778761062,0.002319290302693844,0.017699115044247787,8.532854553777725e-05,0.04424778761061947,0.0028297738172113895,0.017699115044247787,9.588069224264473e-05,0.02654867256637168,0.00012538139708340168,0.02654867256637168,0.00025620165979489684,0.035398230088495575,0.00024111615493893623,0.21238938053097345,0.002177070826292038,0.061946902654867256,0.0004470861458685249,0.05309734513274336,0.0004279466229490936,0.04424778761061947,0.0005249837413430214,0.035398230088495575,0.00046649950672872365,0.02654867256637168,0.0001783386105671525,0.035398230088495575,0.00022893998539075255,0.02654867256637168,0.0001711375080049038,0.05309734513274336,0.0003283020341768861,0.05309734513274336,0.0003853061352856457,0.0,0.0,0.017699115044247787,7.787013601046056e-05,0.09734513274336283,0.0006657865596935153,1
1QUF,1,0.97,6.269590950012207,-3,4.024216205465971,0.0,0.0,0.0,95.02251143451144,2.718038002077563,114.93768421052626,11.526315789473685,0.33611151165585196,0.031578947368421054,0.001410430995747447,0.06315789473684211,0.0005154161481186748,0.010526315789473684,4.5966709876665846e-05,0.010526315789473684,4.4926549890078604e-05,0.021052631578947368,0.0004982529790140688,0.021052631578947368,0.00017653648683335632,0.05263157894736842,0.00044157676165923476,0.09473684210526316,0.0015480411238968372,0.031578947368421054,0.00020060254610143602,0.10526315789473684,0.0014137199614197016,0.12631578947368421,0.0009746701107360423,0.031578947368421054,0.00014877045759931207,0.05263157894736842,0.0008648234070278704,0.010526315789473684,9.490991942584515e-05,0.031578947368421054,0.001292776083573699,0.05263157894736842,0.0006228309939615428,0.07368421052631578,0.0008827084675431252,0.031578947368421054,0.00017861236119642854,0.07368421052631578,0.0006429501227103174,0.07368421052631578,0.0004970573354512453,1
5OGX,1,0.9,5.273203468322753,-11,4.004931257867242,0.0,0.0,0.0,92.96633253778838,3.7461043792517,107.72897727272725,11.113636363636363,0.3088399330730619,0.09090909090909091,0.0006535013089887798,0.045454545454545456,0.00032891257433220744,0.03409090909090909,0.00025462533812969923,0.011363636363636364,0.0002452264307066798,0.045454545454545456,0.0003773380012717098,0.03409090909090909,0.0007712976657785475,0.045454545454545456,0.0005912987980991602,0.11363636363636363,0.0015063717728480697,0.045454545454545456,0.00040520940092392266,0.03409090909090909,0.00020217984274495393,0.14772727272727273,0.001250057714059949,0.011363636363636364,0.00016644933202769607,0.022727272727272728,0.00010033438593382016,0.03409090909090909,0.0006265082047320902,0.09090909090909091,0.0007490126881748438,0.022727272727272728,0.0006325824651867151,0.07954545454545454,0.00046743740676902235,0.022727272727272728,0.00013840640895068645,0.022727272727272728,0.0007491059368476272,0.045454545454545456,0.0003795480588451028,1
2CIE,1,0.86,4.0500284194946286,-12,3.5608452542908884,0.0,0.0,0.0,94.90098790322581,1.9642578125000003,108.70764705882351,10.27450980392157,0.29295764107169586,0.13725490196078433,0.005350225605070591,0.0196078431372549,0.0003327413578517735,0.0,0.0,0.11764705882352941,0.00182174367364496,0.0,0.0,0.058823529411764705,0.0008420894737355411,0.11764705882352941,0.0013888874091207981,0.0392156862745098,0.0014482304686680436,0.0,0.0,0.0196078431372549,0.0007298376294784248,0.058823529411764705,0.0012952121905982494,0.0392156862745098,0.0002277688472531736,0.0,0.0,0.0392156862745098,0.00031897620647214353,0.0,0.0,0.0392156862745098,0.00032108701998367906,0.11764705882352941,0.00235156062990427,0.0196078431372549,0.00015549511590506881,0.0196078431372549,0.0001613252970855683,0.1568627450980392,0.00228628097102046,1
1WKF,2,0.97,6.808254051208496,-1,3.95934408646915,0.0,0.0,0.0,94.84824642975754,2.9106096807967994,106.52923076923071,11.865384615384615,0.35926785936915595,0.09615384615384616,0.0006295021157711744,0.038461538461538464,0.00018281264055985957,0.019230769230769232,0.00013355670671444386,0.0673076923076923,0.002989130327478051,0.019230769230769232,0.00037565207458101213,0.038461538461538464,0.00018706319679040462,0.0,0.0,0.11538461538461539,0.0010427571833133698,0.019230769230769232,0.00011206282215425745,0.09615384615384616,0.0008120581042021513,0.0673076923076923,0.0008290499681606889,0.019230769230769232,0.00011123301374027506,0.04807692307692308,0.001057092915289104,0.04807692307692308,0.0008714094292372465,0.057692307692307696,0.0005332000437192619,0.028846153846153848,0.00015268947754520923,0.07692307692307693,0.0004971920279785991,0.0,0.0,0.04807692307692308,0.00037691841134801507,0.09615384615384616,0.0009214082383550704,2
4FRV,2,0.95,9.24897289276123,6,3.9317695517437015,0.0,0.0,0.0,95.50879143646408,2.024125639152666,108.95788135593219,11.864406779661017,0.2688498789346247,0.03389830508474576,0.0002705800870899111,0.025423728813559324,0.00013765707262791693,0.025423728813559324,0.00017637696873862296,0.059322033898305086,0.000308856280753389,0.00847457627118644,5.642328324029222e-05,0.01694915254237288,0.0002747966500464827,0.03389830508474576,0.00016339647118002176,0.13559322033898305,0.001130230724811554,0.025423728813559324,0.00017180036229547113,0.059322033898305086,0.0007400321774184704,0.05084745762711865,0.0003544516512192786,0.09322033898305085,0.000582266366109252,0.025423728813559324,0.0003153973666485399,0.0847457627118644,0.0013781359884887934,0.025423728813559324,0.00013129819126334041,0.03389830508474576,0.00046702928375452757,0.07627118644067797,0.00048269060789607465,0.00847457627118644,0.00014369809650816023,0.025423728813559324,0.00019127246923744678,0.15254237288135594,0.0016323073068633676,2
5QPD,2,0.96,5.331690788269043,-9,3.990433771605428,0.0,0.0,0.0,95.6864046880386,2.0858878758604034,117.3250495049505,10.792079207920793,0.19111635934235624,0.039603960396039604,0.0003178515180479735,0.04950495049504951,0.0003522752958815545,0.0,0.0,0.07920792079207921,0.0004873860743828118,0.009900990099009901,5.991739089949988e-05,0.04950495049504951,0.0005626899655908346,0.039603960396039604,0.00030054105445742607,0.0891089108910891,0.0005966700264252722,0.0297029702970297,0.0001936736807692796,0.0297029702970297,0.0002478925744071603,0.09900990099009901,0.0007092345622368157,0.0891089108910891,0.000595807156059891,0.04950495049504951,0.00024565798230469227,0.04950495049504951,0.000512051279656589,0.009900990099009901,9.03008331079036e-05,0.009900990099009901,3.894863402820192e-05,0.07920792079207921,0.0014899573288857937,0.019801980198019802,9.942197357304394e-05,0.07920792079207921,0.0009368400787934661,0.09900990099009901,0.0005765494424849749,2
7I43,2,0.9,5.5792245864868155,-5,3.9487950543276384,0.0,0.0,0.0,92.43063677130046,3.326957947530864,108.75205882352935,10.480392156862745,0.1953080577413379,0.049019607843137254,0.0008131469367071986,0.058823529411764705,0.0005511281779035926,0.00980392156862745,0.00024249688431154937,0.08823529411764706,0.0008103596046566963,0.058823529411764705,0.0003820345737040043,0.0196078431372549,0.00010489804117241874,0.0196078431372549,0.00010233996727038175,0.09803921568627451,0.0015319710364565253,0.0392156862745098,0.0002522880968172103,0.049019607843137254,0.002480920869857073,0.10784313725490197,0.0010057379258796573,0.00980392156862745,4.801830436917953e-05,0.00980392156862745,9.367095481138676e-05,0.0196078431372549,0.00032448957790620625,0.0196078431372549,0.00010869701509363949,0.10784313725490197,0.0007892426219768822,0.0392156862745098,0.00023925707500893623,0.0196078431372549,9.127427620114759e-05,0.049019607843137254,0.0003353202482685447,0.12745098039215685,0.0016897076275199652,2
3PB6,2,0.96,7.868769264221191,1,3.7426479613526915,0.0,0.0,0.0,91.68132773750477,3.903744719926538,112.64363636363636,12.090909090909092,0.329958988380041,0.07272727272727272,0.0013923642691224813,0.02727272727272727,0.00011591654038056731,0.01818181818181818,8.981789869721979e-05,0.05454545454545454,0.0005621348391287029,0.02727272727272727,0.0008599936845712364,0.01818181818181818,0.00012530315143521875,0.045454545454545456,0.00024452191428281367,0.03636363636363636,0.0001852943532867357,0.05454545454545454,0.0005154779646545649,0.03636363636363636,0.00025260928669013083,0.2727272727272727,0.0040489970706403255,0.0,0.0,0.00909090909090909,0.00029115748475305736,0.06363636363636363,0.0005171270458959043,0.03636363636363636,0.00037576965405605733,0.045454545454545456,0.000310081202769652,0.06363636363636363,0.00040209939470514655,0.00909090909090909,4.41789670730941e-05,0.03636363636363636,0.00020819339260924608,0.07272727272727272,0.000464135518996045,2
7TSD,2,0.97,6.5649263381958,-3,4.171069688252633,0.0,0.0,0.0,96.65371353558928,2.0028688708699263,115.12421052631578,11.442105263157895,0.6585774463758292,0.09473684210526316,0.000776342989411205,0.09473684210526316,0.0005685521755367517,0.031578947368421054,0.00027904805028811097,0.031578947368421054,0.0001474921009503305,0.021052631578947368,0.0002720328629948199,0.042105263157894736,0.00030606825021095574,0.031578947368421054,0.00024175606085918844,0.05263157894736842,0.0003587114915717393,0.031578947368421054,0.00015090423403307796,0.08421052631578947,0.0004479980852920562,0.07368421052631578,0.0004987706779502332,0.021052631578947368,0.00010146023851120844,0.031578947368421054,0.0003178018960170448,0.031578947368421054,0.00041979356319643557,0.06315789473684211,0.000473513500764966,0.07368421052631578,0.0007776600541546941,0.042105263157894736,0.00019800334121100605,0.05263157894736842,0.0004063650849275291,0.031578947368421054,0.0002398773212917149,0.06315789473684211,0.000748665479477495,2
1HUG,2,0.96,6.63483829498291,-2,4.059404214308513,0.0,0.0,0.0,96.47975909537857,2.00208875739645,115.2483809523809,12.019047619047619,0.35437325484869064,0.0380952380952381,0.0004473766894079745,0.01904761904761905,0.00011946159065701067,0.0380952380952381,0.0002830471785273403,0.009523809523809525,3.9324753743130714e-05,0.009523809523809525,6.492868851637468e-05,0.02857142857142857,0.00020795104501303285,0.0380952380952381,0.000421296339482069,0.05714285714285714,0.0005299944896250963,0.09523809523809523,0.0027205084916204214,0.05714285714285714,0.0004972973256371915,0.11428571428571428,0.0010639575775712729,0.02857142857142857,0.00012153410352766514,0.009523809523809525,7.007397653069347e-05,0.06666666666666667,0.0008122280123643577,0.0761904761904762,0.0004301310982555151,0.0761904761904762,0.0005491229239851236,0.05714285714285714,0.00039692039717920125,0.0380952380952381,0.00028320023557171226,0.047619047619047616,0.00022343017917592078,0.09523809523809523,0.0010292485821992159,2
7G7W,2,0.95,7.231136131286622,-1,4.017529135846423,0.0,0.0,0.0,91.04251096811934,6.1107447646832,114.1405504587156,12.01834862385321,0.7941522515582323,0.045871559633027525,0.0002572455268818885,0.045871559633027525,0.0006043172325007617,0.07339449541284404,0.0008167403284460306,0.03669724770642202,0.00028701595147140324,0.0,0.0,0.009174311926605505,7.948077109176666e-05,0.045871559633027525,0.0005891433684155345,0.07339449541284404,0.000490486272610724,0.07339449541284404,0.0005111309583298862,0.03669724770642202,0.00036049040500074625,0.11926605504587157,0.0009128062520176172,0.03669724770642202,0.0003183793742209673,0.027522935779816515,0.0002155290130758658,0.045871559633027525,0.000310904229991138,0.06422018348623854,0.0007611916516907513,0.03669724770642202,0.00018703978275880218,0.09174311926605505,0.0007131688762456179,0.0,0.0,0.07339449541284404,0.0007748572388663888,0.06422018348623854,0.0009028855129145086,2
4H2I,2,0.75,6.0291051864624015,-10,3.911917488594177,0.0,0.0,0.0,91.57885289176866,10.479515518118607,105.20087378640775,12.54368932038835,0.5275631969701524,0.05825242718446602,0.00042900469270534813,0.02912621359223301,0.0002826202835422009,0.05825242718446602,0.0005594788235612214,0.05825242718446602,0.000699235126376152,0.009708737864077669,5.1342158258194104e-05,0.04854368932038835,0.0004002836940344423,0.04854368932038835,0.00027893809601664543,0.17475728155339806,0.0015083501348271966,0.038834951456310676,0.0006903255125507712,0.019417475728155338,0.00013749516801908612,0.05825242718446602,0.0003489595837891102,0.019417475728155338,9.17794241104275e-05,0.0,0.0,0.08737864077669903,0.0005757863982580602,0.038834951456310676,0.00021551585814449936,0.11650485436893204,0.0009266129927709699,0.06796116504854369,0.00045792420860379934,0.009708737864077669,3.850964640150778e-05,0.02912621359223301,0.00023848153068684042,0.02912621359223301,0.00023468548897653818,2
3U47,2,0.97,6.867537117004395,-1,4.050897546632252,0.0,0.0,0.0,96.57254580520734,1.969764792899408,115.65963302752289,12.027522935779816,0.34317944842161247,0.045871559633027525,0.0003741909167729318,0.027522935779816515,0.00015638660988770425,0.03669724770642202,0.0002580014115665108,0.01834862385321101,8.739394252188504e-05,0.009174311926605505,4.6953558921813965e-05,0.03669724770642202,0.0002313538279850036,0.045871559633027525,0.000490729114972055,0.06422018348623854,0.0005763232475146651,0.05504587155963303,0.0027145135682076216,0.05504587155963303,0.00042626660433597863,0.14678899082568808,0.0018179313046857715,0.027522935779816515,0.0001254009985132143,0.009174311926605505,3.738639134098776e-05,0.06422018348623854,0.0008125953027047217,0.08256880733944955,0.00045639087329618633,0.027522935779816515,0.00025753933005034924,0.045871559633027525,0.000389436783734709,0.045871559633027525,0.00037069167592562735,0.045871559633027525,0.0002146583137800917,0.11009174311926606,0.0007632666383869946,2
5FNH,2,0.97,6.867537117004395,-1,4.0572536219218325,0.0,0.0,0.0,96.59290882778583,1.996800295857988,115.70138888888884,12.064814814814815,0.3455060970410165,0.046296296296296294,0.0003782859130296856,0.027777777777777776,0.00015789770986884832,0.037037037037037035,0.0002608949725981802,0.018518518518518517,8.821472147246823e-05,0.009259259259259259,4.764552795677446e-05,0.037037037037037035,0.00023406864784192294,0.046296296296296294,0.0004953353200107813,0.06481481481481481,0.0005822222447022796,0.05555555555555555,0.00272275204770267,0.05555555555555555,0.00043033252586610615,0.1388888888888889,0.0016244943253695965,0.027777777777777776,0.0001265872997464612,0.009259259259259259,3.7772508221678436e-05,0.06481481481481481,0.0008214794215746224,0.07407407407407407,0.0004242580325808376,0.027777777777777776,0.0002601710439193994,0.046296296296296294,0.0003933127736672759,0.046296296296296294,0.00037468678783625364,0.046296296296296294,0.00021671644935850054,0.12037037037037036,0.0009797306265681982,2
6SP0,2,0.86,8.78783054351807,6,3.9070342848152846,0.0,0.0,0.0,81.55017515051996,7.860010572480225,114.59588235294122,9.870588235294118,0.17762041646217486,0.047058823529411764,0.00039565848419442773,0.09411764705882353,0.0009390767081640661,0.0,0.0,0.07058823529411765,0.0005232582334429026,0.023529411764705882,0.0004434921429492533,0.03529411764705882,0.00024625565856695175,0.047058823529411764,0.00039436935912817717,0.07058823529411765,0.0007544953841716051,0.0,0.0,0.08235294117647059,0.0013712430372834206,0.11764705882352941,0.0012108221417292953,0.07058823529411765,0.0003922178584616631,0.011764705882352941,5.056203008280136e-05,0.08235294117647059,0.0007843005587346852,0.03529411764705882,0.0002225667267339304,0.023529411764705882,0.00019606277055572718,0.058823529411764705,0.00034710875479504466,0.011764705882352941,0.023821553215384483,0.011764705882352941,5.315609450917691e-05,0.10588235294117647,0.001605037017725408,2
1C2D,2,0.96,8.690032005310059,6,3.9957447846352148,0.0,0.0,0.0,97.26066912216083,1.7308230609905688,105.56247933884296,12.446280991735538,0.2925378376301955,0.049586776859504134,0.00039884037687443197,0.008264462809917356,4.136278948863037e-05,0.05785123966942149,0.0002689806860871613,0.03305785123966942,0.00034967379178851843,0.08264462809917356,0.0006069315713830292,0.03305785123966942,0.00030844879802316427,0.008264462809917356,3.7281144614098594e-05,0.11570247933884298,0.004796199034899473,0.024793388429752067,0.00014227503561414778,0.09090909090909091,0.0011600496945902705,0.08264462809917356,0.0006238587666302919,0.049586776859504134,0.0002846594725269824,0.01652892561983471,0.00011911118781426921,0.01652892561983471,0.0001065881151589565,0.04132231404958678,0.0009104162454605103,0.09090909090909091,0.0013077250914648175,0.024793388429752067,0.0001745312474668026,0.024793388429752067,0.0001861675555119291,0.03305785123966942,0.00028442335315048695,0.11570247933884298,0.001480184611864388,2
5FNL,2,0.97,6.867537117004395,-1,4.0572536219218325,0.0,0.0,0.0,96.59290882778583,1.996800295857988,115.70138888888884,12.064814814814815,0.3455060970410165,0.046296296296296294,0.0003782859130296856,0.027777777777777776,0.00015789770986884832,0.037037037037037035,0.0002608949725981802,0.018518518518518517,8.821472147246823e-05,0.009259259259259259,4.764552795677446e-05,0.037037037037037035,0.00023406864784192294,0.046296296296296294,0.0004953353200107813,0.06481481481481481,0.0005822222447022796,0.05555555555555555,0.00272275204770267,0.05555555555555555,0.00043033252586610615,0.1388888888888889,0.0016244943253695965,0.027777777777777776,0.0001265872997464612,0.009259259259259259,3.7772508221678436e-05,0.06481481481481481,0.0008214794215746224,0.07407407407407407,0.0004242580325808376,0.027777777777777776,0.0002601710439193994,0.046296296296296294,0.0003933127736672759,0.046296296296296294,0.00037468678783625364,0.046296296296296294,0.00021671644935850054,0.12037037037037036,0.0009797306265681982,2
5SG4,2,0.96,6.017225837707519,-7,4.135397919085985,0.0,0.0,0.0,92.83955370101596,4.089468673766882,115.07222222222221,11.24074074074074,0.2232061138568552,0.09259259259259259,0.0011358947958797216,0.046296296296296294,0.00020292887347750366,0.018518518518518517,0.00014788114640396088,0.05555555555555555,0.0011588124325498939,0.06481481481481481,0.0010584433330222964,0.018518518518518517,7.495048339478672e-05,0.027777777777777776,0.00013869142276234925,0.037037037037037035,0.00019801087910309434,0.07407407407407407,0.000994070083834231,0.09259259259259259,0.0005725609371438622,0.10185185185185185,0.0008859517402015626,0.037037037037037035,0.0002635377168189734,0.046296296296296294,0.0004368906666059047,0.046296296296296294,0.00023336790036410093,0.018518518518518517,9.111370309256017e-05,0.027777777777777776,0.00019930396229028702,0.06481481481481481,0.000745816039852798,0.018518518518518517,0.0001512789458502084,0.046296296296296294,0.0003073978878092021,0.06481481481481481,0.0012222534278407693,2
5ZGW,2,0.96,5.7932233810424805,-6,3.9953095201592954,0.0,0.0,0.0,95.16889567147612,2.080745850693259,106.35504273504272,12.41025641025641,0.1719290810199901,0.1111111111111111,0.0007259637350216508,0.008547008547008548,4.1513190808473155e-05,0.042735042735042736,0.0004440940101630986,0.05128205128205128,0.0006463559693656862,0.008547008547008548,0.0001701687870081514,0.042735042735042736,0.00027401139959692955,0.0,0.0,0.09401709401709402,0.0015553346602246165,0.042735042735042736,0.00043672494939528406,0.07692307692307693,0.0005837932112626731,0.09401709401709402,0.0006672260933555663,0.02564102564102564,0.00031119101913645864,0.042735042735042736,0.00040857004933059216,0.05128205128205128,0.000441240263171494,0.03418803418803419,0.00017729061073623598,0.05982905982905983,0.0006346330628730357,0.06837606837606838,0.0008262461633421481,0.017094017094017096,0.0001238618278875947,0.02564102564102564,0.00014899007510393858,0.10256410256410256,0.0012418902479112148,2
6BCC,2,0.97,6.867537117004395,-1,4.0572536219218325,0.0,0.0,0.0,96.59290882778583,1.996800295857988,115.70138888888884,12.064814814814815,0.3455060970410165,0.046296296296296294,0.0003782859130296856,0.027777777777777776,0.00015789770986884832,0.037037037037037035,0.0002608949725981802,0.018518518518518517,8.821472147246823e-05,0.009259259259259259,4.764552795677446e-05,0.037037037037037035,0.00023406864784192294,0.046296296296296294,0.0004953353200107813,0.06481481481481481,0.0005822222447022796,0.05555555555555555,0.00272275204770267,0.05555555555555555,0.00043033252586610615,0.1388888888888889,0.0016244943253695965,0.027777777777777776,0.0001265872997464612,0.009259259259259259,3.7772508221678436e-05,0.06481481481481481,0.0008214794215746224,0.07407407407407407,0.0004242580325808376,0.027777777777777776,0.0002601710439193994,0.046296296296296294,0.0003933127736672759,0.046296296296296294,0.00037468678783625364,0.046296296296296294,0.00021671644935850054,0.12037037037037036,0.0009797306265681982,2
4CA2,2,0.97,6.867537117004395,-1,4.0572536219218325,0.0,0.0,0.0,96.59290882778583,1.996800295857988,115.70138888888884,12.064814814814815,0.3455060970410165,0.046296296296296294,0.0003782859130296856,0.027777777777777776,0.00015789770986884832,0.037037037037037035,0.0002608949725981802,0.018518518518518517,8.821472147246823e-05,0.009259259259259259,4.764552795677446e-05,0.037037037037037035,0.00023406864784192294,0.046296296296296294,0.0004953353200107813,0.06481481481481481,0.0005822222447022796,0.05555555555555555,0.00272275204770267,0.05555555555555555,0.00043033252586610615,0.1388888888888889,0.0016244943253695965,0.027777777777777776,0.0001265872997464612,0.009259259259259259,3.7772508221678436e-05,0.06481481481481481,0.0008214794215746224,0.07407407407407407,0.0004242580325808376,0.027777777777777776,0.0002601710439193994,0.046296296296296294,0.0003933127736672759,0.046296296296296294,0.00037468678783625364,0.046296296296296294,0.00021671644935850054,0.12037037037037036,0.0009797306265681982,2
3CA2,2,0.97,6.8566808700561515,-1,4.0572536219218325,0.0,0.0,0.0,96.9372736077482,2.0072405002906937,115.70138888888881,11.925925925925926,0.34427478720956983,0.046296296296296294,0.0003777477249968797,0.027777777777777776,0.00015647747204639018,0.037037037037037035,0.00025619089137762785,0.018518518518518517,8.84293403942138e-05,0.009259259259259259,4.745681508211419e-05,0.037037037037037035,0.00023266172502189875,0.046296296296296294,0.0004969080910086632,0.06481481481481481,0.0005910747568123043,0.05555555555555555,0.0028302972204983234,0.05555555555555555,0.00043444131733849645,0.1388888888888889,0.001648653531447053,0.027777777777777776,0.00012738895020447671,0.009259259259259259,3.735752761713229e-05,0.06481481481481481,0.0008236938738264143,0.07407407407407407,0.00042215699795633554,0.027777777777777776,0.00025810557417571545,0.046296296296296294,0.0003866840561386198,0.046296296296296294,0.0003724028938449919,0.046296296296296294,0.00021568640659097582,0.12037037037037036,0.0009736740030348301,2
5AMH,2,0.89,6.452612495422362,-1,4.0596664239980065,0.0,0.0,0.0,88.73259605399792,6.508512,115.80107142857143,9.988095238095237,0.1978971564788013,0.047619047619047616,0.0008442687685601413,0.08333333333333333,0.0006603311048820615,0.0,0.0,0.03571428571428571,0.00019706375314854085,0.05952380952380952,0.0005703810602426529,0.05952380952380952,0.00045673424028791487,0.03571428571428571,0.0002141955919796601,0.10714285714285714,0.0013325944310054183,0.047619047619047616,0.000607790076173842,0.05952380952380952,0.0007122705574147403,0.10714285714285714,0.0019485102966427803,0.011904761904761904,0.00011856851779157296,0.011904761904761904,6.098106678109616e-05,0.07142857142857142,0.0014393373858183622,0.03571428571428571,0.00017504733114037663,0.07142857142857142,0.0005998796550557017,0.03571428571428571,0.0003196104080416262,0.05952380952380952,0.0007879799813963473,0.023809523809523808,0.00020904670236632228,0.03571428571428571,0.00023173514637164772,2
1LMH,2,0.97,5.771169853210449,-7,4.085129354281401,0.0,0.0,0.0,97.34714876033058,1.281905718336484,113.62114285714281,10.971428571428572,0.2131035052910053,0.0761904761904762,0.0008212458342313766,0.06666666666666667,0.00036929931957274675,0.0380952380952381,0.0002041586412815377,0.047619047619047616,0.0003443711902946234,0.009523809523809525,0.0001269819331355393,0.0380952380952381,0.0003977573069278151,0.02857142857142857,0.0014903824776411057,0.05714285714285714,0.0009677517809905112,0.047619047619047616,0.000783321971539408,0.11428571428571428,0.0010627309093251824,0.10476190476190476,0.0010915283346548676,0.05714285714285714,0.0002740708296187222,0.047619047619047616,0.0003707274445332587,0.02857142857142857,0.00052106031216681,0.0380952380952381,0.0003113814163953066,0.047619047619047616,0.0002672959235496819,0.02857142857142857,0.00011806055408669636,0.0,0.0,0.047619047619047616,0.0003160750202368945,0.0761904761904762,0.0010813738917931914,2
5PMX,2,0.93,7.689826774597169,1,4.070141040728363,0.0,0.0,0.0,90.03478906513668,5.681864358169303,115.92530000000005,11.42,0.5185814360770578,0.12,0.0008523601572960615,0.05,0.0002494261716492474,0.05,0.0005043750861659646,0.03,0.0003404769813641906,0.0,0.0,0.01,5.192422395339236e-05,0.05,0.0006035575061105192,0.05,0.0004860489862039685,0.04,0.00046427405322901905,0.08,0.0006619968917220831,0.08,0.000629823945928365,0.03,0.00018853749497793615,0.04,0.0003006936458405107,0.06,0.000583658751565963,0.04,0.00035274014226160944,0.02,0.0006969590322114527,0.09,0.0010951599106192589,0.03,0.00023951595358084887,0.08,0.0009219571948051453,0.05,0.0004618256934918463,2
1KS7,2,0.97,5.140086555480956,-10,4.016338715032116,0.0,0.0,0.0,97.76161184210525,1.54139160390963,112.78955752212387,11.495575221238939,0.15961222724083196,0.08849557522123894,0.0015173614956438541,0.035398230088495575,0.0001703080051811412,0.05309734513274336,0.0003004721365869045,0.07964601769911504,0.0009508745861239731,0.0,0.0,0.008849557522123894,4.6451135858660564e-05,0.04424778761061947,0.0006968886591494083,0.09734513274336283,0.0014347719261422753,0.04424778761061947,0.004556798376142979,0.061946902654867256,0.0007023387006483972,0.061946902654867256,0.0006105236243456602,0.02654867256637168,0.00011275411816313863,0.017699115044247787,0.00012175666051916778,0.035398230088495575,0.0005061104311607778,0.017699115044247787,8.573130617151037e-05,0.07079646017699115,0.0007750429795123637,0.04424778761061947,0.0007512964657507837,0.017699115044247787,0.0001423740031896159,0.11504424778761062,0.0007029506377875805,0.07964601769911504,0.0010901637142524123,2
6QV5,2,0.92,9.542432975769042,6,3.968652271114809,0.0,0.0,0.0,87.75497644539614,4.623851692099903,115.85037037037034,10.592592592592593,0.1724797835908947,0.09876543209876543,0.0005970855709165335,0.13580246913580246,0.0019489256665110588,0.037037037037037035,0.00019057760073337704,0.037037037037037035,0.00022794048709329218,0.012345679012345678,8.629632066003978e-05,0.04938271604938271,0.00036728382110595703,0.07407407407407407,0.000402549107093364,0.06172839506172839,0.0006908508366905153,0.04938271604938271,0.00037400430301204324,0.037037037037037035,0.0002879733219742775,0.14814814814814814,0.0008808014099486172,0.024691358024691357,0.00025230448227375746,0.012345679012345678,0.00014183481107465923,0.024691358024691357,0.0001138088118750602,0.024691358024691357,0.0001104412876884453,0.024691358024691357,0.0002248465025331825,0.06172839506172839,0.0003739301464520395,0.024691358024691357,0.00011315983283566311,0.012345679012345678,0.00013053289148956537,0.04938271604938271,0.0009639638592489064,2
5JMX,2,0.98,7.797273826599122,1,3.790572376683914,0.0,0.0,0.0,95.30347356452529,2.117376622872557,106.55711711711709,12.315315315315315,0.16139768151472614,0.036036036036036036,0.00023459938529413193,0.009009009009009009,0.0001852146233431995,0.04504504504504504,0.0004543401882983744,0.05405405405405406,0.0007426945376209915,0.009009009009009009,0.0001404623908456415,0.009009009009009009,4.00608878408093e-05,0.036036036036036036,0.0002113690716214478,0.09009009009009009,0.0017591846408322453,0.05405405405405406,0.0005104713491164148,0.09009009009009009,0.0008086244924925268,0.14414414414414414,0.0011214016703888774,0.02702702702702703,0.00013174937339499593,0.0,0.0,0.009009009009009009,5.8819790865527466e-05,0.04504504504504504,0.0003255295450799167,0.06306306306306306,0.0005825100233778358,0.08108108108108109,0.0006855402025394142,0.02702702702702703,0.00021520128939300776,0.009009009009009009,5.107664401293732e-05,0.16216216216216217,0.0020598559640347958,2
8PG5,2,0.93,5.0468137741088865,-15,3.9145684594375516,0.0,0.0,0.0,88.63727870510874,6.7722935157442485,109.25263636363633,11.936363636363636,0.17794779477947795,0.09090909090909091,0.0005624397890642285,0.045454545454545456,0.00024280199431814253,0.02727272727272727,0.0002698051102925092,0.05454545454545454,0.00032068477594293654,0.00909090909090909,9.430920181330293e-05,0.01818181818181818,9.841425344347954e-05,0.03636363636363636,0.000250546436291188,0.09090909090909091,0.001244014478288591,0.06363636363636363,0.000398192903958261,0.05454545454545454,0.0007576568750664592,0.11818181818181818,0.0013615713687613606,0.0,0.0,0.0,0.0,0.02727272727272727,0.00017854168254416436,0.06363636363636363,0.0005096603999845684,0.06363636363636363,0.00044069960131309927,0.02727272727272727,0.0002167490019928664,0.01818181818181818,0.00013459159526973963,0.06363636363636363,0.0028163089882582426,0.12727272727272726,0.0019042063504457474,2
7G4K,2,0.95,7.231136131286622,-1,4.017529135846423,0.0,0.0,0.0,91.04251096811934,6.1107447646832,114.1405504587156,12.01834862385321,0.7941522515582323,0.045871559633027525,0.0002572455268818885,0.045871559633027525,0.0006043172325007617,0.07339449541284404,0.0008167403284460306,0.03669724770642202,0.00028701595147140324,0.0,0.0,0.009174311926605505,7.948077109176666e-05,0.045871559633027525,0.0005891433684155345,0.07339449541284404,0.000490486272610724,0.07339449541284404,0.0005111309583298862,0.03669724770642202,0.00036049040500074625,0.11926605504587157,0.0009128062520176172,0.03669724770642202,0.0003183793742209673,0.027522935779816515,0.0002155290130758658,0.045871559633027525,0.000310904229991138,0.06422018348623854,0.0007611916516907513,0.03669724770642202,0.00018703978275880218,0.09174311926605505,0.0007131688762456179,0.0,0.0,0.07339449541284404,0.0007748572388663888,0.06422018348623854,0.0009028855129145086,2
4BJB,2,0.91,7.790053367614746,1,4.1138438073612305,0.0,0.0,0.0,87.8841896821261,6.773710069444444,117.84711340206188,11.061855670103093,0.3527829286805469,0.05154639175257732,0.00041348268860019743,0.041237113402061855,0.00040493981214240193,0.041237113402061855,0.0002903150743804872,0.020618556701030927,9.240880172001198e-05,0.020618556701030927,0.001000243821181357,0.061855670103092786,0.00040799815906211734,0.10309278350515463,0.0008105809101834893,0.05154639175257732,0.00041127437725663185,0.020618556701030927,0.0005611967062577605,0.08247422680412371,0.0006636372418142855,0.08247422680412371,0.0022485132794827223,0.041237113402061855,0.00026336664450354874,0.020618556701030927,0.0002892124466598034,0.061855670103092786,0.002833000151440501,0.020618556701030927,0.0004129980516154319,0.061855670103092786,0.0005306435050442815,0.041237113402061855,0.0002442316908854991,0.010309278350515464,5.2071671234443784e-05,0.09278350515463918,0.0008654387202113867,0.07216494845360824,0.0006343024433590472,2
2PMP,2,0.94,6.41424617767334,-2,3.7420837780749485,0.0,0.0,0.0,94.96438524590162,1.9994414062499999,104.64499999999997,11.45,0.2667598253275109,0.11,0.0010279578855261207,0.02,0.00012737413635477424,0.03,0.00018847061437554657,0.06,0.0007852751296013594,0.02,0.0007899204501882195,0.0,0.0,0.03,0.00014225058839656413,0.09,0.0008844187832437456,0.06,0.0009987486992031336,0.15,0.0011821319349110126,0.14,0.004317077342420816,0.05,0.0002851685567293316,0.01,4.012070712633431e-05,0.03,0.00029314798302948475,0.02,8.018127846298739e-05,0.06,0.0004821110633201897,0.03,0.0003472099779173732,0.0,0.0,0.0,0.0,0.09,0.0016330033540725708,2
1FUK,2,0.9,5.0552827835083,-5,3.9822690316659486,0.0,0.0,0.0,86.69045692883896,3.7171753902662994,114.6739814814814,10.592592592592593,0.24197908572908572,0.046296296296296294,0.0005968664190731943,0.06481481481481481,0.0005031914333812892,0.05555555555555555,0.0009008142515085638,0.037037037037037035,0.0002935506054200232,0.018518518518518517,0.00020081097318325192,0.037037037037037035,0.0002531380159780383,0.046296296296296294,0.00019733850785996765,0.046296296296296294,0.0003352357307448983,0.009259259259259259,7.4463700002525e-05,0.12037037037037036,0.003704589791595936,0.12962962962962962,0.00099847000092268,0.046296296296296294,0.00025102405925281346,0.018518518518518517,7.919263589428738e-05,0.046296296296296294,0.0007030784618109465,0.009259259259259259,7.988122524693608e-05,0.046296296296296294,0.00035709416260942817,0.06481481481481481,0.0003792774514295161,0.0,0.0,0.05555555555555555,0.0005565041210502386,0.10185185185185185,0.00182661646977067,2
6IK4,2,0.95,8.9355920791626,4,3.993328204927023,0.0,0.0,0.0,96.95283005105762,1.8345217013598851,116.11385964912279,11.31578947368421,0.2692846457228342,0.06140350877192982,0.000523279479239136,0.06140350877192982,0.00035208009649068117,0.07894736842105263,0.000676567608024925,0.017543859649122806,0.00028820167062804103,0.008771929824561403,5.0171962357126176e-05,0.05263157894736842,0.00029804478981532156,0.0,0.0,0.07894736842105263,0.00045435948413796723,0.06140350877192982,0.0007575785857625306,0.03508771929824561,0.0002467297890689224,0.08771929824561403,0.0009866405744105577,0.0,0.0,0.017543859649122806,0.0001558288640808314,0.043859649122807015,0.002003921428695321,0.05263157894736842,0.0004416033625602722,0.08771929824561403,0.0007458602194674313,0.07017543859649122,0.000696321134455502,0.03508771929824561,0.00026683055330067873,0.10526315789473684,0.0009081410826183856,0.043859649122807015,0.0005386484554037452,2
7H4E,2,0.88,5.389041328430175,-6,3.972935572911301,0.0,0.0,0.0,90.45420916162489,4.223697777777778,107.13082568807333,10.192660550458715,0.18229712879544835,0.045871559633027525,0.0007080595823936164,0.05504587155963303,0.0005076254601590335,0.009174311926605505,0.000217406137380749,0.08256880733944955,0.0007258339319378138,0.05504587155963303,0.00037007348146289587,0.027522935779816515,0.00014529253530781716,0.027522935779816515,0.00013159647642169148,0.12844036697247707,0.00169673643540591,0.03669724770642202,0.00022982725931797177,0.045871559633027525,0.0030466951429843903,0.10091743119266056,0.000919204787351191,0.009174311926605505,4.267032636562362e-05,0.009174311926605505,8.366419933736324e-05,0.01834862385321101,0.00029380896012298763,0.027522935779816515,0.00013647416199091822,0.10091743119266056,0.0007044048979878426,0.045871559633027525,0.000259984313743189,0.01834862385321101,8.31864817882888e-05,0.045871559633027525,0.0003318918461445719,0.11009174311926606,0.001570582389831543,2
5C3K,2,0.87,6.203544044494628,-2,4.2030491019768155,0.0,0.0,0.0,89.46904921700222,5.08900826446281,115.34235294117647,9.83529411764706,0.1293273290177315,0.07058823529411765,0.0009000318823382258,0.03529411764705882,0.0002761706127785146,0.058823529411764705,0.0003141004708595574,0.047058823529411764,0.00034086377127096057,0.03529411764705882,0.0007371969986706972,0.047058823529411764,0.000563593115657568,0.058823529411764705,0.00045956039684824646,0.09411764705882353,0.001227190950885415,0.047058823529411764,0.0010835945140570402,0.03529411764705882,0.0002061545237665996,0.058823529411764705,0.0008273819694295526,0.08235294117647059,0.0008505595033057034,0.011764705882352941,6.876441329950467e-05,0.047058823529411764,0.000653197115752846,0.07058823529411765,0.0007373636472038925,0.03529411764705882,0.0001691679935902357,0.03529411764705882,0.00022441634791903198,0.03529411764705882,0.0005759060732088983,0.07058823529411765,0.0006610553245991468,0.023529411764705882,0.00029266029014252126,2
1G52,2,0.97,6.8566808700561515,-1,4.0572536219218325,0.0,0.0,0.0,96.9372736077482,2.0072405002906937,115.70138888888881,11.925925925925926,0.34427478720956983,0.046296296296296294,0.0003777477249968797,0.027777777777777776,0.00015647747204639018,0.037037037037037035,0.00025619089137762785,0.018518518518518517,8.84293403942138e-05,0.009259259259259259,4.745681508211419e-05,0.037037037037037035,0.00023266172502189875,0.046296296296296294,0.0004969080910086632,0.06481481481481481,0.0005910747568123043,0.05555555555555555,0.0028302972204983234,0.05555555555555555,0.00043444131733849645,0.1388888888888889,0.001648653531447053,0.027777777777777776,0.00012738895020447671,0.009259259259259259,3.735752761713229e-05,0.06481481481481481,0.0008236938738264143,0.07407407407407407,0.00042215699795633554,0.027777777777777776,0.00025810557417571545,0.046296296296296294,0.0003866840561386198,0.046296296296296294,0.0003724028938449919,0.046296296296296294,0.00021568640659097582,0.12037037037037036,0.0009736740030348301,2
3ISI,2,0.97,4.976674461364746,-24,3.9681305965740328,0.0,0.0,0.0,96.25254689042448,2.648118125,108.76100000000001,13.10909090909091,0.40873155970243347,0.06363636363636363,0.0004332033859100193,0.02727272727272727,0.00017816915351431817,0.03636363636363636,0.0003407032345421612,0.06363636363636363,0.0007592691108584404,0.0,0.0,0.01818181818181818,0.00012172822607681155,0.00909090909090909,0.0001672303769737482,0.08181818181818182,0.0012453056406229734,0.07272727272727272,0.0015851393109187484,0.03636363636363636,0.0003080448950640857,0.07272727272727272,0.0005091517232358456,0.00909090909090909,3.867029590765014e-05,0.05454545454545454,0.0004865614464506507,0.03636363636363636,0.0003710405726451427,0.045454545454545456,0.00020837286137975752,0.09090909090909091,0.0015933651011437178,0.08181818181818182,0.0006333334604278207,0.01818181818181818,0.00016841385513544083,0.03636363636363636,0.0004379838064778596,0.14545454545454545,0.0009210096322931349,2
9GU7,2,0.97,6.867537117004395,-1,4.0572536219218325,0.0,0.0,0.0,96.59290882778583,1.996800295857988,115.70138888888884,12.064814814814815,0.3455060970410165,0.046296296296296294,0.0003782859130296856,0.027777777777777776,0.00015789770986884832,0.037037037037037035,0.0002608949725981802,0.018518518518518517,8.821472147246823e-05,0.009259259259259259,4.764552795677446e-05,0.037037037037037035,0.00023406864784192294,0.046296296296296294,0.0004953353200107813,0.06481481481481481,0.0005822222447022796,0.05555555555555555,0.00272275204770267,0.05555555555555555,0.00043033252586610615,0.1388888888888889,0.0016244943253695965,0.027777777777777776,0.0001265872997464612,0.009259259259259259,3.7772508221678436e-05,0.06481481481481481,0.0008214794215746224,0.07407407407407407,0.0004242580325808376,0.027777777777777776,0.0002601710439193994,0.046296296296296294,0.0003933127736672759,0.046296296296296294,0.00037468678783625364,0.046296296296296294,0.00021671644935850054,0.12037037037037036,0.0009797306265681982,2
3N4B,2,0.97,6.867537117004395,-1,4.0572536219218325,0.0,0.0,0.0,96.59290882778583,1.996800295857988,115.70138888888884,12.064814814814815,0.3455060970410165,0.046296296296296294,0.0003782859130296856,0.027777777777777776,0.00015789770986884832,0.037037037037037035,0.0002608949725981802,0.018518518518518517,8.821472147246823e-05,0.009259259259259259,4.764552795677446e-05,0.037037037037037035,0.00023406864784192294,0.046296296296296294,0.0004953353200107813,0.06481481481481481,0.0005822222447022796,0.05555555555555555,0.00272275204770267,0.05555555555555555,0.00043033252586610615,0.1388888888888889,0.0016244943253695965,0.027777777777777776,0.0001265872997464612,0.009259259259259259,3.7772508221678436e-05,0.06481481481481481,0.0008214794215746224,0.07407407407407407,0.0004242580325808376,0.027777777777777776,0.0002601710439193994,0.046296296296296294,0.0003933127736672759,0.046296296296296294,0.00037468678783625364,0.046296296296296294,0.00021671644935850054,0.12037037037037036,0.0009797306265681982,2
3D09,2,0.94,8.833345222473145,6,4.11609936985548,0.0,0.0,0.0,95.58911708253359,2.6199875,116.33368932038837,11.427184466019417,0.3772302463891249,0.04854368932038835,0.0006920151063241065,0.08737864077669903,0.0006510544335469604,0.04854368932038835,0.0003987076343037188,0.0,0.0,0.04854368932038835,0.00038718845462426543,0.038834951456310676,0.00023739528842270374,0.038834951456310676,0.00028647930594161153,0.02912621359223301,0.00014611476217396557,0.02912621359223301,0.00024321106320712715,0.05825242718446602,0.0009904424659907818,0.08737864077669903,0.0006949768285267055,0.038834951456310676,0.0002545136376284063,0.04854368932038835,0.0005235311109572649,0.038834951456310676,0.0003733114863280207,0.05825242718446602,0.00033409762545488775,0.05825242718446602,0.00045707690878771245,0.06796116504854369,0.0010026850504800677,0.009708737864077669,4.027612885693088e-05,0.05825242718446602,0.000592926109675318,0.10679611650485436,0.0009948969818651676,2
7FU4,2,0.92,9.121518898010255,13,3.9131673532511613,0.0,0.0,0.0,90.21119463087248,4.4830644668966135,117.95977528089884,10.775280898876405,0.3247999437616431,0.0449438202247191,0.0002468632301315665,0.011235955056179775,7.306403858819976e-05,0.0449438202247191,0.0002844474802259356,0.02247191011235955,0.0002673625713214278,0.0,0.0,0.0,0.0,0.06741573033707865,0.0005388295976445079,0.033707865168539325,0.0005155621329322457,0.0449438202247191,0.00038608344038948417,0.056179775280898875,0.00035626033786684275,0.1348314606741573,0.0007415478467009962,0.10112359550561797,0.000729428487829864,0.02247191011235955,0.00015567730588372797,0.11235955056179775,0.0007549808360636234,0.033707865168539325,0.00020000191580038518,0.07865168539325842,0.0011781842913478613,0.0449438202247191,0.0005205282359384,0.011235955056179775,4.7593268391210586e-05,0.06741573033707865,0.0007856982992962003,0.06741573033707865,0.0004890773561783135,2
7KUS,2,0.97,5.742466163635254,-15,3.9706726869402442,0.0,0.0,0.0,91.47575711574953,4.938011764603511,109.6937190082644,12.37190082644628,0.47174238283729997,0.08264462809917356,0.0006388103356584907,0.01652892561983471,7.712174556218088e-05,0.01652892561983471,0.00010158275108551607,0.04132231404958678,0.00023531143961008638,0.024793388429752067,0.0001404951181029901,0.024793388429752067,0.00014783410006202757,0.024793388429752067,0.00013327087799552828,0.06611570247933884,0.00039383277180604637,0.049586776859504134,0.000843829067889601,0.06611570247933884,0.00043279596138745546,0.19008264462809918,0.003708118572831154,0.008264462809917356,4.415413422975689e-05,0.04132231404958678,0.0003246158012188971,0.049586776859504134,0.0005675575812347233,0.05785123966942149,0.00037626284756697714,0.05785123966942149,0.00035849676351062953,0.04132231404958678,0.0006887796334922314,0.01652892561983471,0.0001312595559284091,0.03305785123966942,0.00024201344058383256,0.09090909090909091,0.0005973698571324348,2
2WXT,2,0.95,5.237110710144043,-13,4.098006472551127,0.0,0.0,0.0,93.71646041250831,2.6741227173119064,116.55211009174312,12.293577981651376,0.29906202930302617,0.10091743119266056,0.0011100961128249764,0.03669724770642202,0.00046730675967410207,0.045871559633027525,0.00025591737357899547,0.08256880733944955,0.0006130936671979725,0.0,0.0,0.03669724770642202,0.0019383738981559873,0.05504587155963303,0.0005971520440652966,0.06422018348623854,0.0006542538176290691,0.03669724770642202,0.0003604745725169778,0.07339449541284404,0.0014082215493544936,0.045871559633027525,0.0003652078739833087,0.045871559633027525,0.0006019335123710334,0.009174311926605505,0.00016087507538031787,0.06422018348623854,0.0008948479662649333,0.03669724770642202,0.00023939870879985392,0.045871559633027525,0.0006817065295763314,0.06422018348623854,0.0004871724231634289,0.027522935779816515,0.00015274029283318669,0.10091743119266056,0.0009066684870049357,0.027522935779816515,0.00015906996850389987,2
7G4F,2,0.95,7.231136131286622,-1,4.017529135846423,0.0,0.0,0.0,91.04251096811934,6.1107447646832,114.1405504587156,12.01834862385321,0.7941522515582323,0.045871559633027525,0.0002572455268818885,0.045871559633027525,0.0006043172325007617,0.07339449541284404,0.0008167403284460306,0.03669724770642202,0.00028701595147140324,0.0,0.0,0.009174311926605505,7.948077109176666e-05,0.045871559633027525,0.0005891433684155345,0.07339449541284404,0.000490486272610724,0.07339449541284404,0.0005111309583298862,0.03669724770642202,0.00036049040500074625,0.11926605504587157,0.0009128062520176172,0.03669724770642202,0.0003183793742209673,0.027522935779816515,0.0002155290130758658,0.045871559633027525,0.000310904229991138,0.06422018348623854,0.0007611916516907513,0.03669724770642202,0.00018703978275880218,0.09174311926605505,0.0007131688762456179,0.0,0.0,0.07339449541284404,0.0007748572388663888,0.06422018348623854,0.0009028855129145086,2
3R4X,2,0.98,8.594103050231933,7,3.869840784828714,0.0,0.0,0.0,94.09931670509326,3.4000042369889134,113.09204081632659,11.846938775510203,0.6083249837402661,0.10204081632653061,0.0006697098142467439,0.04081632653061224,0.00037514447467401624,0.030612244897959183,0.00018115832062903792,0.05102040816326531,0.002275898354128003,0.0,0.0,0.05102040816326531,0.0010162340477108955,0.030612244897959183,0.0001854632282629609,0.061224489795918366,0.0005842059617862105,0.030612244897959183,0.0009409760823473334,0.08163265306122448,0.0007078585331328213,0.15306122448979592,0.00103910977486521,0.0,0.0,0.02040816326530612,0.00015736729255877435,0.12244897959183673,0.0010072437580674887,0.01020408163265306,6.243807001737878e-05,0.061224489795918366,0.0003501259780023247,0.04081632653061224,0.00032337402808479965,0.02040816326530612,0.00018595790606923401,0.02040816326530612,9.69976099440828e-05,0.07142857142857142,0.0006983935600146651,2
4EJM,2,0.94,6.007335853576659,-7,3.833781642933309,0.0,0.0,0.0,90.75272426470589,4.778723155588021,105.07313043478261,11.97391304347826,0.3626093271447065,0.08695652173913043,0.0006248115678317845,0.06086956521739131,0.0002796105109155178,0.02608695652173913,0.00019018993771169335,0.02608695652173913,0.00022677583910990506,0.06086956521739131,0.0009235526085831225,0.008695652173913044,3.8901485822862014e-05,0.043478260869565216,0.0007448068354278803,0.1391304347826087,0.0011850642040371895,0.05217391304347826,0.0004667585308197886,0.11304347826086956,0.0008471013279631734,0.10434782608695652,0.0007224620203487575,0.008695652173913044,9.12804389372468e-05,0.008695652173913044,5.011721441405825e-05,0.06086956521739131,0.0005027101142331958,0.043478260869565216,0.0007970870938152075,0.02608695652173913,0.00012163144128862768,0.034782608695652174,0.00029831790016032755,0.0,0.0,0.0,0.0,0.09565217391304348,0.0006112122791819274,2
6LUY,2,0.97,6.867537117004395,-1,4.0572536219218325,0.0,0.0,0.0,96.59290882778583,1.996800295857988,115.70138888888884,12.064814814814815,0.3455060970410165,0.046296296296296294,0.0003782859130296856,0.027777777777777776,0.00015789770986884832,0.037037037037037035,0.0002608949725981802,0.018518518518518517,8.821472147246823e-05,0.009259259259259259,4.764552795677446e-05,0.037037037037037035,0.00023406864784192294,0.046296296296296294,0.0004953353200107813,0.06481481481481481,0.0005822222447022796,0.05555555555555555,0.00272275204770267,0.05555555555555555,0.00043033252586610615,0.1388888888888889,0.0016244943253695965,0.027777777777777776,0.0001265872997464612,0.009259259259259259,3.7772508221678436e-05,0.06481481481481481,0.0008214794215746224,0.07407407407407407,0.0004242580325808376,0.027777777777777776,0.0002601710439193994,0.046296296296296294,0.0003933127736672759,0.046296296296296294,0.00037468678783625364,0.046296296296296294,0.00021671644935850054,0.12037037037037036,0.0009797306265681982,2
6LND,2,0.85,7.658565330505372,1,4.029502698882765,0.0,0.0,0.0,84.50404407200497,8.082142128354251,117.90402597402593,10.311688311688311,0.3041970623834604,0.05194805194805195,0.0006502665346488357,0.09090909090909091,0.001017230679281056,0.05194805194805195,0.0003164313093293458,0.0,0.0,0.0,0.0,0.012987012987012988,0.00011289441317785531,0.03896103896103896,0.00035487613058649004,0.07792207792207792,0.0008597710402682424,0.03896103896103896,0.0004322587337810546,0.06493506493506493,0.00033359494409523904,0.1038961038961039,0.001108801458030939,0.025974025974025976,0.0003601267235353589,0.025974025974025976,0.0002484732249286026,0.03896103896103896,0.0020457999780774117,0.05194805194805195,0.002316208090633154,0.09090909090909091,0.001111239893361926,0.03896103896103896,0.00035890075378119946,0.06493506493506493,0.0008770711137913167,0.06493506493506493,0.0007432678248733282,0.06493506493506493,0.0011722852941602468,2
1Z9Y,2,0.97,6.8566808700561515,-1,4.0572536219218325,0.0,0.0,0.0,96.9372736077482,2.0072405002906937,115.70138888888881,11.925925925925926,0.34427478720956983,0.046296296296296294,0.0003777477249968797,0.027777777777777776,0.00015647747204639018,0.037037037037037035,0.00025619089137762785,0.018518518518518517,8.84293403942138e-05,0.009259259259259259,4.745681508211419e-05,0.037037037037037035,0.00023266172502189875,0.046296296296296294,0.0004969080910086632,0.06481481481481481,0.0005910747568123043,0.05555555555555555,0.0028302972204983234,0.05555555555555555,0.00043444131733849645,0.1388888888888889,0.001648653531447053,0.027777777777777776,0.00012738895020447671,0.009259259259259259,3.735752761713229e-05,0.06481481481481481,0.0008236938738264143,0.07407407407407407,0.00042215699795633554,0.027777777777777776,0.00025810557417571545,0.046296296296296294,0.0003866840561386198,0.046296296296296294,0.0003724028938449919,0.046296296296296294,0.00021568640659097582,0.12037037037037036,0.0009736740030348301,2
5JT5,2,0.97,6.570212364196778,-2,3.96101091409307,0.0,0.0,0.0,94.87001995344198,2.9074062390936666,106.58184466019412,11.912621359223301,0.35667544963246056,0.0970873786407767,0.0006421600701287389,0.038834951456310676,0.0001839850883698091,0.019417475728155338,0.00013541585940402,0.06796116504854369,0.0029926456045359373,0.019417475728155338,0.0003799095284193754,0.038834951456310676,0.00018889094644691795,0.0,0.0,0.11650485436893204,0.0010568822035565972,0.019417475728155338,0.00011331119458191097,0.0970873786407767,0.0008181133307516575,0.06796116504854369,0.0008401042432524264,0.019417475728155338,0.00011214894038857892,0.04854368932038835,0.0010648195166140795,0.04854368932038835,0.0008793394663371146,0.05825242718446602,0.000536594947334379,0.02912621359223301,0.00015470267680939287,0.06796116504854369,0.00046340550761669874,0.0,0.0,0.04854368932038835,0.00038058520294725895,0.0970873786407767,0.0009291171445511281,2
7CI9,2,0.97,5.213920402526854,-9,3.9028111398957237,0.0,0.0,0.0,94.08311910882605,2.0490430755808102,106.93017699115045,11.778761061946902,0.34182163919602665,0.09734513274336283,0.0010937866754829884,0.035398230088495575,0.00021457693947013468,0.04424778761061947,0.0002665973443072289,0.04424778761061947,0.0009510677773505449,0.0,0.0,0.008849557522123894,3.7298566894605756e-05,0.05309734513274336,0.0009703392861410975,0.09734513274336283,0.0034258386585861444,0.02654867256637168,0.0006716955685988069,0.05309734513274336,0.0007241106941364706,0.12389380530973451,0.001707078074105084,0.035398230088495575,0.00024397649394813925,0.02654867256637168,0.00023052046890370548,0.08849557522123894,0.0004735649563372135,0.02654867256637168,0.00013837640290148556,0.07079646017699115,0.001321069081313908,0.05309734513274336,0.0004445058002602309,0.0,0.0,0.008849557522123894,0.00018667725089471787,0.10619469026548672,0.0007698859553784132,2
3S1G,2,0.97,6.570212364196778,-2,3.96101091409307,0.0,0.0,0.0,94.87001995344198,2.9074062390936666,106.58184466019412,11.912621359223301,0.35667544963246056,0.0970873786407767,0.0006421600701287389,0.038834951456310676,0.0001839850883698091,0.019417475728155338,0.00013541585940402,0.06796116504854369,0.0029926456045359373,0.019417475728155338,0.0003799095284193754,0.038834951456310676,0.00018889094644691795,0.0,0.0,0.11650485436893204,0.0010568822035565972,0.019417475728155338,0.00011331119458191097,0.0970873786407767,0.0008181133307516575,0.06796116504854369,0.0008401042432524264,0.019417475728155338,0.00011214894038857892,0.04854368932038835,0.0010648195166140795,0.04854368932038835,0.0008793394663371146,0.05825242718446602,0.000536594947334379,0.02912621359223301,0.00015470267680939287,0.06796116504854369,0.00046340550761669874,0.0,0.0,0.04854368932038835,0.00038058520294725895,0.0970873786407767,0.0009291171445511281,2
4DZ9,2,0.97,6.867537117004395,-1,4.0572536219218325,0.0,0.0,0.0,96.59290882778583,1.996800295857988,115.70138888888884,12.064814814814815,0.3455060970410165,0.046296296296296294,0.0003782859130296856,0.027777777777777776,0.00015789770986884832,0.037037037037037035,0.0002608949725981802,0.018518518518518517,8.821472147246823e-05,0.009259259259259259,4.764552795677446e-05,0.037037037037037035,0.00023406864784192294,0.046296296296296294,0.0004953353200107813,0.06481481481481481,0.0005822222447022796,0.05555555555555555,0.00272275204770267,0.05555555555555555,0.00043033252586610615,0.1388888888888889,0.0016244943253695965,0.027777777777777776,0.0001265872997464612,0.009259259259259259,3.7772508221678436e-05,0.06481481481481481,0.0008214794215746224,0.07407407407407407,0.0004242580325808376,0.027777777777777776,0.0002601710439193994,0.046296296296296294,0.0003933127736672759,0.046296296296296294,0.00037468678783625364,0.046296296296296294,0.00021671644935850054,0.12037037037037036,0.0009797306265681982,2
5SIM,2,0.96,6.017225837707519,-7,4.135397919085985,0.0,0.0,0.0,92.83955370101596,4.089468673766882,115.07222222222221,11.24074074074074,0.2232061138568552,0.09259259259259259,0.0011358947958797216,0.046296296296296294,0.00020292887347750366,0.018518518518518517,0.00014788114640396088,0.05555555555555555,0.0011588124325498939,0.06481481481481481,0.0010584433330222964,0.018518518518518517,7.495048339478672e-05,0.027777777777777776,0.00013869142276234925,0.037037037037037035,0.00019801087910309434,0.07407407407407407,0.000994070083834231,0.09259259259259259,0.0005725609371438622,0.10185185185185185,0.0008859517402015626,0.037037037037037035,0.0002635377168189734,0.046296296296296294,0.0004368906666059047,0.046296296296296294,0.00023336790036410093,0.018518518518518517,9.111370309256017e-05,0.027777777777777776,0.00019930396229028702,0.06481481481481481,0.000745816039852798,0.018518518518518517,0.0001512789458502084,0.046296296296296294,0.0003073978878092021,0.06481481481481481,0.0012222534278407693,2
1H7P,2,0.98,5.748377418518066,-7,3.9371500797246437,0.0,0.0,0.0,93.41654990583804,3.1491168222701,109.77166666666665,11.925925925925926,0.33517368299976996,0.12037037037037036,0.0009017025586217642,0.027777777777777776,0.00014762916543986648,0.018518518518518517,7.939157512737438e-05,0.027777777777777776,0.00021323114924598485,0.046296296296296294,0.0004041104402858764,0.009259259259259259,4.1660998249426484e-05,0.018518518518518517,0.00010350506636314094,0.06481481481481481,0.00033046770840883255,0.027777777777777776,0.0003188829286955297,0.1111111111111111,0.0016820902237668633,0.12962962962962962,0.0008638935978524387,0.027777777777777776,0.0003258352808188647,0.027777777777777776,0.0001687337353359908,0.08333333333333333,0.0005819661892019212,0.05555555555555555,0.0005237102741375566,0.06481481481481481,0.0005687064258381724,0.018518518518518517,0.00026911802706308663,0.0,0.0,0.06481481481481481,0.0011857976205646992,0.05555555555555555,0.0006224712706170976,2
9YC2,2,0.83,6.630518531799317,-1,4.0510381150095816,0.0,0.0,0.0,88.9467142857143,3.9263310657596375,115.49315789473678,9.526315789473685,0.13357371328874673,0.05263157894736842,0.0029063872061669827,0.06315789473684211,0.0004132204921916127,0.031578947368421054,0.00015520946180913597,0.06315789473684211,0.00039202775224111974,0.08421052631578947,0.0011409703874960542,0.010526315789473684,4.532163802650757e-05,0.06315789473684211,0.0006027881754562259,0.042105263157894736,0.0002661528706084937,0.06315789473684211,0.0005444780108518898,0.021052631578947368,0.00020710582612082362,0.15789473684210525,0.0017827957635745406,0.06315789473684211,0.0004213666543364525,0.010526315789473684,0.002002325840294361,0.021052631578947368,0.0003006002807524055,0.031578947368421054,0.00022911511769052595,0.05263157894736842,0.0004030249547213316,0.031578947368421054,0.00014769205881748348,0.021052631578947368,0.0005255652358755469,0.042105263157894736,0.000406504375860095,0.07368421052631578,0.0010465971427038312,2
1W9B,2,0.96,5.203689384460449,-16,3.99349704867394,0.0,0.0,0.0,94.78606000495908,2.8018657296186067,116.33578947368424,12.463157894736842,0.6349839971550498,0.07368421052631578,0.000479166948935017,0.031578947368421054,0.0002335915487492457,0.05263157894736842,0.0010224825236946344,0.021052631578947368,0.00011965263547608629,0.0,0.0,0.031578947368421054,0.0005966344615444541,0.021052631578947368,0.0003406790492590517,0.08421052631578947,0.0005246532382443547,0.021052631578947368,0.0002063748106593266,0.08421052631578947,0.0008007895667105913,0.11578947368421053,0.0008858395158313215,0.010526315789473684,4.3803589505841956e-05,0.021052631578947368,0.000280616368399933,0.09473684210526316,0.0005899767274968326,0.021052631578947368,0.00016239356773439795,0.05263157894736842,0.0005238860030658543,0.07368421052631578,0.0008612145902588964,0.042105263157894736,0.00032987885060720146,0.09473684210526316,0.0007380863535217941,0.05263157894736842,0.00037809796049259603,2
8CP7,2,0.97,5.809706687927247,-3,3.9447030985069236,0.0,0.0,0.0,96.32611224907825,1.8618831484372578,109.67605504587158,11.137614678899082,0.3631939301422245,0.1743119266055046,0.0014193095266819,0.027522935779816515,0.00030330391018651426,0.09174311926605505,0.0013708398910239339,0.027522935779816515,0.0004971982561983168,0.01834862385321101,9.934599074767902e-05,0.07339449541284404,0.0006923776818439364,0.03669724770642202,0.0006561796180903912,0.03669724770642202,0.0002827829448506236,0.01834862385321101,0.0001183138374472037,0.01834862385321101,0.00016198083176277578,0.11009174311926606,0.0007567420834675431,0.027522935779816515,0.000115535432996694,0.027522935779816515,0.00015173979045357555,0.05504587155963303,0.00045583874452859163,0.03669724770642202,0.00028623774414882064,0.05504587155963303,0.00036735873436555266,0.045871559633027525,0.0003413055674172938,0.0,0.0,0.06422018348623854,0.000445179088274017,0.05504587155963303,0.0002803503884933889,2
3EBG,2,0.97,5.98005313873291,-11,3.929369346567454,0.0,0.0,0.0,95.4945994796659,2.878961459963737,116.18888888888885,11.411111111111111,0.3497349345450611,0.03333333333333333,0.00020837556803599,0.05555555555555555,0.00033393705962225795,0.06666666666666667,0.000385795661713928,0.03333333333333333,0.0003428697236813605,0.0,0.0,0.022222222222222223,0.00017863433458842337,0.1,0.0006284519331529737,0.044444444444444446,0.0004266145406290889,0.044444444444444446,0.0003534906718414277,0.022222222222222223,0.00012687228445429355,0.13333333333333333,0.0007848818204365671,0.022222222222222223,0.00016040628543123603,0.03333333333333333,0.00016444838547613472,0.07777777777777778,0.00039388766163028777,0.011111111111111112,4.370816532173194e-05,0.06666666666666667,0.00043979843030683696,0.08888888888888889,0.0009523830376565456,0.0,0.0,0.044444444444444446,0.000498484296258539,0.1,0.0008756017778068781,2
7I2I,2,0.94,7.7046049118042,1,4.036465343978917,0.0,0.0,0.0,90.89774585422292,5.136985821982459,109.27986842105264,10.06578947368421,0.6118851049191606,0.09210526315789473,0.0005845300038345158,0.07894736842105263,0.00041696472908370197,0.039473684210526314,0.0002312046999577433,0.05263157894736842,0.00046777562238276005,0.02631578947368421,0.00028085545636713505,0.013157894736842105,9.462377056479454e-05,0.039473684210526314,0.00028116910834796727,0.13157894736842105,0.00100033450871706,0.05263157894736842,0.0004132050380576402,0.039473684210526314,0.0006466054474003613,0.05263157894736842,0.000309605646179989,0.039473684210526314,0.00023458672512788326,0.0,0.0,0.039473684210526314,0.00021232402650639415,0.013157894736842105,6.093203046475537e-05,0.07894736842105263,0.0012236855691298842,0.09210526315789473,0.0006727199070155621,0.039473684210526314,0.0005134704406373203,0.02631578947368421,0.00026521063409745693,0.05263157894736842,0.00031681417021900415,2
7PBA,2,0.88,5.6264009475708,-16,3.9060047513260345,0.0,0.0,0.0,91.4522888732063,7.099409290343356,107.60223300970871,12.864077669902912,0.5500421322586554,0.05825242718446602,0.0005835152696818113,0.019417475728155338,0.00012005634198430926,0.07766990291262135,0.0008776516187936068,0.0970873786407767,0.0016154450131580234,0.0,0.0,0.038834951456310676,0.0004223859868943691,0.038834951456310676,0.000230619334615767,0.14563106796116504,0.0014608948258683085,0.05825242718446602,0.001163408043794334,0.009708737864077669,3.9160808228189126e-05,0.08737864077669903,0.0004826467193197459,0.019417475728155338,0.00010547041893005371,0.019417475728155338,9.684159886091948e-05,0.07766990291262135,0.000555708073079586,0.019417475728155338,8.990186324808747e-05,0.07766990291262135,0.000970471475739032,0.05825242718446602,0.00048732192954048514,0.0,0.0,0.038834951456310676,0.00034525839146226645,0.05825242718446602,0.0004206051235087216,2
3L7X,2,0.94,6.080089759826659,-6,3.717082261221977,0.0,0.0,0.0,81.26779433681074,11.001740786528115,113.87099999999997,9.28,0.3646551724137931,0.08,0.0011433064937591553,0.04,0.00023401749785989523,0.1,0.003135053440928459,0.04,0.0002528865006752312,0.0,0.0,0.04,0.0011023550760000944,0.08,0.0008019982487894595,0.02,0.0014382170047610998,0.08,0.0007850008551031351,0.1,0.0009471448720432818,0.12,0.000648517336230725,0.0,0.0,0.0,0.0,0.08,0.00048705958761274815,0.02,8.031381003092974e-05,0.02,0.00011620586883509532,0.08,0.000851056887768209,0.0,0.0,0.0,0.0,0.1,0.0008279667235910892,2
7G6W,2,0.95,7.231136131286622,-1,4.017529135846423,0.0,0.0,0.0,91.04251096811934,6.1107447646832,114.1405504587156,12.01834862385321,0.7941522515582323,0.045871559633027525,0.0002572455268818885,0.045871559633027525,0.0006043172325007617,0.07339449541284404,0.0008167403284460306,0.03669724770642202,0.00028701595147140324,0.0,0.0,0.009174311926605505,7.948077109176666e-05,0.045871559633027525,0.0005891433684155345,0.07339449541284404,0.000490486272610724,0.07339449541284404,0.0005111309583298862,0.03669724770642202,0.00036049040500074625,0.11926605504587157,0.0009128062520176172,0.03669724770642202,0.0003183793742209673,0.027522935779816515,0.0002155290130758658,0.045871559633027525,0.000310904229991138,0.06422018348623854,0.0007611916516907513,0.03669724770642202,0.00018703978275880218,0.09174311926605505,0.0007131688762456179,0.0,0.0,0.07339449541284404,0.0007748572388663888,0.06422018348623854,0.0009028855129145086,2
9GCD,2,0.95,9.595683860778806,12,3.9879380525258528,0.0,0.0,0.0,94.16967558338077,2.360212232751194,108.14533333333328,12.35,0.27246401259559155,0.08333333333333333,0.0008872026228345931,0.05,0.0003039662551600486,0.0,0.0,0.016666666666666666,0.00029334190185181797,0.05,0.0004005972295999527,0.041666666666666664,0.0002446370490361005,0.016666666666666666,0.0001036433968693018,0.13333333333333333,0.005843317601829767,0.05,0.00025488113169558346,0.075,0.0008723873761482537,0.125,0.0010167349828407168,0.03333333333333333,0.0001810428366297856,0.016666666666666666,0.00019266670278739184,0.058333333333333334,0.0005571831134147942,0.041666666666666664,0.0006177836330607533,0.041666666666666664,0.0006182229844853282,0.058333333333333334,0.0005886679864488542,0.008333333333333333,7.629323226865381e-05,0.041666666666666664,0.0003076577268075198,0.058333333333333334,0.0008048784220591187,2
2CBB,2,0.96,6.940006828308105,-1,4.0572536219218325,0.0,0.0,0.0,96.96748670855487,2.102134615384615,115.70138888888884,11.953703703703704,0.34465817482858535,0.046296296296296294,0.0003796576929744333,0.027777777777777776,0.00015765137504786253,0.037037037037037035,0.00026217696722596884,0.018518518518518517,8.886479918146506e-05,0.009259259259259259,4.787993020727299e-05,0.037037037037037035,0.00023524310381617397,0.046296296296296294,0.0004945554537698627,0.06481481481481481,0.0005807933630421758,0.05555555555555555,0.002712182467803359,0.05555555555555555,0.0004304748144932091,0.1388888888888889,0.0016339538851752877,0.027777777777777776,0.00012666554539464414,0.009259259259259259,3.784316868404858e-05,0.06481481481481481,0.0008342743385583162,0.07407407407407407,0.0004243604780640453,0.027777777777777776,0.000259156571701169,0.046296296296296294,0.0003923432668671012,0.046296296296296294,0.00037367845652624965,0.046296296296296294,0.00021579716121777892,0.12037037037037036,0.0009752991609275341,2
3P7S,2,0.98,4.956610298156736,-12,3.984098158921923,0.0,0.0,0.0,97.98451069078948,1.4545936148053198,112.7778571428571,11.5625,0.16134169884169886,0.08928571428571429,0.0014984502922743559,0.03571428571428571,0.0001725472102407366,0.05357142857142857,0.00030661115306429565,0.07142857142857142,0.0009249878348782659,0.0,0.0,0.0,0.0,0.05357142857142857,0.0007441987399943173,0.09821428571428571,0.00142825732473284,0.044642857142857144,0.004683747887611389,0.0625,0.0007091175648383796,0.0625,0.0006115759606473148,0.026785714285714284,0.00011875322525156662,0.017857142857142856,0.00012557770241983235,0.03571428571428571,0.0005085132434032857,0.017857142857142856,8.619205618742853e-05,0.07142857142857142,0.0007978196372278035,0.044642857142857144,0.0007551376475021243,0.017857142857142856,0.0001446837413823232,0.11607142857142858,0.0007077465998008847,0.08035714285714286,0.0010976891499012709,2
8C4W,2,0.95,7.107568168640137,-1,4.016335168044893,0.0,0.0,0.0,89.77178725857597,6.564019358207591,112.81476190476194,12.352380952380953,0.8867129272680545,0.047619047619047616,0.0002585652400739491,0.047619047619047616,0.000607176567427814,0.08571428571428572,0.0010305835166946054,0.0380952380952381,0.00031009063241072,0.0,0.0,0.009523809523809525,0.00010162316175410524,0.0380952380952381,0.0005762060172855854,0.08571428571428572,0.0005856931093148887,0.06666666666666667,0.0004702568403445184,0.01904761904761905,0.00031016345019452274,0.09523809523809523,0.0007981110829859972,0.0380952380952381,0.0003187247784808278,0.0380952380952381,0.00029610609635710716,0.047619047619047616,0.00034638532088138163,0.0761904761904762,0.0012018592096865177,0.0380952380952381,0.0001907453261082992,0.09523809523809523,0.0007931256550364196,0.0,0.0,0.06666666666666667,0.0008179980213753879,0.06666666666666667,0.0019080248894169927,2
6PDB,2,0.96,8.722137260437012,6,4.025912621660397,0.0,0.0,0.0,94.15932859048465,2.290758812716263,115.81711340206184,10.391752577319588,0.1813737522500409,0.020618556701030927,0.00022350608196575195,0.041237113402061855,0.0003582403587643057,0.020618556701030927,0.0001606992445886135,0.041237113402061855,0.00017548368487041444,0.030927835051546393,0.0003019867290277034,0.010309278350515464,8.023085683817044e-05,0.05154639175257732,0.00031631809542886913,0.05154639175257732,0.0008065851288847625,0.030927835051546393,0.0001540059456601739,0.09278350515463918,0.0016508303815498948,0.12371134020618557,0.001451276009902358,0.061855670103092786,0.0003768430615309626,0.010309278350515464,0.00031653247424401343,0.061855670103092786,0.001179091981612146,0.07216494845360824,0.00039606672362424433,0.10309278350515463,0.000940765836276114,0.020618556701030927,0.00013352908717934042,0.010309278350515464,5.103894363855943e-05,0.08247422680412371,0.0011010237503796816,0.061855670103092786,0.0005587044288404286,2
2EHT,2,0.86,4.109027290344237,-14,3.634174843521294,0.0,0.0,0.0,93.746135986733,2.1511384719176925,111.90355263157888,8.75,0.09495449149188762,0.06578947368421052,0.0006938873557373881,0.013157894736842105,0.00013718735135626048,0.013157894736842105,0.00013114663306623697,0.07894736842105263,0.0006590238772332668,0.0,0.0,0.02631578947368421,0.0003139627515338361,0.21052631578947367,0.0015330496244132519,0.06578947368421052,0.00046406034380197525,0.0,0.0,0.10526315789473684,0.0016984421527013183,0.07894736842105263,0.0009551933617331088,0.09210526315789473,0.0007787126232869923,0.013157894736842105,0.00014419533545151353,0.039473684210526314,0.0005957440589554608,0.02631578947368421,0.00020316070003900677,0.02631578947368421,0.00014286418445408344,0.02631578947368421,0.00034325613523833454,0.0,0.0,0.013157894736842105,0.00014960086264181882,0.10526315789473684,0.001986946677789092,2
6RQU,2,0.97,5.725357627868653,-7,3.910234366937673,0.0,0.0,0.0,96.36644187216909,1.877508544921875,113.60074766355136,11.906542056074766,0.3574436244663214,0.07476635514018691,0.0010509411804378033,0.037383177570093455,0.00019388372311368585,0.037383177570093455,0.00019700177654158324,0.009345794392523364,4.220978371449746e-05,0.009345794392523364,4.7982586693251505e-05,0.07476635514018691,0.000446009129518643,0.037383177570093455,0.0004897944745607674,0.037383177570093455,0.00020646861230488867,0.056074766355140186,0.004632138181477785,0.037383177570093455,0.000746027915738523,0.18691588785046728,0.0016612098552286625,0.0,0.0,0.009345794392523364,4.3621370423352346e-05,0.06542056074766354,0.00047028594417497516,0.056074766355140186,0.00032654718961566687,0.06542056074766354,0.0004682837170548737,0.06542056074766354,0.0005047465674579144,0.018691588785046728,0.00019535873434506357,0.037383177570093455,0.0001812942064134404,0.08411214953271028,0.0011782314395532012,2
4U9B,2,0.92,5.6022443771362305,-8,3.939313660021739,0.0,0.0,0.0,91.3870588235294,3.0120363750750663,112.61923076923074,10.285714285714286,0.17771437963745657,0.054945054945054944,0.0009547701338306069,0.04395604395604396,0.00025019526947289705,0.03296703296703297,0.00022541303769685328,0.02197802197802198,0.0001266396720893681,0.03296703296703297,0.0008187522180378437,0.04395604395604396,0.00048345912364311516,0.03296703296703297,0.00033449812326580286,0.07692307692307693,0.0018076034029945731,0.06593406593406594,0.0003492350806482136,0.10989010989010989,0.0006684798281639814,0.12087912087912088,0.002118689939379692,0.02197802197802198,0.00026722808252088726,0.04395604395604396,0.0002243218186777085,0.0989010989010989,0.0012741372920572758,0.03296703296703297,0.0001871492131613195,0.054945054945054944,0.00028124399250373244,0.0,0.0,0.0,0.0,0.01098901098901099,7.414709398290142e-05,0.0989010989010989,0.0006871109362691641,2
6U4T,2,0.97,6.632678413391114,-2,4.036105028860734,0.0,0.0,0.0,97.220763956905,1.638014201577617,114.8696330275229,12.01834862385321,0.3412493872119896,0.045871559633027525,0.00032918815850280225,0.027522935779816515,0.0001557447831146419,0.027522935779816515,0.0001566092687426135,0.01834862385321101,8.66653208504431e-05,0.009174311926605505,4.66152596345637e-05,0.045871559633027525,0.00032744943746365607,0.03669724770642202,0.00044378815800882876,0.06422018348623854,0.0006096514407545328,0.05504587155963303,0.003279204946011305,0.045871559633027525,0.0003799246915150434,0.14678899082568808,0.0017504646675661206,0.027522935779816515,0.00012874681851826608,0.009174311926605505,3.644645767053589e-05,0.05504587155963303,0.0007716479012742639,0.07339449541284404,0.00042136156116612256,0.03669724770642202,0.00034467282239347696,0.05504587155963303,0.0004372608382254839,0.045871559633027525,0.000371303380234167,0.045871559633027525,0.0002176665875595063,0.12844036697247707,0.0010261012939736247,2
4ELC,2,0.95,6.684060859680176,-2,4.023291283200662,0.0,0.0,0.0,93.0011036975257,4.580718091150108,115.02672727272727,11.9,0.3289047850545177,0.03636363636363636,0.0007637208327651024,0.05454545454545454,0.00039163706242106855,0.01818181818181818,0.00010760306031443179,0.03636363636363636,0.0001644133881200105,0.00909090909090909,0.00021679833298549056,0.01818181818181818,0.00017945366562344134,0.06363636363636363,0.002487599616870284,0.07272727272727272,0.0004883352085016668,0.03636363636363636,0.0007473920122720301,0.13636363636363635,0.0013076968025416136,0.10909090909090909,0.0023706064093858004,0.02727272727272727,0.00017669022781774402,0.01818181818181818,8.15393213997595e-05,0.07272727272727272,0.0005591389490291476,0.03636363636363636,0.0002216418070020154,0.045454545454545456,0.0002740322961471975,0.09090909090909091,0.0006538029410876334,0.00909090909090909,5.39694337930996e-05,0.05454545454545454,0.0003667084383778274,0.05454545454545454,0.0004150161985307932,2
2BHB,2,0.98,5.24523868560791,-19,4.082619481713979,0.0,0.0,0.0,97.71126321806231,1.579877582644628,114.55156626506027,11.795180722891565,0.47462987804127643,0.060240963855421686,0.0007817476871423423,0.060240963855421686,0.00033498427364975214,0.024096385542168676,0.0001685237803030759,0.08433734939759036,0.002726527862250805,0.012048192771084338,0.00012508698273450136,0.012048192771084338,6.774112262064591e-05,0.07228915662650602,0.00045835706987418234,0.0963855421686747,0.0012469724752008915,0.04819277108433735,0.0009508503717370331,0.060240963855421686,0.00033106235787272453,0.08433734939759036,0.0013484831433743238,0.024096385542168676,0.00015074708790052682,0.024096385542168676,0.0001228147157235071,0.03614457831325301,0.00016122435044962913,0.012048192771084338,0.00011383285163901746,0.03614457831325301,0.0004956425400450826,0.060240963855421686,0.0003806032473221421,0.024096385542168676,0.00028082303470000625,0.07228915662650602,0.0007388947415165603,0.0963855421686747,0.007145390380173922,2
4B9P,2,0.93,4.708621788024902,-6,4.009717210583229,0.0,0.0,0.0,93.74915419161677,2.831768035999419,118.90398058252426,11.145631067961165,0.3329048408375901,0.019417475728155338,0.0001748210343066603,0.038834951456310676,0.0006751501932740211,0.05825242718446602,0.00032455514883622527,0.04854368932038835,0.00027875692467205226,0.009708737864077669,0.00010493669105926529,0.038834951456310676,0.0003036010020878166,0.06796116504854369,0.0005562538281083107,0.038834951456310676,0.00039002986159175634,0.009708737864077669,6.217262853169814e-05,0.14563106796116504,0.0017941201804205775,0.05825242718446602,0.0004062691004946828,0.04854368932038835,0.0003987636009696871,0.009708737864077669,4.248234836268239e-05,0.02912621359223301,0.00021319850930012763,0.019417475728155338,0.0003106705844402313,0.07766990291262135,0.0006172994617372751,0.06796116504854369,0.000543119793292135,0.02912621359223301,0.00018756286590360105,0.10679611650485436,0.0014226401690393686,0.07766990291262135,0.0007860299665480852,2
2F94,2,0.94,5.121216011047363,-10,3.9922644887583476,0.0,0.0,0.0,93.06488873189686,2.9844261224489794,114.66938144329892,10.958762886597938,0.1783514852925488,0.08247422680412371,0.0006026702467352152,0.041237113402061855,0.00035297073191031814,0.020618556701030927,0.00018513032409828156,0.07216494845360824,0.0004129622539039701,0.010309278350515464,6.114484858699143e-05,0.061855670103092786,0.0006322720437310636,0.05154639175257732,0.0003746117290575057,0.061855670103092786,0.0005022999248467386,0.0,0.0,0.07216494845360824,0.00038822213537059724,0.12371134020618557,0.000868365925271064,0.08247422680412371,0.0005617196438834071,0.010309278350515464,7.455833110725507e-05,0.07216494845360824,0.000762420822866261,0.010309278350515464,9.362919809063897e-05,0.05154639175257732,0.0008332518627867103,0.05154639175257732,0.000627682835329324,0.010309278350515464,5.7350607676198706e-05,0.061855670103092786,0.0006362682324834168,0.05154639175257732,0.0003788748581428081,2
7HX1,2,0.9,5.5792245864868155,-5,3.9487950543276384,0.0,0.0,0.0,92.43063677130046,3.326957947530864,108.75205882352935,10.480392156862745,0.1953080577413379,0.049019607843137254,0.0008131469367071986,0.058823529411764705,0.0005511281779035926,0.00980392156862745,0.00024249688431154937,0.08823529411764706,0.0008103596046566963,0.058823529411764705,0.0003820345737040043,0.0196078431372549,0.00010489804117241874,0.0196078431372549,0.00010233996727038175,0.09803921568627451,0.0015319710364565253,0.0392156862745098,0.0002522880968172103,0.049019607843137254,0.002480920869857073,0.10784313725490197,0.0010057379258796573,0.00980392156862745,4.801830436917953e-05,0.00980392156862745,9.367095481138676e-05,0.0196078431372549,0.00032448957790620625,0.0196078431372549,0.00010869701509363949,0.10784313725490197,0.0007892426219768822,0.0392156862745098,0.00023925707500893623,0.0196078431372549,9.127427620114759e-05,0.049019607843137254,0.0003353202482685447,0.12745098039215685,0.0016897076275199652,2
3TT4,2,0.95,4.638482475280762,-12,4.008258869844641,0.0,0.0,0.0,95.28183559457302,2.117542818717614,114.40588235294119,10.362745098039216,0.17841838722243863,0.13725490196078433,0.0027712529990822077,0.049019607843137254,0.00026594713563099504,0.049019607843137254,0.0003038103459402919,0.049019607843137254,0.00039441941771656275,0.0,0.0,0.00980392156862745,7.792307587806135e-05,0.049019607843137254,0.001296869246289134,0.058823529411764705,0.0005722304922528565,0.049019607843137254,0.0009179340559057891,0.08823529411764706,0.0007365077035501599,0.09803921568627451,0.0008718021563254297,0.0196078431372549,0.00013687256432604045,0.00980392156862745,9.083450277103111e-05,0.0784313725490196,0.0016999231884256005,0.029411764705882353,0.00016167644935194403,0.049019607843137254,0.0003925114870071411,0.049019607843137254,0.0002309160481672734,0.029411764705882353,0.0001891402789624408,0.06862745098039216,0.0003907335631083697,0.029411764705882353,0.00036581919994205236,2
1PE7,2,0.98,4.956610298156736,-12,3.984098158921923,0.0,0.0,0.0,98.00211759868421,1.4326369972760775,112.77785714285712,11.5625,0.16134169884169886,0.08928571428571429,0.0015022215666249394,0.03571428571428571,0.0001725377660477534,0.05357142857142857,0.00030577482539229095,0.07142857142857142,0.0009264485561288893,0.0,0.0,0.0,0.0,0.05357142857142857,0.0007437523454427719,0.09821428571428571,0.0014327336102724075,0.044642857142857144,0.004629805218428373,0.0625,0.0007094484171830118,0.0625,0.0006114729912951589,0.026785714285714284,0.0001158328159363009,0.017857142857142856,0.00012555377907119691,0.03571428571428571,0.0005088019534014165,0.017857142857142856,8.621539018349722e-05,0.07142857142857142,0.000796215666923672,0.044642857142857144,0.000754870823584497,0.017857142857142856,0.00014473086048383266,0.11607142857142858,0.0007079709903337061,0.08035714285714286,0.0010991187300533056,2
4P4E,2,0.97,6.366956138610839,-5,3.9638562147720786,0.0,0.0,0.0,95.99220583007465,2.6969996939075602,109.59245283018869,12.31132075471698,0.5961830405551941,0.07547169811320754,0.0005257307784631848,0.07547169811320754,0.00045468774624168873,0.0660377358490566,0.0013095546746626496,0.05660377358490566,0.0005776347243227065,0.009433962264150943,6.92960384185426e-05,0.018867924528301886,0.00010627884330460802,0.04716981132075472,0.0004580058157444,0.1509433962264151,0.002025551162660122,0.02830188679245283,0.0001646881428314373,0.05660377358490566,0.0002841687819454819,0.05660377358490566,0.00045706145465373993,0.02830188679245283,0.0002722185163293034,0.0,0.0,0.05660377358490566,0.0004964888212271035,0.018867924528301886,0.00017173205560538918,0.11320754716981132,0.0011727554956451058,0.02830188679245283,0.0001475525350542739,0.018867924528301886,8.79801664268598e-05,0.0660377358490566,0.0005740741034969687,0.02830188679245283,0.00020791955466847867,2
7Y70,2,0.89,4.963658332824706,-4,3.866145296589086,0.0,0.0,0.0,91.95865961199294,3.6076235452858834,106.01728571428572,9.928571428571429,0.23997944501541624,0.04285714285714286,0.000994018162600696,0.02857142857142857,0.00035358546301722527,0.05714285714285714,0.00043450697558000684,0.1,0.0013174971099942923,0.14285714285714285,0.00388416089117527,0.014285714285714285,0.00015227985568344593,0.02857142857142857,0.0003105165669694543,0.17142857142857143,0.001470510964281857,0.04285714285714286,0.0003638436901383102,0.05714285714285714,0.003510903799906373,0.0,0.0,0.02857142857142857,0.00025908707175403833,0.0,0.0,0.02857142857142857,0.000660422258079052,0.04285714285714286,0.0004140225355513394,0.04285714285714286,0.00038122996920719743,0.05714285714285714,0.0004011382407043129,0.02857142857142857,0.00037175064790062606,0.04285714285714286,0.0004950788570567966,0.04285714285714286,0.0005198607686907053,2
6TWA,2,0.75,6.0291051864624015,-10,3.911917488594177,0.0,0.0,0.0,91.58138468922486,10.47011525524337,105.20087378640775,12.54368932038835,0.5275631969701524,0.05825242718446602,0.0004290031793061644,0.02912621359223301,0.0002826694690156728,0.05825242718446602,0.0005594679387286305,0.05825242718446602,0.0006991153350099921,0.009708737864077669,5.135424362379126e-05,0.04854368932038835,0.00040030901436693966,0.04854368932038835,0.0002789402788039297,0.17475728155339806,0.0015082855243235826,0.038834951456310676,0.0006901833112351596,0.019417475728155338,0.00013751385267823935,0.05825242718446602,0.0003489569353405386,0.019417475728155338,9.178090112982318e-05,0.0,0.0,0.08737864077669903,0.0005757769104093313,0.038834951456310676,0.00021551756071858108,0.11650485436893204,0.0009267037967219949,0.06796116504854369,0.00045794527977705,0.009708737864077669,3.8509326259372756e-05,0.02912621359223301,0.00023849084391258657,0.02912621359223301,0.00023467229038942605,2
1TBF,2,0.94,6.098164558410643,-8,3.9703740629020494,0.0,0.0,0.0,90.29501607717042,5.233098024234069,111.35644859813078,11.439252336448599,0.21278480239447803,0.14953271028037382,0.002075501950457692,0.018691588785046728,0.00018749581067822874,0.037383177570093455,0.00041582671110518277,0.056074766355140186,0.0009031264926306903,0.04672897196261682,0.0003874276007991284,0.037383177570093455,0.0002302300272276625,0.018691588785046728,0.00012420793063938618,0.009345794392523364,5.572106965701096e-05,0.06542056074766354,0.0011547162430360913,0.08411214953271028,0.0005311596905812621,0.14018691588785046,0.0011776969768106937,0.04672897196261682,0.00024845259031280875,0.037383177570093455,0.00030785540002398193,0.04672897196261682,0.0003902536700479686,0.009345794392523364,5.135183164384216e-05,0.056074766355140186,0.0004718305717688054,0.056074766355140186,0.00079273123992607,0.009345794392523364,0.00014323965297080576,0.028037383177570093,0.00022643074044026434,0.04672897196261682,0.0002607238420750946,2
6W12,2,0.86,4.876751518249511,-10,4.184193742510773,0.0,0.0,0.0,89.33181297709925,4.8131001742683726,117.42232323232315,10.222222222222221,0.2397193276639917,0.0707070707070707,0.0006893402896821499,0.030303030303030304,0.00018333541811443865,0.04040404040404041,0.000302421220112592,0.08080808080808081,0.0005249531241133809,0.050505050505050504,0.0004991856985725462,0.06060606060606061,0.00039747447590343654,0.06060606060606061,0.00045320819481275976,0.08080808080808081,0.0010829218663275242,0.050505050505050504,0.000699833792168647,0.010101010101010102,0.00016460851475130767,0.030303030303030304,0.0007280810968950391,0.04040404040404041,0.00024291816225741059,0.020202020202020204,0.06888952851295471,0.04040404040404041,0.00040578568587079644,0.04040404040404041,0.0002232219121651724,0.0707070707070707,0.00047458038898184896,0.020202020202020204,0.00027899781707674265,0.08080808080808081,0.001431092037819326,0.06060606060606061,0.00044638922554440796,0.06060606060606061,0.0011635867413133383,2
3V3H,2,0.96,6.8981733322143555,-1,4.027228474150567,0.0,0.0,0.0,96.32082085948817,2.0683224852071,115.37541284403666,12.055045871559633,0.3470598913605072,0.045871559633027525,0.00037537625757977366,0.027522935779816515,0.00015561759937554598,0.027522935779816515,0.0002117499097948894,0.01834862385321101,8.749774133320898e-05,0.009174311926605505,4.742369492305443e-05,0.03669724770642202,0.0002311569987796247,0.045871559633027525,0.0004927096306346357,0.06422018348623854,0.0005801002844236791,0.05504587155963303,0.0027105631306767464,0.05504587155963303,0.0004279065178707242,0.14678899082568808,0.0016610928578302264,0.027522935779816515,0.0001260541466763243,0.009174311926605505,3.7070167309138924e-05,0.07339449541284404,0.0008504036231897771,0.08256880733944955,0.00045679681352339685,0.027522935779816515,0.00025908209499903023,0.045871559633027525,0.00038924094405956566,0.045871559633027525,0.0003711084427777678,0.03669724770642202,0.00017736256995704025,0.11926605504587157,0.0009686308912932873,2
5FNM,2,0.97,6.867537117004395,-1,4.0572536219218325,0.0,0.0,0.0,96.59290882778583,1.996800295857988,115.70138888888884,12.064814814814815,0.3455060970410165,0.046296296296296294,0.0003782859130296856,0.027777777777777776,0.00015789770986884832,0.037037037037037035,0.0002608949725981802,0.018518518518518517,8.821472147246823e-05,0.009259259259259259,4.764552795677446e-05,0.037037037037037035,0.00023406864784192294,0.046296296296296294,0.0004953353200107813,0.06481481481481481,0.0005822222447022796,0.05555555555555555,0.00272275204770267,0.05555555555555555,0.00043033252586610615,0.1388888888888889,0.0016244943253695965,0.027777777777777776,0.0001265872997464612,0.009259259259259259,3.7772508221678436e-05,0.06481481481481481,0.0008214794215746224,0.07407407407407407,0.0004242580325808376,0.027777777777777776,0.0002601710439193994,0.046296296296296294,0.0003933127736672759,0.046296296296296294,0.00037468678783625364,0.046296296296296294,0.00021671644935850054,0.12037037037037036,0.0009797306265681982,2
8QQA,2,0.97,6.867537117004395,-1,4.0572536219218325,0.0,0.0,0.0,96.59290882778583,1.996800295857988,115.70138888888884,12.064814814814815,0.3455060970410165,0.046296296296296294,0.0003782859130296856,0.027777777777777776,0.00015789770986884832,0.037037037037037035,0.0002608949725981802,0.018518518518518517,8.821472147246823e-05,0.009259259259259259,4.764552795677446e-05,0.037037037037037035,0.00023406864784192294,0.046296296296296294,0.0004953353200107813,0.06481481481481481,0.0005822222447022796,0.05555555555555555,0.00272275204770267,0.05555555555555555,0.00043033252586610615,0.1388888888888889,0.0016244943253695965,0.027777777777777776,0.0001265872997464612,0.009259259259259259,3.7772508221678436e-05,0.06481481481481481,0.0008214794215746224,0.07407407407407407,0.0004242580325808376,0.027777777777777776,0.0002601710439193994,0.046296296296296294,0.0003933127736672759,0.046296296296296294,0.00037468678783625364,0.046296296296296294,0.00021671644935850054,0.12037037037037036,0.0009797306265681982,2
7TW9,2,0.73,6.623015785217285,-2,4.122069446321959,0.0,0.0,0.0,85.95540432345877,10.72132466145097,114.21466666666664,9.933333333333334,0.3335123042505593,0.09333333333333334,0.0007264495361596346,0.02666666666666667,0.0004548927245195955,0.09333333333333334,0.0012329285964369774,0.05333333333333334,0.0002894721401389688,0.05333333333333334,0.0009274291805922985,0.013333333333333334,0.00018919946160167456,0.013333333333333334,0.00011686144716804847,0.02666666666666667,0.00022144672402646393,0.04,0.0002674949646461755,0.06666666666666667,0.0005144478054717183,0.06666666666666667,0.0004485646786633879,0.06666666666666667,0.00046392480726353824,0.04,0.0003283536934759468,0.06666666666666667,0.0006790411425754428,0.02666666666666667,0.00013356402632780373,0.05333333333333334,0.00031020556343719363,0.02666666666666667,0.000162730531883426,0.02666666666666667,0.00036488668411038816,0.04,0.0002559870481491089,0.10666666666666667,0.0006757219671271741,2
8OGF,2,0.97,6.867537117004395,-1,4.0572536219218325,0.0,0.0,0.0,96.59290882778583,1.996800295857988,115.70138888888884,12.064814814814815,0.3455060970410165,0.046296296296296294,0.0003782859130296856,0.027777777777777776,0.00015789770986884832,0.037037037037037035,0.0002608949725981802,0.018518518518518517,8.821472147246823e-05,0.009259259259259259,4.764552795677446e-05,0.037037037037037035,0.00023406864784192294,0.046296296296296294,0.0004953353200107813,0.06481481481481481,0.0005822222447022796,0.05555555555555555,0.00272275204770267,0.05555555555555555,0.00043033252586610615,0.1388888888888889,0.0016244943253695965,0.027777777777777776,0.0001265872997464612,0.009259259259259259,3.7772508221678436e-05,0.06481481481481481,0.0008214794215746224,0.07407407407407407,0.0004242580325808376,0.027777777777777776,0.0002601710439193994,0.046296296296296294,0.0003933127736672759,0.046296296296296294,0.00037468678783625364,0.046296296296296294,0.00021671644935850054,0.12037037037037036,0.0009797306265681982,2
7H2Y,2,0.88,5.389041328430175,-6,3.972935572911301,0.0,0.0,0.0,90.45420916162489,4.223697777777778,107.13082568807333,10.192660550458715,0.18229712879544835,0.045871559633027525,0.0007080595823936164,0.05504587155963303,0.0005076254601590335,0.009174311926605505,0.000217406137380749,0.08256880733944955,0.0007258339319378138,0.05504587155963303,0.00037007348146289587,0.027522935779816515,0.00014529253530781716,0.027522935779816515,0.00013159647642169148,0.12844036697247707,0.00169673643540591,0.03669724770642202,0.00022982725931797177,0.045871559633027525,0.0030466951429843903,0.10091743119266056,0.000919204787351191,0.009174311926605505,4.267032636562362e-05,0.009174311926605505,8.366419933736324e-05,0.01834862385321101,0.00029380896012298763,0.027522935779816515,0.00013647416199091822,0.10091743119266056,0.0007044048979878426,0.045871559633027525,0.000259984313743189,0.01834862385321101,8.31864817882888e-05,0.045871559633027525,0.0003318918461445719,0.11009174311926606,0.001570582389831543,2
2XB4,2,0.89,5.857962989807128,-3,3.8509766370853713,0.0,0.0,0.0,92.23836817653891,3.249564640350701,111.71120481927714,11.25301204819277,0.4203709914604886,0.07228915662650602,0.0003986039664596319,0.060240963855421686,0.00034166141995228827,0.04819277108433735,0.00041908392449840903,0.024096385542168676,0.001077650929801166,0.0,0.0,0.024096385542168676,0.00018327058933209628,0.03614457831325301,0.00046201233635656536,0.12048192771084337,0.002206304809078574,0.024096385542168676,0.00019976554904133081,0.14457831325301204,0.001230199821293354,0.14457831325301204,0.001091840211302042,0.04819277108433735,0.0006287862779572606,0.0,0.0,0.04819277108433735,0.0006595946033485234,0.024096385542168676,0.00030900456476956606,0.024096385542168676,0.00034260007669217885,0.04819277108433735,0.0003303155244793743,0.012048192771084338,7.458175241481513e-05,0.060240963855421686,0.0002980423450935632,0.03614457831325301,0.0002236474392702803,2
1S0U,2,0.89,7.727738380432128,1,3.820143615741615,0.0,0.0,0.0,86.83518745959923,4.7923875432525955,103.22673076923071,12.375,0.43805660151813997,0.09615384615384616,0.0015374235808849335,0.038461538461538464,0.00024595914874225855,0.019230769230769232,0.00022355603869073093,0.057692307692307696,0.00045293118455447257,0.0,0.0,0.009615384615384616,3.853636735584587e-05,0.038461538461538464,0.0001771267707226798,0.1346153846153846,0.003453298471868038,0.028846153846153848,0.00015277537750080228,0.11538461538461539,0.000780251226387918,0.10576923076923077,0.0013836766593158245,0.019230769230769232,9.973033593269065e-05,0.057692307692307696,0.000892859767191112,0.009615384615384616,0.00011789458221755922,0.019230769230769232,0.00014839140931144357,0.0673076923076923,0.0010407642694190145,0.08653846153846154,0.0006343743880279362,0.0,0.0,0.019230769230769232,0.00020153916557319462,0.07692307692307693,0.0007320114527828991,2
6JEB,2,0.96,8.414236259460452,4,4.0881241295482615,0.0,0.0,0.0,93.55304209690229,2.95614768072522,116.03516949152544,11.940677966101696,0.413810732458409,0.11016949152542373,0.0009468389907851815,0.06779661016949153,0.000582610082346946,0.00847457627118644,9.295733616454527e-05,0.06779661016949153,0.0004235570377204567,0.03389830508474576,0.0002189978986280039,0.00847457627118644,5.7555967941880226e-05,0.03389830508474576,0.00018965329218190163,0.059322033898305086,0.0007288555498234928,0.0423728813559322,0.0010555522749200463,0.06779661016949153,0.0005159347201697528,0.11016949152542373,0.0019620321691036224,0.025423728813559324,0.0001246654719579965,0.03389830508474576,0.001435466343536973,0.05084745762711865,0.00032044973340816796,0.059322033898305086,0.0005982817965559661,0.025423728813559324,0.00015085730410646647,0.01694915254237288,8.521811832906678e-05,0.0423728813559322,0.000331070797983557,0.06779661016949153,0.00040971499402076006,0.06779661016949153,0.0007822518819011748,2
6CPA,2,0.98,7.267115211486817,0,4.001047180534917,0.0,0.0,0.0,97.79197373820271,1.5870746639221638,117.55663636363634,12.5,0.34444297520661155,0.05454545454545454,0.00035241065779700875,0.03636363636363636,0.0001830127148423344,0.02727272727272727,0.0002036029181908816,0.03636363636363636,0.0015051305526867509,0.0,0.0,0.02727272727272727,0.0002024126733886078,0.045454545454545456,0.00045870678150095046,0.05454545454545454,0.0005570478970184922,0.01818181818181818,0.00030943445744924247,0.14545454545454545,0.002102289581671357,0.09090909090909091,0.0017674402333796024,0.03636363636363636,0.00016523749218322337,0.00909090909090909,4.3508203816600144e-05,0.1,0.0007651252672076225,0.01818181818181818,9.251641313312575e-05,0.07272727272727272,0.0013416982255876064,0.06363636363636363,0.0007204823195934296,0.05454545454545454,0.00040122316568158567,0.045454545454545456,0.00024758331710472703,0.06363636363636363,0.0004951573791913688,2
4R2J,2,0.89,5.580304527282714,-16,3.9506632876384224,0.0,0.0,0.0,85.97821646341463,7.377817093338013,111.69504587155957,11.311926605504587,0.31612312774838724,0.08256880733944955,0.000492800900246948,0.027522935779816515,0.00018487105262465775,0.027522935779816515,0.0001230637135449797,0.05504587155963303,0.0004111359012313187,0.01834862385321101,0.00016664437134750187,0.027522935779816515,0.00012000954302493483,0.027522935779816515,0.0001715828402666375,0.03669724770642202,0.00028042777557857335,0.03669724770642202,0.0001870496926130727,0.06422018348623854,0.0006744901766069233,0.1559633027522936,0.0030974210239946842,0.06422018348623854,0.0004935465985909104,0.03669724770642202,0.00040730403270572424,0.01834862385321101,9.80341574177146e-05,0.05504587155963303,0.0006425793981179595,0.009174311926605505,0.0001305253099417314,0.05504587155963303,0.0003504230116959661,0.027522935779816515,0.000703140627592802,0.01834862385321101,0.00010713651136029512,0.1559633027522936,0.0032098658848553896,2
9G38,2,0.96,6.867537117004395,-1,4.070235065389429,0.0,0.0,0.0,96.388345323741,2.197261231862945,115.83747663551398,12.0,0.35128249919934784,0.04672897196261682,0.00038184478762559593,0.028037383177570093,0.000159551011165604,0.037383177570093455,0.00026931194588541985,0.018691588785046728,8.92401731107384e-05,0.009345794392523364,4.8483198042958975e-05,0.037383177570093455,0.0002372799935983494,0.04672897196261682,0.0004895997699350119,0.06542056074766354,0.0005660610040649772,0.056074766355140186,0.0024405475705862045,0.056074766355140186,0.0004208905447740108,0.14018691588785046,0.0015829363837838173,0.028037383177570093,0.0001250579225597903,0.009345794392523364,3.879871292156167e-05,0.06542056074766354,0.0008300982881337404,0.08411214953271028,0.00046349872718565166,0.028037383177570093,0.0002623230975586921,0.04672897196261682,0.0004030881682410836,0.04672897196261682,0.00037737665115855634,0.04672897196261682,0.00021612175623886287,0.102803738317757,0.0009045090992003679,2
6OIQ,2,0.96,8.721428108215331,6,4.025912621660397,0.0,0.0,0.0,94.00799028268551,2.4860081310630764,115.81711340206182,10.360824742268042,0.1823049699953839,0.020618556701030927,0.00022151926532387733,0.041237113402061855,0.00035333368577994406,0.020618556701030927,0.00015875491953920573,0.041237113402061855,0.00017437999485991895,0.030927835051546393,0.00030745816184207797,0.010309278350515464,7.743442984065041e-05,0.05154639175257732,0.0003133754071313888,0.05154639175257732,0.0008012342150323093,0.030927835051546393,0.00015416223322972655,0.09278350515463918,0.0016796078998595476,0.12371134020618557,0.0014408094575628638,0.061855670103092786,0.0003737455408554524,0.010309278350515464,0.00033828726736828685,0.061855670103092786,0.001204739324748516,0.07216494845360824,0.0003970376856159419,0.10309278350515463,0.0009372709901072085,0.020618556701030927,0.00013362245226744562,0.010309278350515464,5.10939207742922e-05,0.08247422680412371,0.001108327996917069,0.061855670103092786,0.0005554306553676724,2
2HJN,2,0.85,5.468786430358887,-8,4.103012967902696,0.0,0.0,0.0,78.24539098912481,10.226165254237289,120.21352941176472,9.911764705882353,0.17505478947266345,0.049019607843137254,0.0006451245862990618,0.0784313725490196,0.00119163712952286,0.029411764705882353,0.00024869031039997935,0.0196078431372549,0.0001392025442328304,0.06862745098039216,0.00043699087109416723,0.049019607843137254,0.00028423292678780854,0.029411764705882353,0.00015237512707244605,0.0196078431372549,0.00013240915723145008,0.049019607843137254,0.0004438111209310591,0.0784313725490196,0.0007267460459843278,0.13725490196078433,0.0014781057834625244,0.00980392156862745,4.348498987383209e-05,0.0392156862745098,0.00025305550661869347,0.06862745098039216,0.001922150608152151,0.049019607843137254,0.0002978028787765652,0.029411764705882353,0.00018765080312732607,0.049019607843137254,0.00024185846268665045,0.0196078431372549,8.71147058205679e-05,0.06862745098039216,0.0018473862437531352,0.058823529411764705,0.001127502298913896,2
5ONY,2,0.99,6.7740369796752935,-2,4.022823866464333,0.0,0.0,0.0,97.2883794312427,1.7110536867899309,106.56681415929201,12.769911504424778,0.316725847699299,0.09734513274336283,0.0008116419776342809,0.035398230088495575,0.00019786266784649342,0.04424778761061947,0.00035587861202657223,0.02654867256637168,0.00014718776219524443,0.008849557522123894,4.3118085159221664e-05,0.017699115044247787,0.0002798415662255138,0.017699115044247787,0.0002727497776504606,0.13274336283185842,0.0022990477737039328,0.061946902654867256,0.0006745932623744011,0.04424778761061947,0.0010104443645104766,0.09734513274336283,0.0006518602021969855,0.017699115044247787,8.962990978034213e-05,0.04424778761061947,0.00036304345121607184,0.05309734513274336,0.0004860766639467329,0.04424778761061947,0.0007578381919302046,0.04424778761061947,0.0009833875810727477,0.061946902654867256,0.0010330063523724675,0.017699115044247787,8.155044633895159e-05,0.02654867256637168,0.00025801194715313613,0.10619469026548672,0.0006985363434068859,2
3P58,2,0.97,6.867537117004395,-1,4.0572536219218325,0.0,0.0,0.0,96.59290882778583,1.996800295857988,115.70138888888884,12.064814814814815,0.3455060970410165,0.046296296296296294,0.0003782859130296856,0.027777777777777776,0.00015789770986884832,0.037037037037037035,0.0002608949725981802,0.018518518518518517,8.821472147246823e-05,0.009259259259259259,4.764552795677446e-05,0.037037037037037035,0.00023406864784192294,0.046296296296296294,0.0004953353200107813,0.06481481481481481,0.0005822222447022796,0.05555555555555555,0.00272275204770267,0.05555555555555555,0.00043033252586610615,0.1388888888888889,0.0016244943253695965,0.027777777777777776,0.0001265872997464612,0.009259259259259259,3.7772508221678436e-05,0.06481481481481481,0.0008214794215746224,0.07407407407407407,0.0004242580325808376,0.027777777777777776,0.0002601710439193994,0.046296296296296294,0.0003933127736672759,0.046296296296296294,0.00037468678783625364,0.046296296296296294,0.00021671644935850054,0.12037037037037036,0.0009797306265681982,2
2IMR,2,0.92,5.936457633972168,-10,3.86810328928096,0.0,0.0,0.0,88.62183255813954,6.657141156462584,103.19377358490561,12.584905660377359,0.5060960085994739,0.11320754716981132,0.0013574982294812799,0.05660377358490566,0.0003876742266584188,0.02830188679245283,0.0023423652164638042,0.03773584905660377,0.0004253267834428698,0.009433962264150943,0.0001532439491711557,0.02830188679245283,0.00017446059791836888,0.03773584905660377,0.00033998300204984844,0.12264150943396226,0.002075595548376441,0.04716981132075472,0.0006447496707551181,0.018867924528301886,0.00011672880646074191,0.10377358490566038,0.0011084339348599315,0.009433962264150943,6.233894964680076e-05,0.018867924528301886,8.851356687955558e-05,0.018867924528301886,9.101872274186462e-05,0.03773584905660377,0.00036028248723596334,0.05660377358490566,0.00039355282206088305,0.09433962264150944,0.0012876865221187472,0.009433962264150943,4.1052484448300675e-05,0.009433962264150943,5.05717471241951e-05,0.14150943396226415,0.0017663160106167197,2
5NXV,2,0.97,6.940006828308105,-1,4.045788910722165,0.0,0.0,0.0,97.22850412821758,1.8773210744546605,115.67807339449539,11.935779816513762,0.3414381315713389,0.045871559633027525,0.00037575402529910207,0.027522935779816515,0.00015591077681165189,0.03669724770642202,0.0002542587462812662,0.01834862385321101,8.76534977578558e-05,0.009174311926605505,4.724453901872039e-05,0.03669724770642202,0.00023195773246698081,0.045871559633027525,0.0004948654677718878,0.06422018348623854,0.0005977232940495014,0.05504587155963303,0.003046277677640319,0.05504587155963303,0.0004388146917335689,0.14678899082568808,0.0017073570052161813,0.027522935779816515,0.00012756252544932067,0.009174311926605505,3.694021870614961e-05,0.06422018348623854,0.0008226764039136469,0.07339449541284404,0.0004213842621538788,0.027522935779816515,0.0002560099237598479,0.045871559633027525,0.00038353781565092504,0.045871559633027525,0.0003706722054630518,0.045871559633027525,0.00021593568089883775,0.11926605504587157,0.0009817129466682673,2
3BKQ,2,0.96,5.170722770690916,-12,4.053411923993363,0.0,0.0,0.0,96.12511884550086,2.4040873447186866,109.92647619047617,12.485714285714286,0.3525189786059351,0.05714285714285714,0.0003328323073219508,0.02857142857142857,0.0004024270747322589,0.0380952380952381,0.00018618513422552496,0.09523809523809523,0.001212544273585081,0.01904761904761905,8.64261164679192e-05,0.0,0.0,0.01904761904761905,0.0002137542178388685,0.11428571428571428,0.0012604432413354516,0.0380952380952381,0.0011373215820640326,0.047619047619047616,0.00032031486625783145,0.0761904761904762,0.0004090419097337872,0.0761904761904762,0.0004717561532743275,0.02857142857142857,0.00021552156249526888,0.06666666666666667,0.0005176394479349256,0.047619047619047616,0.00036427221493795514,0.047619047619047616,0.0005975835374556482,0.05714285714285714,0.0004189521132502705,0.009523809523809525,4.688899571192451e-05,0.047619047619047616,0.0003005386679433286,0.08571428571428572,0.000596236321143806,2
5FLO,2,0.97,6.867537117004395,-1,4.0572536219218325,0.0,0.0,0.0,96.59290882778583,1.996800295857988,115.70138888888884,12.064814814814815,0.3455060970410165,0.046296296296296294,0.0003782859130296856,0.027777777777777776,0.00015789770986884832,0.037037037037037035,0.0002608949725981802,0.018518518518518517,8.821472147246823e-05,0.009259259259259259,4.764552795677446e-05,0.037037037037037035,0.00023406864784192294,0.046296296296296294,0.0004953353200107813,0.06481481481481481,0.0005822222447022796,0.05555555555555555,0.00272275204770267,0.05555555555555555,0.00043033252586610615,0.1388888888888889,0.0016244943253695965,0.027777777777777776,0.0001265872997464612,0.009259259259259259,3.7772508221678436e-05,0.06481481481481481,0.0008214794215746224,0.07407407407407407,0.0004242580325808376,0.027777777777777776,0.0002601710439193994,0.046296296296296294,0.0003933127736672759,0.046296296296296294,0.00037468678783625364,0.046296296296296294,0.00021671644935850054,0.12037037037037036,0.0009797306265681982,2
2EJC,2,0.97,6.05877513885498,-4,4.07050486857655,0.0,0.0,0.0,97.29330000000002,1.4258813775510204,113.46115384615383,10.788461538461538,0.233305909776498,0.07692307692307693,0.0005621701711788774,0.09615384615384616,0.0005342049989849329,0.028846153846153848,0.00017347537504974753,0.028846153846153848,0.0008405996486544609,0.028846153846153848,0.00023395844618789852,0.038461538461538464,0.0006952318944968283,0.038461538461538464,0.00022646485012955964,0.057692307692307696,0.0006359996041283011,0.038461538461538464,0.0002667489752639085,0.057692307692307696,0.00039645202923566103,0.09615384615384616,0.0005742991925217211,0.009615384615384616,0.000265611510258168,0.038461538461538464,0.00028151352307759225,0.0673076923076923,0.0007291421061381698,0.038461538461538464,0.0002684254723135382,0.057692307692307696,0.0003830976493190974,0.04807692307692308,0.00030928527121432126,0.0,0.0,0.038461538461538464,0.000234833438298665,0.11538461538461539,0.000744583667255938,2
6DCH,2,0.94,5.402398490905762,-14,4.074116997536891,0.0,0.0,0.0,89.90626010003848,5.680398208438406,118.2592523364486,11.467289719626168,0.6327795931113802,0.037383177570093455,0.00043611350702121854,0.056074766355140186,0.0005118450499139726,0.009345794392523364,0.0002286759699927643,0.056074766355140186,0.0006669547874480486,0.0,0.0,0.037383177570093455,0.00022446636285167187,0.037383177570093455,0.00018809801258612424,0.07476635514018691,0.0005190852098166943,0.04672897196261682,0.00047957876813597977,0.09345794392523364,0.0008799258503131568,0.09345794392523364,0.0007700894493609667,0.04672897196261682,0.0002686090883798897,0.018691588785046728,9.498577855993062e-05,0.07476635514018691,0.0005327662802301347,0.037383177570093455,0.0002267217932967469,0.056074766355140186,0.0003605380770750344,0.037383177570093455,0.000770193466451019,0.018691588785046728,0.00026267755310982466,0.09345794392523364,0.0006552242557518184,0.07476635514018691,0.0005871166358701885,2
5PI7,2,0.93,7.689826774597169,1,4.070141040728363,0.0,0.0,0.0,89.98713466081674,5.713075866441253,115.92530000000002,11.42,0.5185814360770578,0.12,0.0008524737786501646,0.05,0.0002495850494597107,0.05,0.0005042632110416889,0.03,0.00034064159262925386,0.0,0.0,0.01,5.193930701352656e-05,0.05,0.0006039912113919854,0.05,0.00048680618056096137,0.04,0.00046470254892483354,0.08,0.000661759520880878,0.08,0.0006301299436017871,0.03,0.00018859114788938314,0.04,0.000300761079415679,0.06,0.0005840403609909117,0.04,0.00035320804454386234,0.02,0.0006967585068196058,0.09,0.001096451422199607,0.03,0.00023969542235136032,0.08,0.000922576931770891,0.05,0.00046207092236727476,2
7G3I,2,0.95,7.231136131286622,-1,4.017529135846423,0.0,0.0,0.0,91.04251096811934,6.1107447646832,114.1405504587156,12.01834862385321,0.7941522515582323,0.045871559633027525,0.0002572455268818885,0.045871559633027525,0.0006043172325007617,0.07339449541284404,0.0008167403284460306,0.03669724770642202,0.00028701595147140324,0.0,0.0,0.009174311926605505,7.948077109176666e-05,0.045871559633027525,0.0005891433684155345,0.07339449541284404,0.000490486272610724,0.07339449541284404,0.0005111309583298862,0.03669724770642202,0.00036049040500074625,0.11926605504587157,0.0009128062520176172,0.03669724770642202,0.0003183793742209673,0.027522935779816515,0.0002155290130758658,0.045871559633027525,0.000310904229991138,0.06422018348623854,0.0007611916516907513,0.03669724770642202,0.00018703978275880218,0.09174311926605505,0.0007131688762456179,0.0,0.0,0.07339449541284404,0.0007748572388663888,0.06422018348623854,0.0009028855129145086,2
4ZX4,2,0.97,5.918382835388183,-12,3.929369346567454,0.0,0.0,0.0,95.47080552516412,2.842035222825401,116.18888888888888,11.5,0.36570048309178743,0.03333333333333333,0.000206361772143282,0.05555555555555555,0.0003305287682451308,0.06666666666666667,0.00038607645547017455,0.03333333333333333,0.00034221020177938044,0.0,0.0,0.022222222222222223,0.00017818684864323586,0.1,0.0006276878411881626,0.044444444444444446,0.00042716911411844194,0.044444444444444446,0.00034927233355119824,0.022222222222222223,0.0001257757976418361,0.13333333333333333,0.0007759605068713427,0.022222222222222223,0.00016143362154252827,0.03333333333333333,0.00016428118397016078,0.07777777777777778,0.0003939000307582319,0.011111111111111112,4.4052081648260355e-05,0.06666666666666667,0.00043591318535618484,0.08888888888888889,0.0009541085455566645,0.0,0.0,0.044444444444444446,0.0005037406808696687,0.1,0.0008734188741073012,2
7JO3,2,0.97,6.632905769348145,-2,4.0440620568689125,0.0,0.0,0.0,96.49023233301065,1.9920621301775148,114.72247706422014,12.01834862385321,0.34187968345122205,0.045871559633027525,0.00032696023117750883,0.027522935779816515,0.0001562589459354058,0.027522935779816515,0.00016128885908983648,0.01834862385321101,8.729420369490981e-05,0.009174311926605505,4.704669845523313e-05,0.045871559633027525,0.00032935981289483607,0.03669724770642202,0.000435771158663556,0.06422018348623854,0.0005784161621704698,0.05504587155963303,0.0027158339507877827,0.045871559633027525,0.00036236896994523704,0.13761467889908258,0.001636056462302804,0.027522935779816515,0.0001255630049854517,0.009174311926605505,3.715845014085062e-05,0.05504587155963303,0.0007733587990514934,0.08256880733944955,0.0004575843340717256,0.03669724770642202,0.0003502301697153598,0.05504587155963303,0.00044671521754935384,0.045871559633027525,0.00037085244548507035,0.045871559633027525,0.00021494268730748445,0.12844036697247707,0.001007470185868442,2
6I3E,2,0.97,6.673602485656739,-2,4.075319668502056,0.0,0.0,0.0,95.64677251184835,2.615094339622641,116.02209523809522,12.076190476190476,0.3570527264533574,0.047619047619047616,0.0003926636418327689,0.02857142857142857,0.0001643842551857233,0.0380952380952381,0.00028758187545463443,0.01904761904761905,9.267628047382459e-05,0.009523809523809525,4.9801859859144315e-05,0.0380952380952381,0.00024337474314961582,0.047619047619047616,0.0004909206181764603,0.06666666666666667,0.0005485305446200073,0.05714285714285714,0.0020569837652146816,0.047619047619047616,0.00037047412479296327,0.14285714285714285,0.0015187081880867481,0.02857142857142857,0.00012407283065840602,0.009523809523809525,4.113595423405059e-05,0.06666666666666667,0.0008482125122100115,0.08571428571428572,0.000476677407277748,0.02857142857142857,0.0002708001993596554,0.047619047619047616,0.0004287748015485704,0.047619047619047616,0.00038605896406807005,0.047619047619047616,0.00021754769841209054,0.09523809523809523,0.0008564470335841179,2
3TTC,2,0.95,5.774807548522949,-15,3.9973619150151287,0.0,0.0,0.0,94.23569252355182,3.5100989461344745,104.61937499999995,12.25,0.7098657171201814,0.07291666666666667,0.00042838751687668264,0.0625,0.001613994943909347,0.020833333333333332,0.00018515349074732512,0.0625,0.0005875222268514335,0.03125,0.0001376182190142572,0.020833333333333332,0.0001801055477699265,0.052083333333333336,0.0003007764753419906,0.14583333333333334,0.0013680848060175776,0.03125,0.0003836897958535701,0.03125,0.0001914090826176107,0.10416666666666667,0.0011957648675888777,0.03125,0.0003647500416263938,0.03125,0.00028457792359404266,0.010416666666666666,5.796944969915785e-05,0.07291666666666667,0.0005903489654883742,0.09375,0.0007305983453989029,0.020833333333333332,0.0001630832557566464,0.010416666666666666,4.275184983271174e-05,0.020833333333333332,0.00012623798102140427,0.07291666666666667,0.0006415891693904996,2
8PRC,2,0.96,7.148662757873535,0,3.867960463194426,0.0,0.0,0.0,94.26306976744186,3.1983529411764704,105.861,10.0,0.1436734693877551,0.05714285714285714,0.0011603921884670854,0.0,0.0,0.07142857142857142,0.0004576896026264876,0.02857142857142857,0.00017097836825996637,0.0,0.0,0.014285714285714285,7.798409933457151e-05,0.02857142857142857,0.00020074025087524205,0.15714285714285714,0.0014722092309966683,0.04285714285714286,0.00033901771530508995,0.08571428571428572,0.0014218110591173172,0.04285714285714286,0.0006983426865190268,0.05714285714285714,0.000514581217430532,0.0,0.0,0.02857142857142857,0.00027285219402983785,0.05714285714285714,0.0010137328645214438,0.11428571428571428,0.00122152513358742,0.05714285714285714,0.0005223678308539093,0.02857142857142857,0.00021559419110417366,0.07142857142857142,0.004274268168956041,0.05714285714285714,0.0038694210816174746,2
2DYX,2,0.95,6.3575777053833,-2,4.005695832420155,0.0,0.0,0.0,94.92545005696924,2.803474060071414,108.83508771929831,12.394736842105264,0.4441402515489006,0.12280701754385964,0.0009643830708228052,0.02631578947368421,0.00032284867484122515,0.08771929824561403,0.0008025721181184053,0.043859649122807015,0.0006920305895619094,0.05263157894736842,0.00023330205294769257,0.0,0.0,0.06140350877192982,0.00030533323297277093,0.07017543859649122,0.0008626055205240846,0.017543859649122806,0.0002587921335361898,0.03508771929824561,0.00020873027096968144,0.07894736842105263,0.0006128838285803795,0.043859649122807015,0.0002961699792649597,0.008771929824561403,3.6333134630694985e-05,0.03508771929824561,0.00027704297099262476,0.043859649122807015,0.000291585543891415,0.02631578947368421,0.000144208810525015,0.08771929824561403,0.0008371195290237665,0.008771929824561403,8.54167592478916e-05,0.07017543859649122,0.000664528866764158,0.07894736842105263,0.0005423002294264734,2
2WHK,2,0.97,5.366021537780762,-10,4.043071636719251,0.0,0.0,0.0,96.90329118631462,1.8339143990929703,114.04686274509807,12.490196078431373,0.38803983131714226,0.06862745098039216,0.0005055628134869039,0.0196078431372549,0.0007513841264881194,0.029411764705882353,0.00013229683099780232,0.0392156862745098,0.0003881223383359611,0.0196078431372549,0.0001521899102954194,0.00980392156862745,0.00026988587342202663,0.0196078431372549,0.00028143663075752556,0.08823529411764706,0.0006857666303403676,0.029411764705882353,0.00030260556377470493,0.0784313725490196,0.0007859944016672671,0.11764705882352941,0.0011155063984915614,0.0196078431372549,8.70809453772381e-05,0.029411764705882353,0.0001461745414417237,0.0784313725490196,0.0008019997621886432,0.0784313725490196,0.0006269730511121452,0.0392156862745098,0.0006475900299847126,0.029411764705882353,0.00043973486754111946,0.029411764705882353,0.0002552029909566045,0.09803921568627451,0.0007086867117322981,0.0784313725490196,0.0007711241487413645,2
3OHR,2,0.96,5.175326728820799,-9,3.8189786473502405,0.0,0.0,0.0,95.72253137170057,2.1006459061747758,100.40999999999997,12.641509433962264,0.40061954379048154,0.08490566037735849,0.0015648463740944862,0.018867924528301886,8.90507799340412e-05,0.02830188679245283,0.00046754092909395695,0.018867924528301886,0.0005185590125620365,0.018867924528301886,0.00010072177974507213,0.018867924528301886,8.845749107422307e-05,0.04716981132075472,0.0003604354278650135,0.19811320754716982,0.0022337562404572964,0.018867924528301886,0.0001210762420669198,0.12264150943396226,0.0011139053385704756,0.09433962264150944,0.0006761099211871624,0.018867924528301886,8.880624955054373e-05,0.018867924528301886,0.0001347928773611784,0.05660377358490566,0.0003800651466008276,0.04716981132075472,0.00032134406501427293,0.05660377358490566,0.0004306597984395921,0.04716981132075472,0.0007141213282011449,0.0,0.0,0.018867924528301886,0.0002685805957298726,0.0660377358490566,0.004427033942192793,2
3P7P,2,0.98,4.956610298156736,-12,3.984098158921923,0.0,0.0,0.0,98.00211759868421,1.4326369972760775,112.77785714285712,11.5625,0.16134169884169886,0.08928571428571429,0.0015022215666249394,0.03571428571428571,0.0001725377660477534,0.05357142857142857,0.00030577482539229095,0.07142857142857142,0.0009264485561288893,0.0,0.0,0.0,0.0,0.05357142857142857,0.0007437523454427719,0.09821428571428571,0.0014327336102724075,0.044642857142857144,0.004629805218428373,0.0625,0.0007094484171830118,0.0625,0.0006114729912951589,0.026785714285714284,0.0001158328159363009,0.017857142857142856,0.00012555377907119691,0.03571428571428571,0.0005088019534014165,0.017857142857142856,8.621539018349722e-05,0.07142857142857142,0.000796215666923672,0.044642857142857144,0.000754870823584497,0.017857142857142856,0.00014473086048383266,0.11607142857142858,0.0007079709903337061,0.08035714285714286,0.0010991187300533056,2
8GR6,2,0.89,6.250493049621583,-5,4.016789979241957,0.0,0.0,0.0,87.4012351543943,6.959542546923659,109.15537037037035,11.481481481481481,0.1882915173237754,0.05555555555555555,0.0004670175549108535,0.046296296296296294,0.00025219598319381475,0.018518518518518517,0.0001492374431109056,0.06481481481481481,0.000293444114504382,0.018518518518518517,0.00016465828230138868,0.027777777777777776,0.00015686871483922005,0.018518518518518517,0.00018285655824001878,0.09259259259259259,0.0007712991209700704,0.05555555555555555,0.0005837015341967344,0.10185185185185185,0.001848686602897942,0.12037037037037036,0.00102982425596565,0.027777777777777776,0.0001369403034914285,0.027777777777777776,0.0002639173180796206,0.018518518518518517,0.00020891131134703755,0.037037037037037035,0.00045834240154363215,0.06481481481481481,0.0005664328928105533,0.08333333333333333,0.0006035120459273458,0.0,0.0,0.046296296296296294,0.0005885843420401216,0.07407407407407407,0.0010511951986700296,2
4C4M,2,0.89,6.590617561340332,-2,4.120175043798058,0.0,0.0,0.0,90.65110606060605,4.750204491374182,113.26374999999997,11.384615384615385,0.2074048206860707,0.10576923076923077,0.0013099882053211331,0.057692307692307696,0.0006184015655890107,0.028846153846153848,0.00020706566283479333,0.0673076923076923,0.000692903297021985,0.019230769230769232,0.0008968551992438734,0.009615384615384616,7.90489575592801e-05,0.08653846153846154,0.0005532208597287536,0.057692307692307696,0.0005492401542142034,0.038461538461538464,0.0004608438757713884,0.0673076923076923,0.0005339408526197076,0.07692307692307693,0.0007776075508445501,0.057692307692307696,0.000550184166058898,0.019230769230769232,0.00017119123367592692,0.028846153846153848,0.00031913837301544845,0.019230769230769232,9.851811046246439e-05,0.0673076923076923,0.0008272450650110841,0.04807692307692308,0.00036951323272660375,0.019230769230769232,0.00023586492170579731,0.057692307692307696,0.00035576586378738284,0.0673076923076923,0.0014517585514113307,2
3RG3,2,0.97,6.634156227111817,-2,4.053745938730343,0.0,0.0,0.0,96.35826885880078,2.0226257396449703,115.53091743119263,12.064220183486238,0.34551226148533154,0.045871559633027525,0.00037492826231755316,0.027522935779816515,0.00015634976443834603,0.03669724770642202,0.0002582166052889079,0.01834862385321101,8.732662536203861e-05,0.009174311926605505,4.720998549601063e-05,0.03669724770642202,0.0002316851750947535,0.045871559633027525,0.0004903849330730736,0.06422018348623854,0.0005776058533228934,0.05504587155963303,0.0027159994933754206,0.05504587155963303,0.00042705103987827897,0.13761467889908258,0.0016115255421027541,0.027522935779816515,0.0001254149101441726,0.009174311926605505,3.737804581760429e-05,0.06422018348623854,0.0008136278484016657,0.08256880733944955,0.00045608283835463226,0.027522935779816515,0.0002571618533693254,0.045871559633027525,0.0003890671068802476,0.045871559633027525,0.00037136522587388754,0.045871559633027525,0.0002148683852283284,0.11926605504587157,0.0009724247502163053,2
3CZS,2,0.97,6.8448583602905275,-6,4.080583908719934,0.0,0.0,0.0,94.99839302656547,3.8855307341864886,116.20796296296297,12.648148148148149,0.9424719375305027,0.027777777777777776,0.00027389812748879194,0.06481481481481481,0.0005677115404978395,0.027777777777777776,0.0010381325846537948,0.05555555555555555,0.0005254540010355413,0.0,0.0,0.046296296296296294,0.0004745086480397731,0.027777777777777776,0.00029491918394342065,0.07407407407407407,0.0005679092137143016,0.06481481481481481,0.002081948099657893,0.037037037037037035,0.00031555924215354025,0.12037037037037036,0.0009729555458761752,0.009259259259259259,9.954585402738303e-05,0.05555555555555555,0.00039873135392554104,0.046296296296296294,0.00027459656121209264,0.07407407407407407,0.0007538401405327022,0.07407407407407407,0.004317028447985649,0.06481481481481481,0.00043325984734110534,0.018518518518518517,0.00041546658030711114,0.06481481481481481,0.00033939696731977165,0.046296296296296294,0.00047782863839529455,2
6YYZ,2,0.97,6.607100868225097,-2,3.992935430506419,0.0,0.0,0.0,94.70964202850513,3.0872103836752047,107.21113207547167,11.867924528301886,0.3528811830698623,0.09433962264150944,0.0006298625958152115,0.03773584905660377,0.00018242295482195914,0.018867924528301886,0.00013229031173978,0.0660377358490566,0.00260274694301188,0.018867924528301886,0.00034742665593512356,0.03773584905660377,0.0001829317188821733,0.0,0.0,0.11320754716981132,0.000992428045719862,0.018867924528301886,0.00011099038238171488,0.09433962264150944,0.0008214821573346853,0.0660377358490566,0.0008253523847088218,0.018867924528301886,0.00010759135329863057,0.04716981132075472,0.0010648664319887757,0.04716981132075472,0.0008698959718458354,0.05660377358490566,0.000533247017301619,0.02830188679245283,0.00014961767010390759,0.07547169811320754,0.000491858518216759,0.009433962264150943,3.692700920510106e-05,0.04716981132075472,0.0003683606337290257,0.10377358490566038,0.0009238197235390544,2
3NKM,2,0.97,6.573452186584473,-6,4.004077335184911,0.0,0.0,0.0,93.20512412665379,4.0947778690079515,113.4424770642202,11.935779816513762,0.7837725391195199,0.045871559633027525,0.00025619406369514763,0.03669724770642202,0.0005625416524708271,0.08256880733944955,0.0008712632115930319,0.027522935779816515,0.00023646878253202885,0.0,0.0,0.009174311926605505,7.718790584476665e-05,0.045871559633027525,0.0006600163760595024,0.07339449541284404,0.0005021804827265441,0.07339449541284404,0.0004978264914825559,0.03669724770642202,0.00039549136999994516,0.11009174311926606,0.0008744887309148908,0.03669724770642202,0.00030472272192128,0.027522935779816515,0.00021331354219000787,0.045871559633027525,0.0003158297622576356,0.08256880733944955,0.0008085977751761675,0.03669724770642202,0.00018829901819117367,0.09174311926605505,0.0007183456909842789,0.0,0.0,0.07339449541284404,0.0007443515933118761,0.06422018348623854,0.0008149502682499588,2
3RZV,2,0.89,6.415326118469238,-3,3.992075889620907,0.0,0.0,0.0,85.44570278637771,9.425015161384513,112.02589041095892,10.520547945205479,0.3783176369863014,0.0136986301369863,0.00011494408681755885,0.0273972602739726,0.00023931403120514005,0.0136986301369863,0.00011324586375849321,0.0273972602739726,0.00012244565004948527,0.0410958904109589,0.00045541173312813044,0.0410958904109589,0.00031359848799183965,0.0273972602739726,0.0005283136270008981,0.0684931506849315,0.000924445572309196,0.0547945205479452,0.0004586552968248725,0.0958904109589041,0.001093555591069162,0.136986301369863,0.0033450594637542963,0.0273972602739726,0.0003561830671969801,0.0410958904109589,0.00036562563036568463,0.0547945205479452,0.0006365057779476047,0.0410958904109589,0.0003233729221392423,0.0410958904109589,0.0005987276090309024,0.0958904109589041,0.0011689582606777549,0.0136986301369863,0.00014615363033954054,0.0136986301369863,0.0001609803584869951,0.1232876712328767,0.0011727871606126428,2
5SLD,2,0.91,7.939233207702638,3,4.106249825513124,0.0,0.0,0.0,91.89309808612441,5.4454818319081335,111.95347368421052,10.83157894736842,0.4279985678481919,0.06315789473684211,0.0006256385240703821,0.06315789473684211,0.0008584134629927576,0.042105263157894736,0.0004581550892908126,0.042105263157894736,0.0002030570467468351,0.05263157894736842,0.00038785021752119064,0.0,0.0,0.042105263157894736,0.00020863664394710213,0.06315789473684211,0.0005606058402918279,0.05263157894736842,0.00042779865907505155,0.07368421052631578,0.0005619219737127423,0.09473684210526316,0.0015128777595236897,0.031578947368421054,0.0001510295842308551,0.031578947368421054,0.00015755888307467103,0.06315789473684211,0.00042863222188316286,0.031578947368421054,0.0004348055808804929,0.06315789473684211,0.0005312176654115319,0.05263157894736842,0.0003871058579534292,0.010526315789473684,0.000301981606753543,0.021052631578947368,0.0002226065844297409,0.10526315789473684,0.0011766572715714574,2
7G59,2,0.95,7.231136131286622,-1,4.017529135846423,0.0,0.0,0.0,91.04251096811934,6.1107447646832,114.1405504587156,12.01834862385321,0.7941522515582323,0.045871559633027525,0.0002572455268818885,0.045871559633027525,0.0006043172325007617,0.07339449541284404,0.0008167403284460306,0.03669724770642202,0.00028701595147140324,0.0,0.0,0.009174311926605505,7.948077109176666e-05,0.045871559633027525,0.0005891433684155345,0.07339449541284404,0.000490486272610724,0.07339449541284404,0.0005111309583298862,0.03669724770642202,0.00036049040500074625,0.11926605504587157,0.0009128062520176172,0.03669724770642202,0.0003183793742209673,0.027522935779816515,0.0002155290130758658,0.045871559633027525,0.000310904229991138,0.06422018348623854,0.0007611916516907513,0.03669724770642202,0.00018703978275880218,0.09174311926605505,0.0007131688762456179,0.0,0.0,0.07339449541284404,0.0007748572388663888,0.06422018348623854,0.0009028855129145086,2
1FXU,2,0.94,6.076849937438964,-4,3.9230411291299503,0.0,0.0,0.0,90.95131111111111,3.5118832389458947,108.47239316239316,11.752136752136753,0.3436021756021756,0.07692307692307693,0.0005370252183638513,0.06837606837606838,0.0004399020108394325,0.017094017094017096,0.00029496083152480423,0.017094017094017096,9.425318421563134e-05,0.02564102564102564,0.00028333888622000813,0.008547008547008548,7.207575981738046e-05,0.03418803418803419,0.000316020188620314,0.11965811965811966,0.0009684811229817569,0.03418803418803419,0.00021434968221001327,0.05128205128205128,0.0006685920525342226,0.08547008547008547,0.0006068847724236548,0.008547008547008548,3.9467831811634824e-05,0.07692307692307693,0.0005213674157857895,0.05982905982905983,0.0005171408411115408,0.02564102564102564,0.00021002828725613654,0.042735042735042736,0.0004361943283583969,0.05128205128205128,0.0011593555100262165,0.008547008547008548,3.696114072226919e-05,0.02564102564102564,0.0001640510599827394,0.1623931623931624,0.0025838154833763838,2
8AA6,2,0.97,6.867537117004395,-1,4.0572536219218325,0.0,0.0,0.0,96.59290882778583,1.996800295857988,115.70138888888884,12.064814814814815,0.3455060970410165,0.046296296296296294,0.0003782859130296856,0.027777777777777776,0.00015789770986884832,0.037037037037037035,0.0002608949725981802,0.018518518518518517,8.821472147246823e-05,0.009259259259259259,4.764552795677446e-05,0.037037037037037035,0.00023406864784192294,0.046296296296296294,0.0004953353200107813,0.06481481481481481,0.0005822222447022796,0.05555555555555555,0.00272275204770267,0.05555555555555555,0.00043033252586610615,0.1388888888888889,0.0016244943253695965,0.027777777777777776,0.0001265872997464612,0.009259259259259259,3.7772508221678436e-05,0.06481481481481481,0.0008214794215746224,0.07407407407407407,0.0004242580325808376,0.027777777777777776,0.0002601710439193994,0.046296296296296294,0.0003933127736672759,0.046296296296296294,0.00037468678783625364,0.046296296296296294,0.00021671644935850054,0.12037037037037036,0.0009797306265681982,2
6QSQ,2,0.98,5.385517311096191,-17,3.9802343157785973,0.0,0.0,0.0,95.5765436746988,2.7041954040527343,104.94429824561404,13.035087719298245,0.6952846449906732,0.08771929824561403,0.0006375237135216594,0.017543859649122806,0.00011600722064031288,0.017543859649122806,8.018831431400031e-05,0.07894736842105263,0.0013953499728813767,0.008771929824561403,3.675428524729796e-05,0.02631578947368421,0.0007634686189703643,0.043859649122807015,0.0006062661996111274,0.11403508771929824,0.0065016355365514755,0.043859649122807015,0.0003423154994379729,0.05263157894736842,0.0007640774128958583,0.10526315789473684,0.0007002316415309906,0.017543859649122806,0.00015053260722197592,0.06140350877192982,0.0005376048502512276,0.03508771929824561,0.0002512064529582858,0.02631578947368421,0.00015484711911994964,0.08771929824561403,0.0006272246246226132,0.08771929824561403,0.0007080869982019067,0.008771929824561403,0.0001615723449504003,0.008771929824561403,4.679486301029101e-05,0.07017543859649122,0.0004416494630277157,2
6VDN,2,0.96,9.37120494842529,7,3.9454852466848864,0.0,0.0,0.0,94.68250165892502,2.684129680409619,107.36499999999997,11.574074074074074,0.2029037037037037,0.07407407407407407,0.0021867724135518074,0.046296296296296294,0.0004064550157636404,0.027777777777777776,0.00013839323946740478,0.027777777777777776,0.0001638737303437665,0.0,0.0,0.05555555555555555,0.00043573384755291045,0.018518518518518517,0.00013965016114525497,0.09259259259259259,0.0026466234121471643,0.027777777777777776,0.00016925594536587596,0.06481481481481481,0.0007423055940307677,0.09259259259259259,0.001484464155510068,0.018518518518518517,0.00011023646220564842,0.009259259259259259,4.1001359932124615e-05,0.027777777777777776,0.0004645141598302871,0.037037037037037035,0.00032147520687431097,0.08333333333333333,0.0009017373668029904,0.10185185185185185,0.0015757802175357938,0.018518518518518517,0.000356817792635411,0.037037037037037035,0.0002236345608253032,0.1388888888888889,0.0013158390065655112,2
5JC6,2,0.97,5.739794731140138,-5,4.151289654288207,0.0,0.0,0.0,97.45279967159279,1.5688170879501386,117.09094339622645,12.764150943396226,0.34991423670668953,0.07547169811320754,0.0004688247572630644,0.03773584905660377,0.00018803996499627829,0.02830188679245283,0.00020823274098802358,0.04716981132075472,0.0013039815239608288,0.02830188679245283,0.0009554611751809716,0.018867924528301886,0.00011504525900818408,0.02830188679245283,0.00023971125483512878,0.04716981132075472,0.0004161801189184189,0.02830188679245283,0.0004633970092982054,0.11320754716981132,0.0014385454123839736,0.07547169811320754,0.0009587095119059086,0.04716981132075472,0.00021093455143272877,0.02830188679245283,0.0004588708688970655,0.09433962264150944,0.0009840084239840508,0.02830188679245283,0.0002625043271109462,0.05660377358490566,0.0005493072676472366,0.0660377358490566,0.00169997732155025,0.02830188679245283,0.00017587703769095242,0.07547169811320754,0.00052981375483796,0.04716981132075472,0.0004064412205480039,2
7KZ7,2,0.92,6.291019248962402,-4,3.8791428995068093,0.0,0.0,0.0,89.86387897378695,6.14439085973993,113.57219047619047,11.876190476190477,0.33022492076221027,0.0380952380952381,0.0002948401961475611,0.0380952380952381,0.00016829873493406922,0.06666666666666667,0.0005486467271111906,0.01904761904761905,0.00010848738020285964,0.0,0.0,0.0,0.0,0.09523809523809523,0.0024471746291965246,0.05714285714285714,0.0003438879211898893,0.02857142857142857,0.0007087955600582063,0.10476190476190476,0.0007971214363351464,0.1619047619047619,0.0023523515556007624,0.0380952380952381,0.00018666076357476413,0.009523809523809525,0.0004358107107691467,0.047619047619047616,0.0004056204343214631,0.047619047619047616,0.00037734690704382956,0.06666666666666667,0.0006378149264492095,0.0380952380952381,0.0005329978885129094,0.009523809523809525,5.359753413358703e-05,0.047619047619047616,0.00030820255051366985,0.08571428571428572,0.00096169114112854,2
4RSY,2,0.91,6.100835990905761,-11,4.085873738679715,0.0,0.0,0.0,91.03569670504167,5.807135053408047,113.4226041666666,11.947916666666666,0.32109125254286547,0.052083333333333336,0.00035988716990686953,0.020833333333333332,8.664358756504953e-05,0.052083333333333336,0.00045298354234546423,0.03125,0.00015673137386329472,0.041666666666666664,0.0002471066836733371,0.020833333333333332,0.0002886069123633206,0.052083333333333336,0.0007568866130895913,0.052083333333333336,0.0007893386646173894,0.052083333333333336,0.00044478560448624194,0.052083333333333336,0.00033983445609919727,0.125,0.0006672584568150342,0.0,0.0,0.010416666666666666,0.0006047954084351659,0.052083333333333336,0.0003618017362896353,0.07291666666666667,0.0004252418875694275,0.07291666666666667,0.0004949885769747198,0.07291666666666667,0.0005229311645962298,0.03125,0.0001884920202428475,0.0625,0.0005018857191316783,0.07291666666666667,0.0005131957004778087,2
1HS6,2,0.93,5.797543144226075,-12,4.124090437690431,0.0,0.0,0.0,93.36224974411464,3.7036164587580123,113.03631578947368,11.463157894736842,0.34140447537576724,0.05263157894736842,0.00034383832826279104,0.010526315789473684,6.0627768107224256e-05,0.05263157894736842,0.000386388273909688,0.021052631578947368,0.0001161380423582159,0.042105263157894736,0.00023825834796298295,0.031578947368421054,0.00032851306605152786,0.05263157894736842,0.0006409300840459764,0.042105263157894736,0.0011407806305214763,0.042105263157894736,0.0003313735651317984,0.042105263157894736,0.00028187045245431364,0.11578947368421053,0.0006398752448149025,0.010526315789473684,5.344595047063194e-05,0.031578947368421054,0.0009114585700444877,0.042105263157894736,0.000358742312528193,0.08421052631578947,0.00045761733781546354,0.09473684210526316,0.0005530965281650424,0.06315789473684211,0.00047720165457576513,0.031578947368421054,0.00015352062473539263,0.06315789473684211,0.0005063715507276356,0.07368421052631578,0.0005449950112961233,2
2AXR,2,0.95,4.7020284652709945,-37,3.7186958166625383,0.0,0.0,0.0,93.52410262891811,4.628693050444846,108.0575454545454,12.763636363636364,0.4597189847189847,0.09090909090909091,0.000584712135605514,0.03636363636363636,0.00021089875372126698,0.03636363636363636,0.0017034210031852126,0.02727272727272727,0.00016434906865470111,0.00909090909090909,6.192044384079054e-05,0.03636363636363636,0.0002006132126552984,0.0,0.0,0.21818181818181817,0.0029247335623949766,0.045454545454545456,0.000675068935379386,0.0,0.0,0.1,0.0007852865965105593,0.02727272727272727,0.00017209556244779378,0.0,0.0,0.06363636363636363,0.000590333656873554,0.00909090909090909,4.503331729210913e-05,0.045454545454545456,0.000386033789254725,0.05454545454545454,0.00035652355290949345,0.05454545454545454,0.0002774849417619407,0.08181818181818182,0.0010537905618548393,0.06363636363636363,0.0005398956127464771,2
9FTQ,2,0.98,6.593061637878418,-9,4.064139049063207,0.0,0.0,0.0,96.0719416426513,2.840711224649491,116.06899082568806,12.642201834862385,0.9274110864036431,0.01834862385321101,0.00023315526777878404,0.06422018348623854,0.0005722657078877091,0.027522935779816515,0.0010462970240041614,0.06422018348623854,0.0005649921949952841,0.0,0.0,0.045871559633027525,0.00046841491712257266,0.027522935779816515,0.00026968412566930056,0.08256880733944955,0.0006205356912687421,0.06422018348623854,0.0020033351611346006,0.03669724770642202,0.0003245159168727696,0.11926605504587157,0.0009475879487581551,0.009174311926605505,0.00011438110959716141,0.05504587155963303,0.00039524902240373194,0.045871559633027525,0.00027054609381593764,0.07339449541284404,0.0007887681713327765,0.07339449541284404,0.0044118971563875675,0.06422018348623854,0.0004333949473220855,0.01834862385321101,0.00034430838422849774,0.06422018348623854,0.00034899747697636485,0.045871559633027525,0.00042274149018339813,2
7MHH,2,0.92,5.950837898254394,-4,4.118599721788724,0.0,0.0,0.0,93.5843918918919,3.24222200862916,110.79400000000001,10.755555555555556,0.3004820936639118,0.05555555555555555,0.0007904323283582926,0.022222222222222223,0.0002549397759139538,0.044444444444444446,0.0003182337386533618,0.05555555555555555,0.0003317137889098376,0.044444444444444446,0.0007225569570437074,0.03333333333333333,0.0005207009380683303,0.044444444444444446,0.0002554601524025202,0.1,0.0010797267314046621,0.03333333333333333,0.00030193175189197063,0.044444444444444446,0.00056193966884166,0.044444444444444446,0.0002668396627996117,0.03333333333333333,0.0002563190646469593,0.044444444444444446,0.0006985009531490505,0.12222222222222222,0.0014816578477621078,0.044444444444444446,0.0003049891092814505,0.06666666666666667,0.000651989714242518,0.05555555555555555,0.000734155357349664,0.0,0.0,0.03333333333333333,0.0005226815119385719,0.07777777777777778,0.0007684195297770202,2
3RC6,2,0.96,9.472936058044432,7,3.9459875521435337,0.0,0.0,0.0,94.9277460106383,2.5544177242835304,106.99587155963297,11.53211009174312,0.19989344076839424,0.09174311926605505,0.002486269921064377,0.045871559633027525,0.0004014945589005947,0.027522935779816515,0.00013694872905034572,0.027522935779816515,0.00016241900448221713,0.0,0.0,0.05504587155963303,0.0004321745946072042,0.01834862385321101,0.000138528470415622,0.09174311926605505,0.002635920885950327,0.027522935779816515,0.0001677211548667401,0.07339449541284404,0.0007709980709478259,0.09174311926605505,0.0014749938854947686,0.01834862385321101,0.00010927145922323689,0.009174311926605505,4.04578386223875e-05,0.027522935779816515,0.00046016674605198205,0.03669724770642202,0.0003183408407494426,0.07339449541284404,0.000619115773588419,0.09174311926605505,0.0014921525726094842,0.01834862385321101,0.0003518570738378912,0.03669724770642202,0.0002211324463132769,0.13761467889908258,0.0013033502036705613,2
6YO7,2,0.97,6.632905769348145,-2,4.0440620568689125,0.0,0.0,0.0,96.49176669893514,1.994958579881657,114.72247706422014,12.01834862385321,0.34187968345122205,0.045871559633027525,0.0003269496955908835,0.027522935779816515,0.00015623978106305003,0.027522935779816515,0.00016128626884892583,0.01834862385321101,8.728581451578066e-05,0.009174311926605505,4.704858656623401e-05,0.045871559633027525,0.000329328584484756,0.03669724770642202,0.00043573431321419775,0.06422018348623854,0.0005783041124232113,0.05504587155963303,0.002715636044740677,0.045871559633027525,0.00036232583806850016,0.13761467889908258,0.0016359348082914948,0.027522935779816515,0.00012555575813166797,0.009174311926605505,3.715452112373896e-05,0.05504587155963303,0.000773307925555855,0.08256880733944955,0.0004575176862999797,0.03669724770642202,0.0003501613682601601,0.05504587155963303,0.0004466523532755673,0.045871559633027525,0.00037081752088852227,0.045871559633027525,0.00021491697407327592,0.12844036697247707,0.0010073152370750904,2
8OGD,2,0.97,6.798079872131347,-1,4.0572536219218325,0.0,0.0,0.0,96.77476558724022,1.9338565088757396,115.70138888888884,12.046296296296296,0.3445711276226265,0.046296296296296294,0.00037713925121352077,0.027777777777777776,0.00015775358770042658,0.037037037037037035,0.00025982526130974293,0.018518518518518517,8.779027848504484e-05,0.009259259259259259,4.787045327248052e-05,0.037037037037037035,0.0002342567458981648,0.046296296296296294,0.0004922253428958356,0.06481481481481481,0.0005844104452989995,0.05555555555555555,0.0027925758622586727,0.05555555555555555,0.0004322013119235635,0.1388888888888889,0.0016327037010341883,0.027777777777777776,0.0001263123849639669,0.009259259259259259,3.75551862816792e-05,0.06481481481481481,0.0008180896402336657,0.07407407407407407,0.00042380703962408006,0.027777777777777776,0.0002590795047581196,0.046296296296296294,0.0003925685305148363,0.046296296296296294,0.000374407711206004,0.046296296296296294,0.00021696480689570308,0.12037037037037036,0.0009878481505438685,2
4BM9,2,0.78,7.546933555603029,1,4.023575508304712,0.0,0.0,0.0,81.93583431027746,10.376593896952171,118.94372093023252,10.674418604651162,0.31123017682525206,0.023255813953488372,0.00033578870352357626,0.046511627906976744,0.0003799672704190016,0.023255813953488372,0.00010854571155505255,0.03488372093023256,0.0001672296493779868,0.09302325581395349,0.0005538707482628524,0.05813953488372093,0.00034068728564307094,0.023255813953488372,0.00028901174664497375,0.023255813953488372,0.00014754397852811962,0.05813953488372093,0.0018246520776301622,0.046511627906976744,0.0008732160786166787,0.12790697674418605,0.002267556032165885,0.046511627906976744,0.0002877648512367159,0.0,0.0,0.06976744186046512,0.000714748224709183,0.03488372093023256,0.0002520052366890013,0.05813953488372093,0.0003595284069888294,0.023255813953488372,0.0001207948153023608,0.023255813953488372,0.00011680918396450579,0.06976744186046512,0.0005795179167762399,0.11627906976744186,0.001033563050441444,2
4I0G,2,0.93,5.62435474395752,-11,3.897723435840789,0.0,0.0,0.0,90.4079675304402,5.493905457545681,110.50114285714281,13.0,0.5491854177568464,0.047619047619047616,0.0005533822113648057,0.047619047619047616,0.00024103594478219748,0.01904761904761905,0.00015982030890882015,0.02857142857142857,0.0016826845239847898,0.009523809523809525,5.970470010652207e-05,0.02857142857142857,0.0002023423876380548,0.02857142857142857,0.00020978918473701924,0.13333333333333333,0.0019159952644258738,0.009523809523809525,3.82357720809523e-05,0.12380952380952381,0.0007646557060070336,0.09523809523809523,0.0007528652786277235,0.01904761904761905,9.00013983482495e-05,0.02857142857142857,0.00047656550304964185,0.05714285714285714,0.00032774193095974624,0.0,0.0,0.09523809523809523,0.0052996063604950905,0.047619047619047616,0.0009692007442936301,0.01904761904761905,8.55499820318073e-05,0.0761904761904762,0.000571650976780802,0.08571428571428572,0.0010445024818181992,2
8ATJ,2,0.82,5.413823127746581,-4,3.9426952273263516,0.0,0.0,0.0,90.2107894736842,2.4235102040816328,115.04338235294118,9.0,0.09724625144175317,0.04411764705882353,0.0005820756778120995,0.04411764705882353,0.00038784852949902415,0.058823529411764705,0.0005164007307030261,0.10294117647058823,0.0008859754889272153,0.0,0.0,0.029411764705882353,0.00021543285402003676,0.08823529411764706,0.000788129516877234,0.058823529411764705,0.0005657804431393743,0.058823529411764705,0.000652529124636203,0.04411764705882353,0.00075983174610883,0.16176470588235295,0.002321430714800954,0.07352941176470588,0.0006545386277139187,0.029411764705882353,0.0002623921900521964,0.014705882352941176,0.0002652258554007858,0.04411764705882353,0.00038609292823821306,0.029411764705882353,0.0002615335688460618,0.029411764705882353,0.00019421028264332563,0.029411764705882353,0.00041599528049118817,0.0,0.0,0.058823529411764705,0.0007769386284053326,2
4EL4,2,0.94,6.684970283508301,-2,3.987835514747117,0.0,0.0,0.0,91.65825966082848,4.9730700669107435,114.88072727272728,11.809090909090909,0.32465532927426693,0.03636363636363636,0.0007591347093693912,0.05454545454545454,0.0003912043757736683,0.01818181818181818,0.0001078802888514474,0.03636363636363636,0.00016419282474089414,0.0,0.0,0.01818181818181818,0.00017834709433373064,0.06363636363636363,0.002538460772484541,0.07272727272727272,0.0004862989590037614,0.03636363636363636,0.0007459768676199019,0.13636363636363635,0.001299377647228539,0.10909090909090909,0.002318253740668297,0.02727272727272727,0.00017478140944149345,0.01818181818181818,8.149239147314802e-05,0.07272727272727272,0.00055555539438501,0.03636363636363636,0.00022088459809310734,0.05454545454545454,0.0004790138336829841,0.09090909090909091,0.000653713068459183,0.00909090909090909,5.387178316595964e-05,0.05454545454545454,0.00036529096541926265,0.05454545454545454,0.00041467530536465347,2
8P95,2,0.93,5.0468137741088865,-15,3.9145684594375516,0.0,0.0,0.0,88.63727870510874,6.7722935157442485,109.25263636363633,11.936363636363636,0.17794779477947795,0.09090909090909091,0.0005624397890642285,0.045454545454545456,0.00024280199431814253,0.02727272727272727,0.0002698051102925092,0.05454545454545454,0.00032068477594293654,0.00909090909090909,9.430920181330293e-05,0.01818181818181818,9.841425344347954e-05,0.03636363636363636,0.000250546436291188,0.09090909090909091,0.001244014478288591,0.06363636363636363,0.000398192903958261,0.05454545454545454,0.0007576568750664592,0.11818181818181818,0.0013615713687613606,0.0,0.0,0.0,0.0,0.02727272727272727,0.00017854168254416436,0.06363636363636363,0.0005096603999845684,0.06363636363636363,0.00044069960131309927,0.02727272727272727,0.0002167490019928664,0.01818181818181818,0.00013459159526973963,0.06363636363636363,0.0028163089882582426,0.12727272727272726,0.0019042063504457474,2
4N5P,2,0.97,5.140086555480956,-10,4.016338715032116,0.0,0.0,0.0,97.76161184210525,1.54139160390963,112.78955752212387,11.495575221238939,0.15961222724083196,0.08849557522123894,0.0015173614956438541,0.035398230088495575,0.0001703080051811412,0.05309734513274336,0.0003004721365869045,0.07964601769911504,0.0009508745861239731,0.0,0.0,0.008849557522123894,4.6451135858660564e-05,0.04424778761061947,0.0006968886591494083,0.09734513274336283,0.0014347719261422753,0.04424778761061947,0.004556798376142979,0.061946902654867256,0.0007023387006483972,0.061946902654867256,0.0006105236243456602,0.02654867256637168,0.00011275411816313863,0.017699115044247787,0.00012175666051916778,0.035398230088495575,0.0005061104311607778,0.017699115044247787,8.573130617151037e-05,0.07079646017699115,0.0007750429795123637,0.04424778761061947,0.0007512964657507837,0.017699115044247787,0.0001423740031896159,0.11504424778761062,0.0007029506377875805,0.07964601769911504,0.0010901637142524123,2
5OJH,2,0.95,5.5944005966186525,-9,4.017916712596738,0.0,0.0,0.0,92.81498316498316,4.025342050187811,108.91912280701747,12.368421052631579,0.6849384098544233,0.06140350877192982,0.0007976569468155503,0.017543859649122806,0.00016967607371043414,0.043859649122807015,0.0005709916586056352,0.02631578947368421,0.00011039432138204575,0.02631578947368421,0.0001646075106691569,0.02631578947368421,0.00012244420940987766,0.02631578947368421,0.00032234282116405666,0.06140350877192982,0.00046366112655960023,0.017543859649122806,0.00018002140859607607,0.06140350877192982,0.0006690051523037255,0.14035087719298245,0.0010605413699522614,0.017543859649122806,0.00010970764560624957,0.03508771929824561,0.0001579831587150693,0.07017543859649122,0.0005298660253174603,0.07894736842105263,0.0008318948093801737,0.10526315789473684,0.0009062765748240054,0.03508771929824561,0.00023788998078089207,0.017543859649122806,9.422875154996291e-05,0.02631578947368421,0.0002829151344485581,0.10526315789473684,0.002943324623629451,2
4MZI,2,0.94,8.916058158874513,5,4.062732263361498,0.0,0.0,0.0,94.58770304568527,2.6143625,116.79135922330097,11.320388349514563,0.37440257123349263,0.04854368932038835,0.0007154851336963475,0.0970873786407767,0.0006996331503614783,0.02912621359223301,0.00015899589925538749,0.009708737864077669,9.5550982223358e-05,0.02912621359223301,0.00016531595611013472,0.038834951456310676,0.00023257771681528538,0.038834951456310676,0.0002951805363409221,0.02912621359223301,0.00014670929522253573,0.019417475728155338,0.00014497277152258903,0.05825242718446602,0.0010131143499165773,0.08737864077669903,0.0006881547160446644,0.04854368932038835,0.00039581884630024433,0.04854368932038835,0.0005262118065729737,0.05825242718446602,0.0007328881765715778,0.05825242718446602,0.0003264310653321445,0.04854368932038835,0.00042027205927297473,0.06796116504854369,0.0004093871684744954,0.0,0.0,0.05825242718446602,0.0003653682360891253,0.1262135922330097,0.0017794035375118256,2
5AIJ,2,0.95,5.672213172912598,-12,3.9703510006903344,0.0,0.0,0.0,93.64448020284767,4.26526870594322,108.47877551020406,11.938775510204081,0.5844671201814059,0.14285714285714285,0.0013241394190117717,0.061224489795918366,0.0007090126746334136,0.08163265306122448,0.0005084053263999522,0.030612244897959183,0.00023235003754962236,0.0,0.0,0.030612244897959183,0.0002743824734352529,0.05102040816326531,0.00033249720581807196,0.11224489795918367,0.0008504827856086195,0.07142857142857142,0.000521790178027004,0.02040816326530612,0.00013231727643869817,0.08163265306122448,0.0006371939671225846,0.030612244897959183,0.00015689729480072856,0.04081632653061224,0.0005151770310476422,0.02040816326530612,9.675719047663733e-05,0.02040816326530612,9.411681821802631e-05,0.04081632653061224,0.00023158223484642804,0.08163265306122448,0.0006693475879728794,0.01020408163265306,5.9552396123763174e-05,0.04081632653061224,0.0004215147637296468,0.030612244897959183,0.00015861883002799004,2
7OXD,2,0.93,8.934625053405764,6,4.0333492783627065,0.0,0.0,0.0,94.7017112733171,2.1548095733610824,117.22780219780215,9.824175824175825,0.19436044939400643,0.08791208791208792,0.0006737151998095214,0.08791208791208792,0.000932510185521096,0.0,0.0,0.01098901098901099,5.5792399507481605e-05,0.06593406593406594,0.000501724542118609,0.03296703296703297,0.0002776620094664395,0.07692307692307693,0.0009027067571878433,0.054945054945054944,0.0004722511221189052,0.054945054945054944,0.0017798796761780977,0.06593406593406594,0.0006239166832529008,0.08791208791208792,0.0010839052265509963,0.04395604395604396,0.00025182441459037364,0.03296703296703297,0.0004235299420543015,0.06593406593406594,0.0007210768526419997,0.08791208791208792,0.001036715810187161,0.03296703296703297,0.001668183715082705,0.0,0.0,0.03296703296703297,0.00039259312325157225,0.03296703296703297,0.00025500741321593523,0.04395604395604396,0.00020515982760116458,2
3Q1D,2,0.67,5.1105871200561515,-4,3.891167373648189,0.0,0.0,0.0,85.4000806451613,3.4677229515617927,114.15531914893619,8.680851063829786,0.1548811013767209,0.0425531914893617,0.0004645559820346534,0.0,0.0,0.02127659574468085,0.0006299415836110711,0.02127659574468085,0.0001266952749574557,0.1276595744680851,0.004309845622628927,0.02127659574468085,8.338453335454687e-05,0.14893617021276595,0.0014107640599831939,0.02127659574468085,0.00022634454944636673,0.06382978723404255,0.0006835795938968658,0.06382978723404255,0.002151232212781906,0.0851063829787234,0.0010529672726988792,0.0851063829787234,0.001166407368145883,0.02127659574468085,0.0002780528157018125,0.02127659574468085,0.00016023906937334687,0.06382978723404255,0.001442406908608973,0.0425531914893617,0.0007609569001942873,0.0425531914893617,0.011844330467283726,0.0,0.0,0.0425531914893617,0.0008820308721624315,0.06382978723404255,0.0009254857432097197,2
2XEF,2,0.97,6.4860338211059565,-4,3.9689754947377263,0.0,0.0,0.0,95.0163146704465,2.9216550854319134,109.45100917431188,12.412844036697248,0.5974423130386434,0.08256880733944955,0.0005417954525910318,0.07339449541284404,0.0004485005629248917,0.07339449541284404,0.0014305326621979475,0.05504587155963303,0.0005907389568164945,0.009174311926605505,6.643798406003043e-05,0.01834862385321101,0.00010347946226829663,0.045871559633027525,0.0004509959544520825,0.14678899082568808,0.001887443009763956,0.027522935779816515,0.00016341006266884506,0.05504587155963303,0.0002805589174386114,0.05504587155963303,0.00043905965867452323,0.03669724770642202,0.00031259539537131786,0.0,0.0,0.05504587155963303,0.0005365216638892889,0.01834862385321101,0.0001630804326850921,0.11009174311926606,0.0010619922541081905,0.027522935779816515,0.00014509909669868648,0.01834862385321101,8.842829993227497e-05,0.06422018348623854,0.000525610928889364,0.027522935779816515,0.0001991341996472329,2
5KBL,3,0.91,6.709354209899902,-1,4.063416866172655,0.0,0.0,0.0,92.26637436762226,4.261544242711918,110.85666666666667,11.239583333333334,0.2849185202347853,0.052083333333333336,0.0006122972699813545,0.010416666666666666,5.204360422794707e-05,0.0625,0.00044101173989474773,0.041666666666666664,0.00035984665737487376,0.020833333333333332,0.00017469240992795676,0.010416666666666666,6.280982779571787e-05,0.0625,0.0003486980276647955,0.0625,0.0005749110714532435,0.0625,0.0006772885099053383,0.09375,0.001699774875305593,0.08333333333333333,0.0007924691890366375,0.0625,0.0005263090133666992,0.010416666666666666,4.297598570701666e-05,0.041666666666666664,0.00042216552537865937,0.052083333333333336,0.00029922660905867815,0.08333333333333333,0.0007407105877064168,0.0625,0.0004840573819819838,0.0,0.0,0.052083333333333336,0.00045186441275291145,0.07291666666666667,0.0010857445886358619,3
3FSA,3,0.94,5.722117805480957,-3,4.062095869127685,0.0,0.0,0.0,96.08551797040168,1.8463616,110.3959793814433,10.391752577319588,0.2281336933398789,0.08247422680412371,0.000801196729298681,0.010309278350515464,6.45261534373276e-05,0.05154639175257732,0.000637461373116821,0.08247422680412371,0.0004841112531721592,0.020618556701030927,0.00035901597584597766,0.05154639175257732,0.00030389107996597886,0.010309278350515464,4.530394289758988e-05,0.061855670103092786,0.0004537819477263838,0.041237113402061855,0.0006503628101199865,0.041237113402061855,0.00039577315328642726,0.08247422680412371,0.000977460527792573,0.07216494845360824,0.0005277773016132414,0.061855670103092786,0.0005139333661645651,0.05154639175257732,0.0011504453141242266,0.010309278350515464,4.2142393795074895e-05,0.05154639175257732,0.0004265632014721632,0.09278350515463918,0.000810167461168021,0.010309278350515464,0.0026253846008330584,0.020618556701030927,0.0001636243105167523,0.09278350515463918,0.0021786398719996214,3
2FK2,3,0.81,5.888656044006347,-3,3.9871015656449216,0.0,0.0,0.0,93.0021052631579,2.5214306233840853,117.77211538461542,9.73076923076923,0.24532532684706598,0.019230769230769232,0.001765475724823773,0.038461538461538464,0.0003228947753086686,0.019230769230769232,0.0001394261053064838,0.038461538461538464,0.0003331837069708854,0.11538461538461539,0.0008382509695366025,0.019230769230769232,0.0004493821179494262,0.09615384615384616,0.0015208552358672023,0.038461538461538464,0.0007929512648843229,0.09615384615384616,0.0018075177213177085,0.0,0.0,0.09615384615384616,0.0011495803482830524,0.07692307692307693,0.0007499381899833679,0.038461538461538464,0.00044832858839072287,0.057692307692307696,0.0011417760979384184,0.019230769230769232,0.0001027541802613996,0.038461538461538464,0.00022188053117133677,0.07692307692307693,0.0009433530503883958,0.019230769230769232,0.0007127969875000417,0.019230769230769232,0.0005454929196275771,0.07692307692307693,0.0022463365457952023,3
2FT8,3,0.94,5.722117805480957,-3,4.088992815045924,0.0,0.0,0.0,96.3476979936642,1.8025884495317377,111.66083333333331,10.21875,0.228094206591913,0.041666666666666664,0.0003818400437012315,0.010416666666666666,6.483545439550653e-05,0.052083333333333336,0.000638222205452621,0.08333333333333333,0.0004921758081763983,0.020833333333333332,0.0003434929240029305,0.052083333333333336,0.00030667585087940097,0.010416666666666666,4.607093069353141e-05,0.0625,0.0004570019955281168,0.041666666666666664,0.0006563856732100248,0.041666666666666664,0.00040575009188614786,0.08333333333333333,0.0009866176405921578,0.07291666666666667,0.0005292990244925022,0.0625,0.0005085846059955657,0.052083333333333336,0.001111596473492682,0.03125,0.0001978290529223159,0.052083333333333336,0.00043419873691163957,0.10416666666666667,0.0009807582246139646,0.010416666666666666,0.002647310495376587,0.020833333333333332,0.00016346480697393417,0.09375,0.002159001538529992,3
1UUX,3,0.96,5.227107048034666,-3,3.8878073321778066,0.0,0.0,0.0,95.3098003327787,1.6789152772027551,105.57379310344827,11.293103448275861,0.18156093708870755,0.11206896551724138,0.0009415045497007668,0.05172413793103448,0.0002686144725885242,0.02586206896551724,0.000565389811526984,0.05172413793103448,0.0002624995249789208,0.008620689655172414,9.22248509596102e-05,0.008620689655172414,4.498666021390818e-05,0.04310344827586207,0.0002262873895233497,0.0603448275862069,0.0005023123812861741,0.0,0.0,0.06896551724137931,0.0015468893107026815,0.11206896551724138,0.003986141178756952,0.0603448275862069,0.0003084818890783936,0.04310344827586207,0.0005620543379336596,0.008620689655172414,3.815910531557165e-05,0.05172413793103448,0.00037103117210790515,0.08620689655172414,0.0005138378473930061,0.06896551724137931,0.0013244935544207692,0.008620689655172414,5.665042044711299e-05,0.008620689655172414,4.129613807890564e-05,0.1206896551724138,0.0008837707573547959,3
2IDS,3,0.94,5.688412284851075,-4,4.052303473891219,0.0,0.0,0.0,96.93196517412935,1.4297777777777778,110.654947368421,10.042105263157895,0.2085291845967119,0.10526315789473684,0.0006813888321630657,0.021052631578947368,0.00015057859127409756,0.021052631578947368,0.0002986887702718377,0.042105263157894736,0.0003355613735038787,0.010526315789473684,0.00011718954192474484,0.010526315789473684,7.608051237184554e-05,0.07368421052631578,0.0004118261276744306,0.05263157894736842,0.00045466565643437207,0.05263157894736842,0.0005202487227506936,0.042105263157894736,0.000459667993709445,0.042105263157894736,0.0005330480053089559,0.07368421052631578,0.0005158361745998263,0.042105263157894736,0.000275457656243816,0.042105263157894736,0.00033144463668577373,0.07368421052631578,0.0005226385546848178,0.031578947368421054,0.00042844045674428344,0.08421052631578947,0.0008863863768056035,0.010526315789473684,0.0004652537463698536,0.042105263157894736,0.000651754264254123,0.12631578947368421,0.001584764220751822,3
4DP6,3,0.92,4.264140892028809,-10,3.881470066552218,0.0,0.0,0.0,96.51907734056988,1.607356392204877,106.74366666666668,9.988888888888889,0.20004943764676802,0.07777777777777778,0.0004653758369386196,0.0,0.0,0.044444444444444446,0.000409855623729527,0.06666666666666667,0.0004171115579083562,0.011111111111111112,0.00021916966943535954,0.011111111111111112,8.415067713940516e-05,0.08888888888888889,0.0006125280051492155,0.08888888888888889,0.0006444792961701751,0.022222222222222223,0.00019670803158078343,0.03333333333333333,0.0003586255479604006,0.07777777777777778,0.0008949317270889878,0.05555555555555555,0.00048545905156061053,0.022222222222222223,0.0002586319751571864,0.07777777777777778,0.0014426002744585276,0.044444444444444446,0.0002857956278603524,0.08888888888888889,0.0007326351478695869,0.022222222222222223,0.0002625923079904169,0.0,0.0,0.022222222222222223,0.00043420447036623955,0.14444444444444443,0.0019505532691255212,3
2GBA,3,0.94,5.688412284851075,-4,4.066218109487452,0.0,0.0,0.0,96.81532338308456,1.469514739229025,110.86589473684211,10.0,0.20657063711911358,0.09473684210526316,0.0006079166196286678,0.021052631578947368,0.00014704761269968003,0.021052631578947368,0.0002982696460094303,0.042105263157894736,0.00033460487611591816,0.010526315789473684,0.0001166637011920102,0.010526315789473684,7.607349834870547e-05,0.07368421052631578,0.0004099391808267683,0.06315789473684211,0.0005118480767123401,0.05263157894736842,0.0005189603543840349,0.042105263157894736,0.0004583252011798322,0.042105263157894736,0.0005328210536390543,0.07368421052631578,0.0005137517000548542,0.05263157894736842,0.0003472740645520389,0.042105263157894736,0.0003303475969005376,0.06315789473684211,0.00046406654291786253,0.031578947368421054,0.0004296396509744227,0.08421052631578947,0.0008862775284796953,0.010526315789473684,0.00046418627607636154,0.042105263157894736,0.0006512097897939384,0.12631578947368421,0.0015810637269169092,3
4F2E,3,0.9,5.109507179260253,-4,4.062940432744269,0.0,0.0,0.0,95.09673254281951,2.2457725947521867,113.14470588235294,10.188235294117646,0.17905175927183806,0.058823529411764705,0.0005291459965519607,0.03529411764705882,0.0004358223231974989,0.023529411764705882,0.00013066609972156584,0.047058823529411764,0.00030161006725393236,0.023529411764705882,0.00015661232464481145,0.058823529411764705,0.00037475588032975793,0.09411764705882353,0.0007953231688588858,0.08235294117647059,0.0006307747098617256,0.023529411764705882,0.00020913576008751988,0.07058823529411765,0.0012728177243843675,0.047058823529411764,0.0004273610538803041,0.058823529411764705,0.00043359320261515677,0.07058823529411765,0.0005136812687851489,0.058823529411764705,0.0009271914605051279,0.058823529411764705,0.00043600902426987886,0.011764705882352941,0.00015152433479670435,0.023529411764705882,0.0002058078534901142,0.0,0.0,0.03529411764705882,0.00033664971124380827,0.11764705882352941,0.0015473527600988746,3
5C92,3,0.95,8.106399726867675,2,4.002822984397411,0.0,0.0,0.0,95.31816503800216,3.1151567958882014,108.09483606557373,13.688524590163935,0.5136350250319034,0.10655737704918032,0.001053733634762466,0.03278688524590164,0.0003399222041480243,0.02459016393442623,0.0013665277510881424,0.02459016393442623,0.0004604242567438632,0.02459016393442623,0.00016624396084807813,0.02459016393442623,0.00048185628838837147,0.0,0.0,0.08196721311475409,0.00042448085150681436,0.02459016393442623,0.00017451598250772804,0.07377049180327869,0.0004590081807691604,0.06557377049180328,0.0006656423211097717,0.01639344262295082,7.093840395100415e-05,0.040983606557377046,0.0002895176876336336,0.02459016393442623,0.00012583839998114854,0.04918032786885246,0.00023660990700591356,0.07377049180327869,0.0008827877463772893,0.09016393442622951,0.0013428303645923734,0.04918032786885246,0.0003281286917626858,0.040983606557377046,0.00023895026242826134,0.13114754098360656,0.0012727719731628895,3
3EIM,3,0.98,4.956610298156736,-12,3.984098158921923,0.0,0.0,0.0,98.00211759868421,1.4326369972760775,112.77785714285712,11.5625,0.16134169884169886,0.08928571428571429,0.0015022215666249394,0.03571428571428571,0.0001725377660477534,0.05357142857142857,0.00030577482539229095,0.07142857142857142,0.0009264485561288893,0.0,0.0,0.0,0.0,0.05357142857142857,0.0007437523454427719,0.09821428571428571,0.0014327336102724075,0.044642857142857144,0.004629805218428373,0.0625,0.0007094484171830118,0.0625,0.0006114729912951589,0.026785714285714284,0.0001158328159363009,0.017857142857142856,0.00012555377907119691,0.03571428571428571,0.0005088019534014165,0.017857142857142856,8.621539018349722e-05,0.07142857142857142,0.000796215666923672,0.044642857142857144,0.000754870823584497,0.017857142857142856,0.00014473086048383266,0.11607142857142858,0.0007079709903337061,0.08035714285714286,0.0010991187300533056,3
4L05,3,0.94,6.111749076843262,-5,3.9699213183961537,0.0,0.0,0.0,95.45295575221239,1.8682872322482713,106.2775862068965,11.681034482758621,0.24504389871484922,0.07758620689655173,0.0005952686769887805,0.02586206896551724,0.0003103722119703889,0.02586206896551724,0.00015031886869110167,0.02586206896551724,0.0002631807583384216,0.017241379310344827,0.0002303681249031797,0.008620689655172414,4.624886059900746e-05,0.06896551724137931,0.0003630562569014728,0.12931034482758622,0.0011724084615707397,0.08620689655172414,0.0018771104514598846,0.02586206896551724,0.00019485392840579152,0.09482758620689655,0.0011147847399115562,0.04310344827586207,0.0002263477217638865,0.034482758620689655,0.001289670355618,0.02586206896551724,0.0008710701367817819,0.06896551724137931,0.00041362346382811666,0.05172413793103448,0.0003757727681659162,0.04310344827586207,0.00021891076175961643,0.0,0.0,0.034482758620689655,0.0002534201485104859,0.11206896551724138,0.001482091611251235,3
6RW7,3,0.93,4.909490776062011,-16,4.155437602923122,0.0,0.0,0.0,92.89051795173631,3.4788714845140625,116.44925233644861,11.205607476635514,0.32262087565182823,0.056074766355140186,0.0007284310995601118,0.037383177570093455,0.00034547646646387875,0.028037383177570093,0.00012822714052163064,0.06542056074766354,0.00045453017810359597,0.04672897196261682,0.0016221858095377684,0.037383177570093455,0.00033076709951274097,0.07476635514018691,0.0005513608339242637,0.056074766355140186,0.00041979874367825687,0.04672897196261682,0.00028677270165644586,0.04672897196261682,0.000695438589900732,0.018691588785046728,0.0001382756745442748,0.018691588785046728,7.645072037121281e-05,0.009345794392523364,7.64115247875452e-05,0.09345794392523364,0.0014446873683482409,0.06542056074766354,0.0004742461605928838,0.04672897196261682,0.0023901246022433043,0.06542056074766354,0.0003493648546282202,0.056074766355140186,0.0003955057472921908,0.028037383177570093,0.00040853029349818826,0.102803738317757,0.0012060630833730102,3
4DP1,3,0.92,4.264140892028809,-10,3.881470066552218,0.0,0.0,0.0,96.51907734056988,1.607356392204877,106.74366666666668,9.988888888888889,0.20004943764676802,0.07777777777777778,0.0004653758369386196,0.0,0.0,0.044444444444444446,0.000409855623729527,0.06666666666666667,0.0004171115579083562,0.011111111111111112,0.00021916966943535954,0.011111111111111112,8.415067713940516e-05,0.08888888888888889,0.0006125280051492155,0.08888888888888889,0.0006444792961701751,0.022222222222222223,0.00019670803158078343,0.03333333333333333,0.0003586255479604006,0.07777777777777778,0.0008949317270889878,0.05555555555555555,0.00048545905156061053,0.022222222222222223,0.0002586319751571864,0.07777777777777778,0.0014426002744585276,0.044444444444444446,0.0002857956278603524,0.08888888888888889,0.0007326351478695869,0.022222222222222223,0.0002625923079904169,0.0,0.0,0.022222222222222223,0.00043420447036623955,0.14444444444444443,0.0019505532691255212,3
4DP4,3,0.92,4.264140892028809,-10,3.881470066552218,0.0,0.0,0.0,96.51907734056988,1.607356392204877,106.74366666666668,9.988888888888889,0.20004943764676802,0.07777777777777778,0.0004653758369386196,0.0,0.0,0.044444444444444446,0.000409855623729527,0.06666666666666667,0.0004171115579083562,0.011111111111111112,0.00021916966943535954,0.011111111111111112,8.415067713940516e-05,0.08888888888888889,0.0006125280051492155,0.08888888888888889,0.0006444792961701751,0.022222222222222223,0.00019670803158078343,0.03333333333333333,0.0003586255479604006,0.07777777777777778,0.0008949317270889878,0.05555555555555555,0.00048545905156061053,0.022222222222222223,0.0002586319751571864,0.07777777777777778,0.0014426002744585276,0.044444444444444446,0.0002857956278603524,0.08888888888888889,0.0007326351478695869,0.022222222222222223,0.0002625923079904169,0.0,0.0,0.022222222222222223,0.00043420447036623955,0.14444444444444443,0.0019505532691255212,3
6EK9,3,0.94,4.911707496643066,-7,3.2976018821556328,0.0,0.0,0.0,95.35220930232559,1.7304214193019605,103.92250000000001,11.225,0.174206570155902,0.2375,0.0027354294434189796,0.075,0.0006445205654017627,0.0,0.0,0.05,0.0005667247460223734,0.2125,0.005154735874384642,0.05,0.00047620953409932554,0.075,0.0009166093659587204,0.0125,0.0001629174075787887,0.0125,5.3122850658837706e-05,0.025,0.00018809457833413035,0.0625,0.0005257482407614589,0.0,0.0,0.025,0.00018098298460245132,0.0,0.0,0.0,0.0,0.025,0.00023517923546023667,0.075,0.0008001301321201026,0.0,0.0,0.0,0.0,0.0625,0.0008021977846510708,3
2RAC,3,0.93,5.688412284851075,-4,4.06014739597677,0.0,0.0,0.0,96.32473358116481,1.5188027210884356,111.07595744680849,10.063829787234043,0.21044937249786336,0.09574468085106383,0.0006140468758530915,0.02127659574468085,0.00014819271746091545,0.02127659574468085,0.00030200296896509826,0.0425531914893617,0.00033861686824820936,0.010638297872340425,0.00011748538963729516,0.010638297872340425,7.664987788302824e-05,0.07446808510638298,0.00041909777792170644,0.05319148936170213,0.00045927168685011566,0.05319148936170213,0.0005229680682532489,0.0425531914893617,0.00046443575411103666,0.0425531914893617,0.0005417102947831154,0.07446808510638298,0.0005210707895457745,0.0425531914893617,0.00031006126664578915,0.0425531914893617,0.0003328686289023608,0.07446808510638298,0.0005286555388011038,0.031914893617021274,0.0004352591058705002,0.0851063829787234,0.0008984953165054321,0.010638297872340425,0.0004706207546405494,0.0425531914893617,0.0006595213199034333,0.1276595744680851,0.0015973846893757582,3
3ZDW,3,0.98,5.907356071472168,-14,4.077833377054779,0.0,0.0,0.0,96.93627266134881,1.9873529937036656,112.48327586206896,12.5,0.43595124851367417,0.07758620689655173,0.0030525827314704657,0.04310344827586207,0.0003786974120885134,0.04310344827586207,0.0005072841886430979,0.0603448275862069,0.0004433994763530791,0.017241379310344827,0.0001122235698858276,0.008620689655172414,5.744506779592484e-05,0.02586206896551724,0.00039418964297510684,0.08620689655172414,0.0005566550535149872,0.08620689655172414,0.0009821708081290126,0.08620689655172414,0.0007608634186908603,0.10344827586206896,0.0008264142670668662,0.008620689655172414,6.236154877115041e-05,0.017241379310344827,7.634186476934701e-05,0.04310344827586207,0.0001769547234289348,0.04310344827586207,0.0005662083858624101,0.034482758620689655,0.0003022100427187979,0.0603448275862069,0.0005151106743142009,0.02586206896551724,0.00026691838866099715,0.05172413793103448,0.00040471163811162114,0.07758620689655173,0.0005192893440835178,3
